,V1
1,-227.510949019634
2,-231.020161992962
3,-236.606802123681
4,-253.556552420537
5,-77.8436152436677
6,-88.7830897258751
7,-85.7698319415987
8,-14.5772124681374
9,-20.2406117361799
10,-29.7792920829213
11,-240.289850656535
12,-240.088220630134
13,-251.404831350656
14,278.712784049053
15,554.928065500228
16,479.901040340286
17,566.090487852459
18,283.990128740775
19,125.187164098299
20,-28.7719987582129
21,-262.566650430369
22,256.506397545619
23,234.062702254292
24,221.142631628163
25,223.885468248177
26,288.760985930269
27,288.470492889861
28,278.059453104513
29,53.4042644211076
30,60.5520008890419
31,53.3043642126151
32,-78.1783197409454
33,-68.59417569233
34,-71.859546948353
35,482.962992027676
36,215.705794342339
37,155.328479154373
38,-147.383325409565
39,-586.072270750653
40,-572.043901184355
41,-614.447379944531
42,-673.567106977311
43,-196.377892125468
44,-196.566815801292
45,-238.273123108954
46,-251.364197079567
47,-70.5731006539712
48,-76.2571505070715
49,-74.3900459382667
50,-19.0169781102545
51,-20.4630223568826
52,-27.5856479331063
53,-217.000296811526
54,-216.597957743294
55,-225.514000666042
56,274.811195147924
57,488.480039884627
58,402.681537239442
59,441.072648456583
60,286.4045764069
61,186.003576991335
62,71.2959711365988
63,-320.769316427717
64,282.797228534673
65,270.272135391081
66,270.442877879728
67,266.871770434138
68,304.122165673897
69,305.430140011858
70,290.786044065029
71,72.3584797172527
72,77.7785105444704
73,71.5370285213905
74,-110.910484401398
75,-102.225420130907
76,-105.859502135105
77,602.350500479575
78,74.3799493057346
79,67.3896676429168
80,-178.451593366768
81,-510.740602987911
82,-468.484915639503
83,-618.448032513391
84,-861.395947026764
85,-230.233476269612
86,-229.126257847161
87,-245.175209212253
88,-256.621581483799
89,-86.2093509314566
90,-93.5244201572709
91,-91.6062693354016
92,37.4023675755783
93,33.0430655801548
94,26.5057122561687
95,-168.322036906891
96,-169.02062808845
97,-175.691633001584
98,160.986985542717
99,555.568502216618
100,452.465756375705
101,503.805754164515
102,214.466441271652
103,51.7720227156382
104,34.6895711619465
105,-325.175315626814
106,282.72717564156
107,268.978026198822
108,269.230229043462
109,269.713807990869
110,296.270721968824
111,298.323782783854
112,288.762894236049
113,40.7354616077073
114,47.7023809591871
115,40.3143022468185
116,-140.426546091178
117,-131.044136765961
118,-134.518670695184
119,615.353418409273
120,146.814555778619
121,105.222106794415
122,-161.686774605972
123,-611.480793492508
124,-454.758605207836
125,-581.915637879789
126,-754.317698921039
127,-225.067423355521
128,-225.690212513086
129,-240.690844965511
130,-254.911700281776
131,-95.2872706473302
132,-105.627322218882
133,-103.021520014391
134,23.0861841136042
135,18.9245779012887
136,12.7724748890401
137,-225.34616851889
138,-226.207021022754
139,-234.938067616825
140,239.327328409362
141,527.397492848213
142,430.675224146337
143,519.784588352003
144,319.251154074168
145,186.902019816666
146,57.8710188976309
147,-399.204512293347
148,266.461754636011
149,251.694022773071
150,242.627956966363
151,243.719644956987
152,286.640925279335
153,289.478219753595
154,279.060566236782
155,48.4237771780223
156,54.1074976328936
157,47.1720035547157
158,-76.5732608066262
159,-67.8222035084697
160,-71.7498765799372
161,546.025120431182
162,145.859183281702
163,83.8044516852818
164,-139.649611034224
165,-569.061809386606
166,-482.951209033122
167,-628.693916309551
168,-748.573237707402
169,-220.352172996305
170,-219.492327321394
171,-243.186811237706
172,-256.821623307405
173,-73.2756115944339
174,-82.2388567720399
175,-80.4497766426881
176,-10.3912149994561
177,-13.3483967193552
178,-18.9730615526725
179,-234.243486335044
180,-233.655837642629
181,-242.237657541939
182,268.627492425904
183,472.335831381658
184,409.534676082395
185,428.332285288091
186,285.825508655569
187,170.348958775918
188,45.0249541156243
189,-151.362872062092
190,307.546355572934
191,293.816005094911
192,293.097957014677
193,290.712516842207
194,319.054203722487
195,321.556046869743
196,311.329937817469
197,56.7527869401016
198,63.2046881685943
199,59.2785146894387
200,-65.7519026764666
201,-58.8230033191035
202,-60.3819910089439
203,508.938970776602
204,56.3514027558212
205,31.998038170293
206,-207.027440441676
207,-548.304056102396
208,-489.677796515012
209,-603.970686415281
210,-879.700547956399
211,-191.211346030443
212,-196.231045595241
213,-216.487278696748
214,-232.835644262091
215,-58.4964418504645
216,-67.3583377507926
217,-66.1513662509268
218,-23.6285975363854
219,-25.4929465059646
220,-33.7944648459868
221,-241.68308110121
222,-239.995300108709
223,-250.096944492691
224,277.581445288
225,498.422096124184
226,399.649867347113
227,467.739198831928
228,328.158694343434
229,136.065041557778
230,38.3840927796372
231,-302.537641244423
232,270.00530587948
233,253.784293038637
234,250.390129211954
235,250.468830414394
236,284.665022562859
237,287.765328093387
238,276.3764713829
239,73.7234737828897
240,79.9070366579275
241,74.3451066724344
242,-61.4536917403766
243,-52.0002583054754
244,-57.4184714797131
245,546.649028249964
246,109.678275752742
247,81.1554138785612
248,-133.644223454473
249,-517.234679735025
250,-460.29514574
251,-645.268494816603
252,-911.598750306457
253,-174.128220192196
254,-167.229469399547
255,-188.811373836119
256,-202.440764630774
257,-63.6824394394265
258,-75.433703673033
259,-72.4880818788206
260,-1.17434487282659
261,-6.91684731767756
262,-17.2724898575522
263,-240.962811101456
264,-238.142802628296
265,-249.872818127106
266,117.602954129258
267,553.085763540919
268,445.263115384968
269,494.261795214791
270,236.227475912599
271,67.3623171211661
272,-48.686620371506
273,-166.560633977364
274,243.850274903265
275,228.296501902519
276,223.627131954007
277,226.207767081233
278,277.855886736023
279,278.863393940249
280,265.210875323073
281,62.5137099744434
282,71.9293496899314
283,62.9324686373709
284,-17.3975190682546
285,-7.63438324512746
286,-9.18250425788297
287,606.506207414869
288,137.786649233615
289,112.29917176155
290,-148.123679728366
291,-633.93790878553
292,-528.965191728079
293,-611.853987056312
294,-840.7842146826
295,-189.297325405498
296,-185.290406211753
297,-213.010292575457
298,-226.037097273944
299,-42.8198123676548
300,-53.726072747623
301,-49.9872523518073
302,20.643207071793
303,16.8085726648106
304,13.3163287127375
305,-245.80508476867
306,-243.669409363891
307,-256.540987836784
308,178.740453626797
309,454.555544530269
310,395.46554560138
311,459.916431724519
312,268.382293241658
313,172.621491729134
314,39.1350407325545
315,-313.401168732572
316,297.576513959708
317,285.463609549421
318,288.457147261683
319,290.474742269358
320,284.741000747614
321,284.69646797574
322,275.862908784714
323,44.0622091996342
324,49.6270904646422
325,42.0959893151016
326,-80.0774082526814
327,-69.2350558181611
328,-74.3102316720967
329,539.238014685333
330,139.665225244475
331,107.955091415937
332,-173.464125748161
333,-532.075226226887
334,-450.752535667466
335,-614.775984763809
336,-935.225442724102
337,-225.729349750799
338,-219.368154569509
339,-251.286062473459
340,-263.078508616172
341,-81.7170462860175
342,-94.9161055042785
343,-89.7082599991826
344,5.52008214482335
345,0.340442443258254
346,-3.78901979943309
347,-210.913309028464
348,-210.258012819022
349,-218.347946844545
350,226.388800895778
351,549.935614981453
352,473.095466821413
353,528.092733815168
354,329.156126100492
355,224.01390974272
356,75.5441164965326
357,-542.975517750754
358,216.151564073589
359,207.479375767595
360,200.178054560085
361,194.79373644447
362,249.401004793532
363,250.324011775192
364,241.113630143293
365,57.5189850094715
366,65.1790248924742
367,57.7373356255101
368,-65.4467625161219
369,-58.8437071815501
370,-61.7048857106546
371,554.709171531732
372,160.474984236962
373,121.856492086923
374,-88.0591942463621
375,-561.845757469777
376,-465.538345688062
377,-601.87123757225
378,-673.607480556055
379,-167.81249369288
380,-153.538462669429
381,-195.351891724855
382,-217.50843740108
383,-79.0516599760233
384,-92.5545052147966
385,-85.3764802857382
386,47.5941527630809
387,39.9542867269197
388,31.4393533299319
389,-247.155814395138
390,-243.96909681359
391,-262.678620734356
392,175.217555275668
393,566.144690729752
394,484.498559825427
395,559.490323061288
396,307.357909922265
397,121.381790216409
398,-89.8459737490119
399,-498.235185193847
400,197.014222859915
401,180.632523234141
402,173.235271871643
403,173.525968445932
404,246.08258857946
405,244.014012625636
406,224.915569877835
407,-0.492713651421336
408,8.43593493633095
409,-1.90450014758459
410,-77.7514237509543
411,-66.632662075929
412,-65.2466498175785
413,624.823623733438
414,257.008986014504
415,159.881818505763
416,-31.2484535323774
417,-504.66436114441
418,-489.782348765863
419,-534.898189426636
420,-716.949218371844
421,-169.094804487336
422,-174.112952394569
423,-191.511102413345
424,-201.455833967551
425,-56.6943406764973
426,-62.9649853966602
427,-60.850009407518
428,-10.113670620839
429,-13.6131811737887
430,-20.81009977641
431,-234.027665930035
432,-232.952417071483
433,-244.91115593806
434,218.876213098376
435,495.374286584912
436,413.254077605706
437,498.343220409319
438,207.817226457655
439,71.116859814403
440,53.2494880474712
441,-284.919152763745
442,264.225347483491
443,252.116437675957
444,246.376577116957
445,247.613113304292
446,278.349508364393
447,280.885463539473
448,269.645873176263
449,63.2705103512623
450,70.4373793104985
451,57.28218616329
452,-54.3648342795634
453,-45.7172416237322
454,-50.0847681312569
455,520.695471426539
456,166.676515417132
457,127.712186499737
458,-77.8125060774712
459,-592.275145047436
460,-469.90222792451
461,-585.349869969226
462,-969.779976776091
463,-217.423517780127
464,-214.086055467346
465,-227.512359768709
466,-243.393586196249
467,-65.7144413172921
468,-74.6738183318867
469,-72.4289256330341
470,-6.22148118486096
471,-11.8563388738706
472,-19.2504889423173
473,-171.556317045273
474,-170.871663229356
475,-182.614371925089
476,201.428346168846
477,520.402071926125
478,448.001093445513
479,500.416369881663
480,178.13581322834
481,80.1963768948241
482,24.4833229198258
483,-275.460028769726
484,266.252037669038
485,252.470399967542
486,238.624649753238
487,236.831814394539
488,298.169537687715
489,301.932969247335
490,284.101944118325
491,74.391467490174
492,82.8539368805714
493,74.2744956232692
494,-96.7444906816366
495,-85.9233959309339
496,-91.4362936898269
497,616.959459246425
498,157.560078089011
499,94.3657983985546
500,-170.716207729488
501,-600.865177925099
502,-489.946562055896
503,-583.220755191351
504,-859.935705361512
505,-198.239694027461
506,-198.558278694125
507,-236.313637822123
508,-250.307345044718
509,-56.7928961684145
510,-63.2636713761135
511,-63.1429119989618
512,-38.2079471605232
513,-42.1830500606372
514,-50.7817460320241
515,-229.127368813183
516,-229.865676266345
517,-237.54418195861
518,257.237727150317
519,454.528714236715
520,424.875251060408
521,466.467228044041
522,291.652003092954
523,180.931400627521
524,58.5281430645505
525,-239.892061853265
526,314.29479977158
527,300.289771711153
528,308.537521709755
529,307.89063274597
530,288.112031488201
531,290.932976353724
532,280.634269137724
533,75.5740376801488
534,85.1834906333122
535,77.357814049234
536,-84.7015559274422
537,-76.6638151637441
538,-80.6162763881945
539,435.02554548459
540,79.4204988732949
541,82.9352172613038
542,-87.8109636960108
543,-578.457617377763
544,-523.750722324542
545,-625.609047133709
546,-868.578608888584
547,-235.602912113923
548,-233.961460794736
549,-258.03809233445
550,-270.561601241499
551,-76.4821357325416
552,-83.9508431594287
553,-83.4484646534154
554,32.4009039889642
555,29.9745637769455
556,22.7530014052332
557,-241.298068944135
558,-241.893271046136
559,-253.827061969271
560,247.789283603101
561,465.616470535374
562,341.327900452611
563,506.314391505468
564,395.817778091793
565,246.954423742429
566,89.8174731167705
567,-399.702278229155
568,240.421549627344
569,231.308967121957
570,224.665355282207
571,222.502468825167
572,266.731665996401
573,268.637709319025
574,259.31994539874
575,55.0120649503348
576,60.8010605319605
577,50.9688865262392
578,14.9807913641816
579,27.1181478626725
580,16.9438215160326
581,468.434100385636
582,102.00915399039
583,83.3104493598388
584,-74.7659608853489
585,-616.551313743833
586,-509.068481989715
587,-704.877101497804
588,-687.903279941426
589,-233.029227146276
590,-228.153912113563
591,-245.726204781398
592,-263.324331194628
593,-94.608742032286
594,-105.725507767227
595,-103.163051435578
596,-1.89901637708526
597,-6.25249465422686
598,-13.209826168801
599,-244.144273600646
600,-242.081012530167
601,-255.695650233269
602,273.907927344066
603,574.1559687951
604,451.017522175102
605,543.484765500912
606,383.885755428916
607,186.638953829636
608,14.4252065144817
609,-390.502849553064
610,245.471760677214
611,227.464857111697
612,217.561505960918
613,216.040367819032
614,276.912851452774
615,280.231506943682
616,264.732163000849
617,45.358196925666
618,52.6092935335772
619,43.5073136293187
620,-91.7402165363185
621,-81.255991838854
622,-83.3935249273446
623,579.601586775984
624,119.081733659782
625,92.7171172749043
626,-128.290426647785
627,-563.404179070462
628,-478.0935887461
629,-627.829155459532
630,-607.283171539002
631,-214.265750781578
632,-215.272824728063
633,-259.578099216228
634,-274.495879525882
635,-70.4162018287582
636,-80.0256973863663
637,-83.6946795834164
638,-12.6336710614249
639,-16.9178679452754
640,-26.4829870769287
641,-239.538304617152
642,-238.877986327751
643,-249.150755644728
644,307.313123144359
645,467.146498638753
646,397.575333366557
647,421.054268140004
648,219.399922517618
649,150.953311606652
650,67.8483481718946
651,-49.9400998622856
652,320.257002289592
653,306.410641744057
654,334.442707032337
655,337.042488286566
656,295.301764834556
657,301.650405852554
658,287.79295120053
659,56.6768921974721
660,62.6920904861714
661,58.3930985019075
662,-88.0143266758627
663,-76.2989749034067
664,-80.9565532999149
665,530.063250613088
666,-8.76040531845504
667,-7.62994001728696
668,-190.67455498905
669,-518.04843398025
670,-445.928538690984
671,-603.862603154511
672,-870.548962009112
673,-227.876698329283
674,-226.533307746346
675,-243.907194214375
676,-259.228433863153
677,-90.4819475209231
678,-102.711389215577
679,-98.040324799276
680,19.3602336336241
681,12.2109053586276
682,4.81363376558215
683,-212.929874085136
684,-214.241649168774
685,-221.471456615821
686,206.38140016681
687,576.769358154949
688,490.799000582247
689,471.64310950109
690,247.691463811511
691,112.871704477305
692,51.0587914259608
693,-296.177325319041
694,280.816672218751
695,266.543796654597
696,264.067209558915
697,266.558641211542
698,304.526707820005
699,304.807241457132
700,292.012890724251
701,24.8439437454879
702,33.8346244144221
703,27.6181871164109
704,-112.512474214307
705,-101.216049031981
706,-105.964612595931
707,628.470003249815
708,64.5450223801993
709,53.5453792784086
710,-111.09844175396
711,-546.653727819378
712,-477.768158162113
713,-605.963258673524
714,-751.013597578744
715,-197.943051366913
716,-199.618111006845
717,-238.308952531681
718,-255.788254787801
719,-81.4900854125537
720,-93.9047676501589
721,-93.1044437917378
722,-16.9264411350059
723,-19.3637594005448
724,-26.8144219188514
725,-221.901496352436
726,-221.482689252794
727,-233.529365751529
728,307.991040411917
729,455.005679034675
730,392.755295366569
731,464.458522934457
732,285.391203999466
733,153.471342517314
734,60.4062757717607
735,-219.303519677307
736,288.884977251129
737,275.861030021469
738,276.316442108703
739,273.478661426978
740,296.753524695586
741,299.399687726653
742,284.281357162784
743,64.1603905573728
744,69.4794803620063
745,61.342605304405
746,-56.6173883585005
747,-48.7589453514678
748,-53.2917811018829
749,558.459318135084
750,46.1418394436074
751,64.2658941107888
752,-148.175010997737
753,-588.899562043643
754,-456.330910855932
755,-605.816863386536
756,-900.934746210868
757,-205.71052006035
758,-200.848978400873
759,-215.184877135732
760,-231.337587745397
761,-66.3682927370072
762,-75.0711394917708
763,-72.0156675685291
764,-1.60755409682128
765,-8.18831300851777
766,-12.3931542973238
767,-208.410244254184
768,-208.037021588872
769,-218.005383738496
770,258.77871282095
771,519.842097986908
772,389.320880942593
773,528.39786891465
774,313.432392605454
775,122.392288117719
776,49.5402442828762
777,-458.525751547277
778,252.353684444299
779,233.691427322053
780,225.078098388702
781,224.550076542324
782,288.19770722259
783,287.005596441288
784,278.292007547954
785,64.8347390496239
786,72.740048835645
787,61.5837510159103
788,-108.203115808123
789,-97.3352995032383
790,-102.55753133303
791,554.035039882994
792,154.999774018102
793,140.844834582448
794,-84.8099843171409
795,-524.580850779223
796,-477.515083051587
797,-616.230685625046
798,-826.974234876546
799,-209.524173196136
800,-212.743305974708
801,-237.245084736396
802,-251.675011183035
803,-54.7099656147511
804,-64.8576110645365
805,-64.1960234186168
806,-50.3518111341963
807,-55.2335006204229
808,-62.6900293343314
809,-209.026579245832
810,-207.516627832557
811,-218.946275907716
812,322.217463286881
813,476.562797315785
814,392.298857992402
815,422.803121453473
816,284.285177466405
817,177.331668119896
818,89.5996290088193
819,-266.382715380423
820,295.301744393004
821,280.128095956933
822,277.738298703554
823,276.802500622197
824,283.080128150814
825,286.938346589887
826,274.662307546299
827,101.19229440389
828,109.197243988673
829,100.007779696344
830,-63.2541044265085
831,-53.5346835707694
832,-57.4788353795135
833,411.322823114345
834,103.768420532585
835,96.8176499767385
836,-146.16117798848
837,-538.037377877921
838,-450.367643114858
839,-641.104388692708
840,-947.019422624498
841,-212.630712034825
842,-208.329657050952
843,-229.470958359689
844,-243.872902586947
845,-69.420580457113
846,-81.6060559463001
847,-76.4442529791415
848,-12.322196427553
849,-15.581844279348
850,-23.6581095521282
851,-208.917791529232
852,-208.6409513723
853,-219.429563587555
854,249.582069299512
855,538.5985800147
856,453.231759009563
857,481.056061098014
858,181.019470542848
859,81.2454820427796
860,-33.6394655932779
861,-140.768380251055
862,273.111933690799
863,256.580014987857
864,252.045975114893
865,251.318017454302
866,296.522926868997
867,297.639720413114
868,286.926458123258
869,75.3105212875248
870,82.6544934330447
871,76.75962054582
872,-91.7260386680935
873,-84.3479938956745
874,-89.4416976857641
875,601.433219206241
876,111.243842712822
877,86.1362927600294
878,-121.539193555178
879,-607.42622557541
880,-518.902606597917
881,-611.345459105255
882,-822.953821515413
883,-205.482844507077
884,-204.302053604722
885,-280.343724617207
886,-293.409767725936
887,-73.9335438543615
888,-84.9876113462219
889,-82.3190334150039
890,12.1282471911165
891,7.67843304665045
892,-0.693509571867608
893,-223.202550964564
894,-224.361272912528
895,-235.824159290584
896,219.298575239522
897,582.423294372709
898,475.567455747229
899,490.551528652978
900,247.499278803332
901,230.086330769762
902,36.6106621643235
903,-392.983734177549
904,239.614062230652
905,224.664960148988
906,236.383710579954
907,235.016318182759
908,269.93354576236
909,271.599412273797
910,256.312723098968
911,44.6285376419597
912,51.5347621860046
913,43.8074027871609
914,-94.6339303950461
915,-83.2999606609254
916,-87.678543012362
917,673.034599707626
918,81.2911818533745
919,62.2158643907761
920,-185.709889594186
921,-512.270518574984
922,-369.449957968912
923,-591.013769107813
924,-765.980511530153
925,-207.216918858022
926,-203.46926010553
927,-228.319257918789
928,-240.180866737733
929,-55.2998646246444
930,-64.6001958686591
931,-60.8424122253063
932,-37.1671568126874
933,-40.3485595592127
934,-50.4574147244719
935,-232.705930707027
936,-230.844090466314
937,-242.551993717813
938,312.99480480132
939,521.825849390249
940,448.163308469368
941,471.533972617379
942,231.056140505054
943,74.8723916978602
944,25.7633761793678
945,-192.205921334388
946,279.320443927602
947,261.109339227691
948,259.279143211201
949,258.589170529571
950,289.692614365912
951,291.167310386439
952,281.01952615185
953,95.1305276350002
954,100.319856488684
955,95.8928269398399
956,-120.739892127411
957,-113.144769444125
958,-114.833642733903
959,576.802368578063
960,102.113977717935
961,74.7927581700964
962,-155.363380354636
963,-542.540916367908
964,-444.890308218559
965,-577.518876212316
966,-896.198077871032
967,-218.925875328252
968,-212.58122210259
969,-268.823611084184
970,-283.939229752376
971,-94.8979289705488
972,-106.24844173612
973,-101.822468292857
974,3.16267168681037
975,-2.25023917650934
976,-13.3876107136108
977,-216.882483844935
978,-218.206788835219
979,-227.479899720553
980,351.713922970696
981,546.425111564036
982,421.984369540993
983,496.302700648988
984,311.217389876452
985,137.85026639638
986,32.2384072090613
987,-335.449040335661
988,236.71290361931
989,221.78643991256
990,225.020814224024
991,231.283672567784
992,264.172972630262
993,266.69054592711
994,256.000605841095
995,57.6595581881282
996,66.1086191625674
997,54.443129591471
998,-73.176110295568
999,-63.7377825250735
1000,-66.7982512751337
1001,625.484736798912
1002,158.284006826562
1003,96.6948450699594
1004,-158.858026825021
1005,-590.231968867682
1006,-432.235639535533
1007,-635.971948547307
1008,-739.333122488427
1009,-249.837656108867
1010,-249.129333932527
1011,-260.977511485756
1012,-278.143358656801
1013,-108.490785985491
1014,-120.515629348968
1015,-115.345826381216
1016,-17.6884349203143
1017,-19.7172452126861
1018,-32.2839904965089
1019,-191.739522044021
1020,-196.98353482603
1021,-203.557794480166
1022,266.466904199973
1023,580.137338804921
1024,486.772676979997
1025,526.133350046715
1026,302.157733136026
1027,130.289567483541
1028,-40.9008627638349
1029,-206.646084007987
1030,258.580146934826
1031,241.768737341176
1032,232.137453582011
1033,233.7927858929
1034,287.025974434535
1035,290.660618538177
1036,276.330824964738
1037,45.4675019112595
1038,53.622087684501
1039,46.0992612334889
1040,-130.87623453336
1041,-124.110080021209
1042,-132.648422420333
1043,637.900312387937
1044,104.098555802677
1045,82.0418104737167
1046,-199.253153687255
1047,-655.779635817106
1048,-495.457946378159
1049,-578.728179654279
1050,-472.67241867024
1051,-228.249387153478
1052,-234.665321685703
1053,-255.645047580128
1054,-267.561057387433
1055,-134.963220808298
1056,-142.804363681678
1057,-144.12485074101
1058,6.39248080327009
1059,2.22870972233247
1060,-5.31172985406035
1061,-157.846898655233
1062,-158.067875741048
1063,-170.610914794579
1064,315.121840991066
1065,527.110032546272
1066,463.75467862536
1067,524.583090643561
1068,382.493169356139
1069,54.2836672711467
1070,-4.61371122392905
1071,-371.503290652572
1072,268.197954044845
1073,254.477664831205
1074,250.25046422236
1075,246.931916672261
1076,270.065980207255
1077,274.532109094454
1078,258.748911794747
1079,57.9766025911988
1080,63.9725726926403
1081,53.8885999594104
1082,-173.228091885705
1083,-165.463669893693
1084,-169.972589388484
1085,594.899197897964
1086,123.330141257143
1087,88.5992760744185
1088,-183.289316167488
1089,-611.602704296415
1090,-265.555534618412
1091,-638.683098542939
1092,-598.07638654676
1093,-226.21966377978
1094,-223.266096426007
1095,-246.651445678317
1096,-260.931605214688
1097,-68.3772381233959
1098,-76.7781506242131
1099,-77.1715716523633
1100,-44.5273118418839
1101,-48.5421878170624
1102,-54.8463981543353
1103,-220.385173746823
1104,-221.49542512242
1105,-229.550648429974
1106,301.848685818482
1107,497.30191583715
1108,414.981068024825
1109,434.053556019391
1110,258.249163728575
1111,148.170258906142
1112,67.0487407253445
1113,-122.910472448645
1114,309.641776203067
1115,295.602495170164
1116,293.162253618122
1117,293.292607636767
1118,298.347664622784
1119,302.656980640195
1120,291.769840761754
1121,95.4685108293941
1122,103.221750426577
1123,96.5268486497298
1124,-88.2837987676689
1125,-79.9946675884841
1126,-84.1112112161001
1127,507.692389219677
1128,46.8913778588531
1129,34.4373304283497
1130,-210.691114736237
1131,-570.5577429326
1132,-495.367397991387
1133,-577.058786405804
1134,-862.647106427146
1135,-202.85072986478
1136,-207.446495296323
1137,-231.388386839894
1138,-241.265738988343
1139,-65.0517667557269
1140,-73.0608896899061
1141,-69.4592284015782
1142,-7.78458730260372
1143,-11.5778352176353
1144,-18.6494123217922
1145,-269.319543636211
1146,-267.616696110914
1147,-276.534161512857
1148,256.972154556523
1149,517.416560436008
1150,415.601917856458
1151,496.353283633834
1152,287.965971163768
1153,170.077233194795
1154,64.1999756685389
1155,-266.581624571363
1156,275.509562639093
1157,265.762614387851
1158,268.951383470728
1159,269.464160615074
1160,262.304876338674
1161,263.932492215227
1162,255.511351119542
1163,59.6131938217819
1164,67.3451304676537
1165,59.5094276606635
1166,-34.8092528758735
1167,-28.26781940931
1168,-29.9138378369032
1169,527.46590109684
1170,94.2337072205513
1171,83.5797632860959
1172,-148.706668309732
1173,-554.336637965484
1174,-463.453768479342
1175,-593.661304490795
1176,-900.034274972332
1177,-145.414879239231
1178,-141.878930815649
1179,-178.593893616477
1180,-191.74266690345
1181,-36.1012422199834
1182,-43.2917708071423
1183,-40.6922057817168
1184,18.0316592391595
1185,14.8898877905991
1186,8.00039453553894
1187,-212.167719153641
1188,-211.368105329456
1189,-221.231014537112
1190,167.150218496015
1191,417.405772106034
1192,354.607146578802
1193,461.383211140346
1194,369.390780747036
1195,100.917833283486
1196,-36.0324633639818
1197,-453.262012149175
1198,251.275046764825
1199,239.256969996742
1200,241.904462920728
1201,247.014411865766
1202,271.871597447388
1203,272.321311882091
1204,263.53510029303
1205,68.2937895256276
1206,73.0599349061026
1207,65.2789478145094
1208,-97.7675612033116
1209,-90.0175480576268
1210,-90.8541164105635
1211,505.272249890598
1212,243.847215952188
1213,197.195774316602
1214,-71.6308814420726
1215,-551.755891097336
1216,-497.175960187726
1217,-665.879578578849
1218,-875.045276598714
1219,-188.549816276032
1220,-183.166153398313
1221,-201.594543869084
1222,-215.396685777565
1223,-45.612416465955
1224,-54.4216185813353
1225,-50.9782181219083
1226,-15.076700947332
1227,-17.2946456923063
1228,-27.454473197852
1229,-238.290557145275
1230,-236.163292809795
1231,-249.748712874736
1232,201.979116065218
1233,489.052307248369
1234,403.766451137811
1235,472.844075565236
1236,323.9117571192
1237,176.90910417634
1238,52.8179561297683
1239,-397.532932284453
1240,242.851456623671
1241,228.320321132267
1242,222.933166893926
1243,227.820076212328
1244,269.642338608106
1245,270.859620853198
1246,262.251709632419
1247,55.2949706660032
1248,63.4561230789533
1249,57.0221964759801
1250,-16.9592291800925
1251,-10.005724581564
1252,-12.6237078520424
1253,543.728061347151
1254,160.034587202826
1255,121.572361435209
1256,-113.941608494467
1257,-571.457911102016
1258,-488.630412658916
1259,-602.487777247124
1260,-909.680619045813
1261,-199.327872360049
1262,-191.695439698811
1263,-251.852141523952
1264,-262.698128988027
1265,-46.2100386405877
1266,-58.7674648532822
1267,-52.3934467439309
1268,-26.5469977509476
1269,-31.6689172121384
1270,-45.4273428062957
1271,-214.347281375004
1272,-214.642194011707
1273,-225.107059417218
1274,257.834552827475
1275,591.098148127762
1276,447.083729865224
1277,392.984054095014
1278,40.3384625141464
1279,202.492914212001
1280,88.0343497018405
1281,-199.181885961512
1282,241.836348990035
1283,222.417235200271
1284,222.691050340561
1285,213.223192418752
1286,285.982252175905
1287,283.321576719686
1288,270.635892473465
1289,59.1902408007317
1290,68.7583302279711
1291,61.5056330739977
1292,-68.4333367512899
1293,-58.5861654786845
1294,-62.7486541499583
1295,597.22559874922
1296,-16.004265974796
1297,-6.06988450938981
1298,-251.29900181866
1299,-98.3769544190294
1300,-403.80920236857
1301,-641.264559355303
1302,-920.195326344912
1303,-228.569546861911
1304,-219.374095532776
1305,-265.836191787633
1306,-285.766180770158
1307,-56.7139094733576
1308,-70.064063876818
1309,-63.6356901923304
1310,-7.44501756013217
1311,-15.3655361934815
1312,-23.1338848778237
1313,-276.790119652334
1314,-273.910749088053
1315,-286.647291685415
1316,276.925292671482
1317,550.809324118973
1318,461.321576108015
1319,454.956988044502
1320,206.765429127536
1321,83.0748618980322
1322,87.4702841725402
1323,-48.0714785888572
1324,266.615525820855
1325,253.039501164927
1326,259.335148896052
1327,264.384082400388
1328,296.049639870685
1329,300.213251947592
1330,284.860804920773
1331,56.7134621399548
1332,66.4675698556934
1333,54.8914880795872
1334,-45.3535235384929
1335,-33.7115368369451
1336,-38.1179888319512
1337,574.251906530105
1338,46.5610000730827
1339,25.4767321084449
1340,-208.412417977928
1341,-577.242540650383
1342,-510.431013550219
1343,-538.631608600388
1344,-796.959483821834
1345,-240.377051212491
1346,-235.6180512475
1347,-248.539317301769
1348,-267.128623722199
1349,-72.3457718308898
1350,-87.6659002100304
1351,-89.4150101115249
1352,-3.1994010501197
1353,-6.72086747060757
1354,-21.5021681290142
1355,-233.879551182629
1356,-235.005167656955
1357,-249.846419606436
1358,271.889240230355
1359,548.593486456234
1360,439.256987268147
1361,516.16824333116
1362,223.445986971522
1363,133.75443633761
1364,53.5144629768085
1365,-195.379542839673
1366,280.514435952711
1367,258.754392978733
1368,243.374078820433
1369,238.807157474964
1370,320.87830609956
1371,322.591445226409
1372,305.079301290759
1373,80.7495846184924
1374,88.8469262834359
1375,78.8573255173513
1376,-125.224266649504
1377,-104.741474272315
1378,-118.384434299249
1379,572.981950700832
1380,94.8383992833999
1381,82.9902077305226
1382,-218.414788032777
1383,-597.561373600462
1384,-481.099061388057
1385,-620.10910412196
1386,-703.72900961328
1387,-170.407118225424
1388,-175.135706077843
1389,-229.51480758296
1390,-242.450305410562
1391,-35.4662270252187
1392,-44.535364255736
1393,-41.8933518774585
1394,-10.1244041864892
1395,-14.9223804985382
1396,-25.7565963012854
1397,-252.655210353305
1398,-253.455798219801
1399,-268.916338424569
1400,234.873284435687
1401,484.834876470735
1402,401.461213399661
1403,476.413981804425
1404,323.50532180297
1405,190.84432201757
1406,-24.4212591127028
1407,-322.278132379157
1408,262.823181984494
1409,253.463367546484
1410,261.7837519322
1411,264.053838979863
1412,270.293232479607
1413,271.535441637409
1414,261.871991236483
1415,35.0170989808604
1416,45.0577410504779
1417,35.0808503194932
1418,-46.9192305017332
1419,-34.7258355400702
1420,-41.0377381864871
1421,514.235033995443
1422,172.132137424541
1423,144.297124925756
1424,-102.57737021713
1425,-496.993396833466
1426,-512.374777912699
1427,-705.600718212697
1428,-851.415725088818
1429,-201.243838565261
1430,-202.229395165531
1431,-217.869173203087
1432,-230.760581580019
1433,-29.3476615502589
1434,-40.0456144115151
1435,-35.7122487989669
1436,1.69598898766235
1437,-1.55370278501212
1438,-11.3046715741489
1439,-238.274490407429
1440,-239.839109939918
1441,-254.416985881525
1442,333.013914042253
1443,510.085544559146
1444,413.842940367228
1445,368.154446356975
1446,333.457435281515
1447,128.20259102034
1448,80.717959265843
1449,-466.573346018291
1450,227.782992573913
1451,209.090320967056
1452,204.627130017568
1453,201.224445839539
1454,279.678050225985
1455,279.175267211902
1456,266.327599055446
1457,55.5279245861546
1458,65.1640409290042
1459,54.4498510076888
1460,-95.1252033372637
1461,-81.680341717416
1462,-88.8918367499853
1463,543.760623059409
1464,227.652336353015
1465,172.786486573253
1466,-75.0146597493992
1467,-526.932247057076
1468,-444.283996787741
1469,-624.113308636302
1470,-851.205474364756
1471,-201.042524213907
1472,-196.941089635599
1473,-216.234389585059
1474,-230.846311862524
1475,-67.4836732076757
1476,-78.3959730500813
1477,-75.1754279927954
1478,5.0864022064709
1479,-1.22612574694313
1480,-12.6046344627767
1481,-213.424014073624
1482,-216.564213831703
1483,-228.63833219381
1484,220.955731457244
1485,474.457151784316
1486,363.869057821804
1487,442.239237714147
1488,294.147797216065
1489,178.279002314411
1490,108.835909999826
1491,-349.293580657787
1492,280.614789799714
1493,266.940816373549
1494,260.718736671465
1495,261.557870686935
1496,291.065887369382
1497,292.507417227574
1498,277.662355549478
1499,72.6982108585131
1500,79.7799449927744
1501,73.1033343656447
1502,-51.9876958513336
1503,-42.8488101757454
1504,-47.4489394008048
1505,534.31155013005
1506,98.2752383590176
1507,101.367885614568
1508,-150.724949840461
1509,-595.055329977697
1510,-485.373609729997
1511,-609.661610092066
1512,-907.503092930559
1513,-241.222683130636
1514,-236.3390815249
1515,-261.427334208502
1516,-271.547407357284
1517,-45.6534798147448
1518,-54.9684931674952
1519,-50.3056955550359
1520,-7.66989819555161
1521,-14.8297809763747
1522,-17.4640562905024
1523,-181.946095817368
1524,-184.257872212153
1525,-195.72801613683
1526,311.471693281211
1527,554.977364393777
1528,477.015880925666
1529,495.907371769601
1530,278.64288104342
1531,83.765753064193
1532,-37.3201725242084
1533,-401.100877566279
1534,241.042030186575
1535,225.129892642714
1536,216.014519538904
1537,213.474773413162
1538,281.813116808264
1539,281.608352357592
1540,273.449227202234
1541,66.3849666141353
1542,71.2651520853839
1543,60.4772092863342
1544,-211.99386727963
1545,-203.077800956055
1546,-208.367515328648
1547,631.916386377745
1548,215.321858712283
1549,159.403782582466
1550,-177.496991013553
1551,-505.483780545669
1552,-385.238743441701
1553,-615.195880912473
1554,-630.446688330064
1555,-196.162963340785
1556,-193.013279682153
1557,-226.833203626223
1558,-239.787917704703
1559,-97.9189840788496
1560,-109.306689630316
1561,-105.32187951171
1562,12.369974649555
1563,7.80587876083438
1564,1.97176471853755
1565,-230.502119842211
1566,-229.70359356516
1567,-240.824618707615
1568,217.828561731006
1569,545.542235854353
1570,473.143400318223
1571,529.630192580858
1572,311.790925758653
1573,164.580961712771
1574,74.3840592933457
1575,-469.672705688412
1576,225.430026450867
1577,208.731422199021
1578,212.218618829883
1579,210.792085722289
1580,238.215169145594
1581,238.928009273069
1582,229.532708780906
1583,58.2675115146788
1584,63.9928600355393
1585,58.9250824496607
1586,-43.2159391152299
1587,-35.5891902752931
1588,-38.7806223153554
1589,570.957406738248
1590,190.734510450846
1591,151.620544118021
1592,-147.016264533176
1593,-588.953109617692
1594,-448.801298167858
1595,-620.996077879257
1596,-734.993453804756
1597,-215.549856199114
1598,-214.435043443646
1599,-249.725989486706
1600,-266.795474202973
1601,-50.9240319446956
1602,-59.0934001593438
1603,-56.172180898299
1604,-16.3296391124494
1605,-22.2449999891379
1606,-31.9937683097495
1607,-232.106388629708
1608,-233.235090317348
1609,-242.610837350629
1610,276.788723954968
1611,573.095022422454
1612,454.962428470454
1613,478.552577018057
1614,214.651927350404
1615,81.5145935568588
1616,2.43024516337529
1617,-190.778817892772
1618,265.824290424826
1619,251.633854503218
1620,254.13503400126
1621,253.077767656286
1622,268.812067224247
1623,269.054449567967
1624,255.605758498051
1625,81.0525367381501
1626,88.8006766292427
1627,80.2004888818373
1628,-99.9697515677792
1629,-92.2402962134601
1630,-96.8388755517691
1631,619.519762733028
1632,87.701731048366
1633,97.244467182591
1634,-169.151436001777
1635,-586.613009203388
1636,-402.238693671037
1637,-548.707406660273
1638,-876.903416219583
1639,-187.057750760794
1640,-182.442349567866
1641,-199.256648983968
1642,-213.788223235195
1643,-58.3613107355031
1644,-66.7345059163368
1645,-65.8287405089441
1646,2.29367493953207
1647,-2.34580535458177
1648,-12.2306733121818
1649,-227.721317907232
1650,-226.942829257081
1651,-238.65063542618
1652,297.165602698955
1653,413.638985382807
1654,334.031132450791
1655,475.745867972993
1656,335.522070705093
1657,190.033175107388
1658,35.2561742473245
1659,-402.325892539023
1660,287.46798854242
1661,272.367773714275
1662,264.650035579986
1663,266.197111759165
1664,293.87195925061
1665,297.130139171867
1666,285.849792861347
1667,50.9947075428895
1668,58.2639706587776
1669,46.4147097523742
1670,-94.9578440541505
1671,-86.1260624712634
1672,-91.6543596093579
1673,449.809334308543
1674,179.79633427368
1675,159.186780766987
1676,-100.676590950401
1677,-526.096181015689
1678,-437.641896951311
1679,-685.984007257688
1680,-888.863695873059
1681,-217.53008577632
1682,-213.609855857732
1683,-246.821149371529
1684,-262.711871766065
1685,-65.5612387848262
1686,-74.5259472064069
1687,-70.1841764655178
1688,-9.01283773347537
1689,-13.956594624487
1690,-22.1857695353624
1691,-214.814785055205
1692,-217.090329146474
1693,-227.903650758678
1694,213.020378387477
1695,566.710273555815
1696,463.784148472646
1697,531.908355038633
1698,283.41214369372
1699,138.346426702781
1700,35.397318522498
1701,-376.67075229149
1702,239.398828468569
1703,226.549588764141
1704,219.458541594834
1705,216.935108539034
1706,283.206023227918
1707,282.576455026892
1708,272.070445961824
1709,63.1035068963438
1710,69.1796457546455
1711,61.4189426851725
1712,-76.0046393000503
1713,-67.5936791485196
1714,-72.6944323837339
1715,593.622009139259
1716,154.068298082862
1717,126.695665263756
1718,-171.564111826443
1719,-536.227330559136
1720,-497.105526852495
1721,-644.286563007427
1722,-742.806776327444
1723,-255.788839579492
1724,-255.194019566563
1725,-275.615648632643
1726,-290.833145030482
1727,-79.5469583906472
1728,-88.5589857472839
1729,-88.9771168604588
1730,29.518126249791
1731,25.110837973194
1732,16.2568435852966
1733,-218.071332755831
1734,-217.309332623617
1735,-233.621083419565
1736,289.814486824593
1737,528.621809740711
1738,449.518703879497
1739,486.812782754866
1740,169.267048707118
1741,173.839772760247
1742,85.4068292621636
1743,-250.650779130894
1744,304.940132866574
1745,286.683783090426
1746,280.057715333452
1747,279.393206801661
1748,300.391723209499
1749,305.159068833552
1750,286.925948563691
1751,18.1690486881911
1752,24.8577637861564
1753,14.4192277655148
1754,-105.372294121561
1755,-94.2414464875674
1756,-98.4280544544328
1757,585.324910965504
1758,38.6480920670011
1759,36.408189053012
1760,-193.494404710426
1761,-340.261828929018
1762,-494.416236147032
1763,-638.32991977777
1764,-796.834626396427
1765,-256.981619845399
1766,-254.926499200524
1767,-286.555310785785
1768,-293.898296034383
1769,-101.867365253808
1770,-109.890007710127
1771,-110.922228505862
1772,-23.3475065667413
1773,-24.3633313562975
1774,-32.6799019110426
1775,-210.032823763603
1776,-209.767735679904
1777,-218.107777300412
1778,272.451930318598
1779,537.875851546975
1780,483.41142222035
1781,526.199522910886
1782,275.787793850536
1783,139.672438621102
1784,14.9309975343326
1785,-116.989553088891
1786,288.260483715261
1787,274.278307792398
1788,271.913487168946
1789,268.840211497865
1790,297.838650004427
1791,301.613853994889
1792,288.410546316944
1793,66.9342136875725
1794,70.3922208329952
1795,63.4597683611509
1796,-83.0812530841949
1797,-76.4983676628681
1798,-76.3646585026946
1799,481.656121365763
1800,109.736801895835
1801,63.9305818939936
1802,-233.76154365113
1803,-652.326443387855
1804,-492.87350974851
1805,-647.597308238788
1806,-584.762164251997
1807,-180.237161963717
1808,-183.957218576767
1809,-250.365197211294
1810,-264.975711495069
1811,-77.7994531847825
1812,-86.2173991955585
1813,-83.7180013249269
1814,-4.69382313593116
1815,-7.37573635110193
1816,-17.1971751910088
1817,-228.79760420003
1818,-227.635686113483
1819,-238.741769515061
1820,183.125317040311
1821,540.90022528064
1822,444.893739038224
1823,549.824498665852
1824,363.897975438661
1825,141.613207901221
1826,63.624358041961
1827,-436.167383948135
1828,238.221778199093
1829,222.719727719206
1830,221.376130048114
1831,218.828375683449
1832,267.777578223479
1833,268.567890465479
1834,255.52969649697
1835,68.4033529300337
1836,76.0157405910895
1837,65.571018780757
1838,-13.6812540200013
1839,-5.95169906340923
1840,-8.74106040832165
1841,454.691737404714
1842,147.785937733594
1843,108.111096222329
1844,-131.02812969863
1845,-533.345767393937
1846,-469.885369143356
1847,-595.040891423859
1848,-855.925889346793
1849,-179.671671308957
1850,-176.394838196399
1851,-200.94638588098
1852,-217.792433682723
1853,-91.2208271712277
1854,-98.8547238597953
1855,-104.008328820136
1856,25.4623859037956
1857,17.2199501088675
1858,10.6874715766071
1859,-226.00356109987
1860,-224.183326397152
1861,-234.735439131318
1862,194.048218947342
1863,499.011879893378
1864,433.358557069033
1865,528.7435464394
1866,446.475841776216
1867,212.579916278308
1868,-29.4465890369161
1869,-584.329643407473
1870,234.357735237057
1871,215.91458042307
1872,205.496491966739
1873,204.795062909311
1874,244.280860908818
1875,249.977886105817
1876,228.688118440503
1877,60.1966579870502
1878,69.1257204071802
1879,52.5001025097691
1880,-59.2952197648902
1881,-49.4861587811363
1882,-50.7723801071408
1883,361.538088773301
1884,266.084752347721
1885,145.200387826917
1886,-77.7210596193366
1887,-494.565120590036
1888,-434.737940743988
1889,-599.095785250146
1890,-772.482780986576
1891,-178.51159931182
1892,-181.951482723748
1893,-206.347078445217
1894,-225.650338977922
1895,-35.3037605453872
1896,-42.6526706144999
1897,-44.5302220978586
1898,-49.2507661032954
1899,-50.5289607117177
1900,-61.8814551101524
1901,-206.003187582056
1902,-204.327989936919
1903,-214.842885512786
1904,274.146601949969
1905,429.209219016188
1906,349.516290469728
1907,425.213640268618
1908,275.623485242231
1909,108.52223266039
1910,9.62568215530246
1911,-170.074754089046
1912,324.14460714946
1913,310.460537711308
1914,310.0404207554
1915,311.234600428562
1916,300.061379154292
1917,304.208415607242
1918,290.952721031012
1919,88.5261303744238
1920,98.0113127044722
1921,88.27764901182
1922,-131.321335994062
1923,-120.701411179219
1924,-125.125112464449
1925,480.66964339223
1926,129.684744474286
1927,103.414031730692
1928,-120.234364186872
1929,-597.736612907368
1930,-504.365538681543
1931,-655.086318784668
1932,-885.115499327016
1933,-256.613633830731
1934,-256.274185517203
1935,-273.136452480162
1936,-281.334010475802
1937,-86.902681122989
1938,-93.7546194814809
1939,-92.486809492882
1940,-50.9451616021103
1941,-53.8640360939554
1942,-60.6720217111354
1943,-250.219802611382
1944,-249.806553674895
1945,-261.627721645492
1946,369.61827368638
1947,540.095855743427
1948,449.583269477861
1949,442.133201164914
1950,112.043900048388
1951,56.5892937289209
1952,145.751811711167
1953,151.822084179159
1954,276.755935093301
1955,263.275684568275
1956,255.537259493133
1957,255.457372061691
1958,295.846885545241
1959,298.609994199795
1960,285.950301279452
1961,43.7551219957983
1962,48.6165475375151
1963,42.5991251031786
1964,-41.9805213458577
1965,-35.2763307734738
1966,-37.1810158905173
1967,524.896934291236
1968,-32.1770763501978
1969,-19.5755875710266
1970,-254.361987339378
1971,-596.831788766601
1972,-509.146455565052
1973,-391.752962600489
1974,-673.017434966018
1975,-271.335661721492
1976,-265.409393024289
1977,-277.024632676982
1978,-296.015756107765
1979,-66.1841781125193
1980,-74.3604907077869
1981,-74.3445615636393
1982,-48.913726862531
1983,-50.7879675204907
1984,-64.789712049955
1985,-262.346876090853
1986,-263.394837178509
1987,-276.674191505736
1988,462.936188814231
1989,548.499663161388
1990,423.102500241701
1991,455.752975187862
1992,355.227139170373
1993,222.29772914208
1994,117.825705994766
1995,-294.059916589854
1996,250.609734583601
1997,239.924976789063
1998,230.570962984947
1999,225.674691903744
2000,278.083886830306
2001,280.489103720989
2002,264.29692070816
2003,51.8516439640785
2004,58.4923382914455
2005,47.5799687349901
2006,-129.794399357964
2007,-119.207600686927
2008,-125.6570632973
2009,548.293265519463
2010,90.4278075427058
2011,101.930134698427
2012,-167.908138465288
2013,-537.936493502695
2014,-467.486092217069
2015,-624.528638965138
2016,-495.707009779536
2017,-248.551604774473
2018,-245.537059283747
2019,-272.454520844281
2020,-282.176196412487
2021,-98.0664378496521
2022,-105.364314658427
2023,-107.576639470818
2024,-19.2808833885565
2025,-23.0332727834411
2026,-28.9999053449461
2027,-237.487549200713
2028,-237.50365049521
2029,-246.841837040187
2030,351.946529176875
2031,541.140083412735
2032,468.306226975454
2033,505.72908530491
2034,264.293104179989
2035,142.86780675214
2036,71.2959502499323
2037,-192.704914505092
2038,272.640111246682
2039,261.429359295284
2040,259.878943880614
2041,259.859008177842
2042,277.061952453835
2043,280.412067215182
2044,265.264670010115
2045,55.5017500067483
2046,62.2242154171437
2047,54.7347719602908
2048,-17.1076139998473
2049,-9.25579341862665
2050,-14.1352400995929
2051,446.238774871483
2052,80.9547045854013
2053,43.7894669678909
2054,-154.673518768924
2055,-569.073472209179
2056,-431.354187682818
2057,-536.940133037467
2058,-887.449836872057
2059,-200.586378438735
2060,-201.7920622222
2061,-214.525304450707
2062,-225.577612490107
2063,-80.8858163727602
2064,-87.8720116144783
2065,-85.3602064969771
2066,-35.6191573398177
2067,-38.1266715808917
2068,-45.9305258963797
2069,-210.037456593395
2070,-210.541060662612
2071,-219.678859833452
2072,266.549867001021
2073,490.496070486091
2074,415.233442001257
2075,453.574903996059
2076,281.293309940039
2077,136.141659282276
2078,42.3738917953781
2079,-229.130020509608
2080,275.378080403312
2081,261.580922709218
2082,257.256401949616
2083,256.232991717708
2084,282.046976345356
2085,283.202700973601
2086,274.348435637435
2087,78.8594944813732
2088,88.4493121042975
2089,78.5662331380516
2090,-34.3592689371314
2091,-27.7286942181652
2092,-31.2512278552096
2093,568.504497480516
2094,80.8905741756946
2095,59.3530313684097
2096,-134.212228685705
2097,-583.576413835802
2098,-496.362261123879
2099,-631.525519207829
2100,-905.654038620864
2101,-177.814188271808
2102,-187.962386382932
2103,-219.66173915259
2104,-237.133150280956
2105,-101.32455435537
2106,-110.683225246558
2107,-111.958388562718
2108,18.0022182462772
2109,12.8887644755131
2110,4.56886485144837
2111,-217.59548041039
2112,-214.835264446086
2113,-227.714394367338
2114,272.213318133397
2115,442.613410079415
2116,355.1484991077
2117,420.872536183893
2118,344.535740005163
2119,170.168061158914
2120,51.8675301047415
2121,-286.196170869717
2122,315.573770538859
2123,301.69026602321
2124,304.652580347875
2125,305.407762387111
2126,290.386929357443
2127,294.769424216622
2128,283.68549038048
2129,50.5046588651502
2130,61.0698542031196
2131,52.6774459698778
2132,-80.1463608535014
2133,-71.512448052672
2134,-74.9349325671576
2135,510.556633533738
2136,117.686772997655
2137,54.6306501009722
2138,-136.785158211753
2139,-577.472203204852
2140,-469.680314437083
2141,-666.270504883296
2142,-866.490316711797
2143,-289.541486471278
2144,-290.924954157078
2145,-344.421409753983
2146,-368.554336154909
2147,-72.3654071932487
2148,-84.1078994128902
2149,-77.1434938819877
2150,42.3226636238071
2151,35.4750364429216
2152,25.6853063654111
2153,-236.823414878209
2154,-239.2513814697
2155,-257.035434160682
2156,406.329207366001
2157,595.09802138797
2158,458.589947024109
2159,509.939104028294
2160,296.572918419555
2161,76.6087560348802
2162,-15.5324393700972
2163,-170.919303788881
2164,267.504865616196
2165,250.721535420279
2166,243.085654376782
2167,233.447558273344
2168,307.321553549822
2169,307.954898217714
2170,292.992954520158
2171,25.2512004687444
2172,33.5114899229339
2173,18.2576003503379
2174,-129.0499667076
2175,-117.918900882614
2176,-123.256560230044
2177,535.208771221224
2178,89.3509523662041
2179,36.6945893656261
2180,-217.150823432134
2181,-475.608981055548
2182,-355.423673928831
2183,-549.760324913316
2184,-673.134392519278
2185,-214.80754364535
2186,-208.574594407986
2187,-240.691549924353
2188,-257.037322769448
2189,-107.950682254621
2190,-118.48084161018
2191,-119.199918658038
2192,-13.5035123799474
2193,-14.2754816175819
2194,-27.0310485276128
2195,-237.496839357559
2196,-238.645105978541
2197,-248.777993273034
2198,302.485387798938
2199,548.320252038909
2200,477.349930018191
2201,493.616275943294
2202,284.82036381876
2203,156.136420775104
2204,-10.3694352654325
2205,-205.88676072351
2206,266.640208294906
2207,253.127718544457
2208,248.540572133904
2209,248.500904359426
2210,286.627300629132
2211,290.359041425925
2212,276.829680560634
2213,78.6811516865885
2214,86.946906144544
2215,78.6483231835721
2216,-61.2712780915319
2217,-52.6321727911165
2218,-57.9167511404629
2219,555.921056866951
2220,57.1231628451921
2221,36.6595089828579
2222,-162.833349275018
2223,-526.33107770079
2224,-455.623383704204
2225,-593.558219409337
2226,-854.439303545632
2227,-216.466859382255
2228,-214.670127244875
2229,-241.016822582493
2230,-255.961598109041
2231,-54.2015251953205
2232,-64.3891888343941
2233,-64.3711842512433
2234,1.4986798958514
2235,-2.39643576597506
2236,-7.71071933919318
2237,-209.357383736525
2238,-209.795684647796
2239,-222.784298246939
2240,243.48888861977
2241,504.03851320451
2242,414.576358361035
2243,467.917564251653
2244,370.325014162081
2245,167.811384093732
2246,40.9569060558853
2247,-447.49148130847
2248,227.867777357815
2249,212.243786218212
2250,208.443823627637
2251,203.345150476562
2252,246.39957011385
2253,250.647124369549
2254,238.09971232565
2255,59.928326771616
2256,64.5932550645834
2257,54.9971794972221
2258,-1.56448249533146
2259,7.45562661688293
2260,0.228709608556768
2261,539.913299175855
2262,159.050277785311
2263,133.359525820451
2264,-76.7439333737688
2265,-606.184140183847
2266,-440.532363244925
2267,-654.50055372297
2268,-827.047671808907
2269,-201.350801929847
2270,-212.923749408758
2271,-226.720018232186
2272,-244.759737098598
2273,-99.73081190613
2274,-110.847418628715
2275,-111.378692581377
2276,13.7473526633577
2277,13.4115350013705
2278,3.99471202601716
2279,-187.635488505762
2280,-188.662974096302
2281,-203.181856269789
2282,371.352344421426
2283,550.217161267264
2284,440.053574115045
2285,358.974446958087
2286,215.149509090725
2287,-4.20491586936847
2288,-19.3735777509308
2289,-156.130593265529
2290,330.00591930989
2291,312.547429860364
2292,297.438835810494
2293,307.091565519387
2294,300.085093206335
2295,311.834570204608
2296,298.999252963478
2297,-53.9967968199353
2298,-44.9512968219008
2299,-50.2063167441231
2300,-228.087497016237
2301,-218.554267839822
2302,-225.897995592473
2303,600.200070011131
2304,193.906448616535
2305,156.821160020925
2306,-304.943786296104
2307,-464.316805023884
2308,-299.820756258913
2309,-466.27518049608
2310,-751.87964661367
2311,-184.860491002095
2312,-178.101092864521
2313,-319.741103186618
2314,-333.380570196372
2315,73.1303855378808
2316,62.9011429666373
2317,67.1369942116618
2318,35.1951388949396
2319,28.5033696505326
2320,22.0288713520682
2321,-255.96652921568
2322,-253.82603642513
2323,-267.840548638875
2324,219.558533709358
2325,473.576836057676
2326,385.535449681482
2327,458.401681379003
2328,332.946409577604
2329,182.482066640537
2330,-68.787888466198
2331,-478.892619663888
2332,193.580490503871
2333,185.604380645152
2334,217.08090017111
2335,211.612522194212
2336,283.547959002937
2337,279.447264151603
2338,270.854890926947
2339,23.753470530473
2340,32.548629041986
2341,24.0159772051336
2342,-111.073827193218
2343,-100.123588839428
2344,-105.148064760167
2345,459.791388206262
2346,257.076426340782
2347,179.039169828395
2348,28.3718744679574
2349,-502.782252930431
2350,-438.432501871385
2351,-621.679741925521
2352,-767.085365696671
2353,-212.222462720096
2354,-209.101760028731
2355,-224.589176429875
2356,-236.432733852199
2357,-58.3155283957493
2358,-69.4448125517404
2359,-68.6053247130412
2360,-25.2449990664752
2361,-31.2293850638205
2362,-36.3545125005137
2363,-265.224328584564
2364,-264.302965563902
2365,-274.1514807757
2366,305.350050080533
2367,516.892666273949
2368,428.359251315488
2369,468.322084163351
2370,214.614599772007
2371,154.836642205064
2372,22.5241975755385
2373,-135.680021139524
2374,283.666394422835
2375,265.917533890977
2376,258.372796547949
2377,257.526718468599
2378,301.331117514811
2379,303.454166591855
2380,292.351243398467
2381,80.8989073992513
2382,87.511893534467
2383,80.8000537894879
2384,-86.1643129074091
2385,-78.7491858272624
2386,-81.7995904216045
2387,552.699163089877
2388,86.4635977846414
2389,47.1597890018677
2390,-115.437048850183
2391,-570.998600705462
2392,-512.275081642662
2393,-626.037727758078
2394,-826.691827322427
2395,-224.705434179866
2396,-230.140820744188
2397,-242.875058251301
2398,-254.205862448075
2399,-71.5786409487522
2400,-78.7580487295392
2401,-79.1999790961264
2402,-22.7960135034896
2403,-29.363631288664
2404,-39.0436534233565
2405,-242.510306316626
2406,-240.953785144865
2407,-250.344964774392
2408,262.102725489701
2409,517.311455298995
2410,431.259192535177
2411,486.791848341735
2412,321.64060891889
2413,166.98963456101
2414,25.4093208938351
2415,-205.028587190102
2416,295.815242437857
2417,282.876631954227
2418,279.227014611864
2419,281.880793371122
2420,281.111265885413
2421,282.40364225831
2422,275.122201417885
2423,44.0000233067099
2424,50.397066243405
2425,41.6352644199974
2426,-35.9921568745612
2427,-28.412772766475
2428,-31.1691217559246
2429,523.462401062324
2430,23.639854462283
2431,18.4317972384922
2432,-58.1259481817405
2433,-571.585977932079
2434,-501.257387134357
2435,-624.061481413415
2436,-829.398352611336
2437,-238.063561121914
2438,-235.732462447409
2439,-264.440309339995
2440,-280.97057878857
2441,-132.611719234089
2442,-145.669795247785
2443,-142.924239400474
2444,-12.8506464015324
2445,-15.8218764091465
2446,-20.4508803593767
2447,-208.074133838433
2448,-209.110238650452
2449,-219.715771076185
2450,268.013881800901
2451,632.738111052142
2452,480.804781304739
2453,573.234080981027
2454,202.613065961326
2455,101.055008202039
2456,10.9905576222017
2457,-143.013274609017
2458,233.391840316767
2459,217.431672403326
2460,207.276579979482
2461,202.769135302694
2462,264.840784606131
2463,268.261393816937
2464,250.332108487617
2465,70.3606731904792
2466,77.9606999197372
2467,67.3904277415729
2468,-60.5233885801731
2469,-49.0891490374148
2470,-54.0625041224858
2471,652.47581047132
2472,96.9142944113506
2473,56.7101652689941
2474,-265.189839693388
2475,-614.636087915535
2476,-483.84185736143
2477,-573.742638367981
2478,-565.030120837999
2479,-212.939050535235
2480,-208.87720718235
2481,-234.593082580508
2482,-250.169505712173
2483,-101.423163868204
2484,-110.143734035776
2485,-108.30043012017
2486,21.6300716063098
2487,17.3490472665427
2488,11.3069969738543
2489,-243.753215682427
2490,-242.027748350425
2491,-252.21966415005
2492,242.385545727295
2493,543.042398117782
2494,448.426164005893
2495,540.975334767692
2496,331.016273001964
2497,201.518784181361
2498,27.8936341925673
2499,-421.097447623942
2500,231.173427929042
2501,221.086439195682
2502,219.0834980823
2503,220.284330082978
2504,259.66743623643
2505,261.430416161812
2506,250.059699557235
2507,43.1149768866469
2508,49.7434528981446
2509,42.9144496084711
2510,-11.4377710783132
2511,-4.44205033488926
2512,-6.78775321012537
2513,524.716808062499
2514,115.044229969256
2515,98.9239349256781
2516,-104.708024527276
2517,-474.114257346191
2518,-469.112733733679
2519,-658.012932793723
2520,-808.627576571972
2521,-234.725983356865
2522,-227.331541595654
2523,-250.631353814152
2524,-261.154986974124
2525,-96.22833700359
2526,-110.077699299028
2527,-106.40997270307
2528,-22.386211658735
2529,-27.2421734954725
2530,-34.363343792409
2531,-206.742578778882
2532,-205.981898717815
2533,-214.282480263881
2534,309.346539460546
2535,575.742980600825
2536,509.935851998794
2537,569.775244768046
2538,157.116418019096
2539,110.155224092788
2540,23.2260194887628
2541,-257.739716975178
2542,243.23658036624
2543,230.715927613713
2544,219.264570940617
2545,218.301454285916
2546,287.316198643408
2547,292.674340513006
2548,274.964601042387
2549,74.3511481107572
2550,79.1495437540299
2551,69.84367191506
2552,-113.440674123528
2553,-106.449161970844
2554,-109.336568356206
2555,605.619328077364
2556,135.070801054866
2557,103.676867282834
2558,-163.466989470868
2559,-540.917878679546
2560,-463.930604581757
2561,-622.390400062789
2562,-714.252756354659
2563,-209.97208085481
2564,-212.047912716521
2565,-227.936787979134
2566,-242.051319548153
2567,-44.4092663256988
2568,-51.3811139795849
2569,-51.2892240579202
2570,-1.69287976931361
2571,-4.03789453207706
2572,-11.386564713857
2573,-200.275681619586
2574,-200.911648496388
2575,-209.364998004529
2576,206.902685966724
2577,486.628294171661
2578,429.379273661168
2579,520.057416362216
2580,279.196603863625
2581,161.959295372337
2582,-33.201957924661
2583,-384.164238875501
2584,265.684010520121
2585,256.387921270508
2586,254.007060439593
2587,252.150078778453
2588,292.047037856595
2589,293.603904216428
2590,283.50179842679
2591,78.5010364704128
2592,86.9242401763219
2593,77.5169403529777
2594,-154.853280533277
2595,-147.806068373812
2596,-151.028216431229
2597,564.86309027849
2598,195.199887327185
2599,139.208275420592
2600,-135.262534081944
2601,-551.140298424197
2602,-512.862416631432
2603,-646.66210469187
2604,-739.980362366705
2605,-167.174828755843
2606,-165.428426008678
2607,-181.135839415718
2608,-194.122889919309
2609,-66.3330061533396
2610,-77.1898197233537
2611,-75.5516365549725
2612,13.6742394369215
2613,7.55484291831711
2614,1.91419484740726
2615,-252.487126176128
2616,-251.10198876554
2617,-261.615638195526
2618,225.456381172805
2619,476.975218788249
2620,401.427085513036
2621,528.005681685233
2622,374.593799903746
2623,99.7485867518136
2624,-89.2400858181277
2625,-347.968745530993
2626,256.715395926991
2627,237.416398617634
2628,231.99926542705
2629,232.559935813103
2630,286.003208046141
2631,289.754793339461
2632,273.390286275741
2633,44.4790691812655
2634,53.4173643898716
2635,42.2313707975621
2636,-116.781489100926
2637,-105.060826508894
2638,-108.299319857519
2639,529.76347417979
2640,283.29580903901
2641,158.378885618974
2642,-110.827366797576
2643,-573.137027203833
2644,-524.875198659543
2645,-674.961274233984
2646,-705.462754290322
2647,-164.671023691427
2648,-164.230141223168
2649,-179.697977673751
2650,-190.241509458794
2651,-64.18906103133
2652,-73.8739889411415
2653,-70.7750100004404
2654,15.3652833399519
2655,11.352662708819
2656,-1.25716870618336
2657,-274.696618768686
2658,-270.274278012889
2659,-285.234106927443
2660,138.32729754209
2661,542.820845003105
2662,456.058036772268
2663,489.958429577908
2664,228.059530913593
2665,116.066401420819
2666,-36.2519084242905
2667,-222.615694419013
2668,234.016118456544
2669,218.101355911417
2670,210.681430768534
2671,209.684978599661
2672,267.13187503108
2673,272.811204764055
2674,253.530656245478
2675,56.8960092468077
2676,63.3247736172507
2677,50.4312443326564
2678,-24.4599085263492
2679,-17.2333951240009
2680,-16.5206408247195
2681,653.389299690716
2682,142.078687989598
2683,128.131814514426
2684,-179.820149229923
2685,-589.456820838778
2686,-498.55949351153
2687,-568.488993676708
2688,-865.670047436216
2689,-184.116624899764
2690,-184.095948280345
2691,-260.575743512933
2692,-273.874330007795
2693,-76.105575236951
2694,-81.094411811777
2695,-81.6319007510824
2696,-1.29897903729972
2697,-4.07940591237009
2698,-9.32814741255619
2699,-255.170310963954
2700,-254.628227220334
2701,-264.044353614268
2702,231.841268825355
2703,530.022752972929
2704,428.632087197496
2705,507.092252353142
2706,328.952416310553
2707,162.628763389022
2708,35.7201339190032
2709,-294.845716306066
2710,255.457835733304
2711,240.498218215299
2712,254.521065371941
2713,255.333776016791
2714,277.769840226476
2715,279.425127744226
2716,267.234766553018
2717,71.4849709885387
2718,78.407444129978
2719,67.8727541226812
2720,-48.5430891681632
2721,-39.6770874254016
2722,-42.1833763897632
2723,558.550044782344
2724,87.7333279513998
2725,85.9310066955605
2726,-158.301434863781
2727,-552.485000236532
2728,-476.254473138048
2729,-655.94563461917
2730,-806.830082690705
2731,-245.316022490524
2732,-245.054337233117
2733,-259.89241121637
2734,-271.611856552438
2735,-100.368988782275
2736,-108.9782383536
2737,-109.826183271007
2738,-60.068039052707
2739,-63.893026234323
2740,-70.1767276920533
2741,-248.583442333243
2742,-248.284357455246
2743,-257.429805080332
2744,335.124338307418
2745,561.541623723134
2746,521.300955633921
2747,560.029170833599
2748,289.628943589131
2749,196.588662701657
2750,46.128016781412
2751,-220.858275823038
2752,251.227577864321
2753,234.678239398696
2754,227.501677963481
2755,225.714441567215
2756,269.805497823816
2757,273.940893643065
2758,260.044415679509
2759,68.0661530198913
2760,73.6124028794897
2761,65.7709460803417
2762,-107.788709521044
2763,-101.376286317206
2764,-105.525706784052
2765,588.265823691232
2766,47.1920458516537
2767,59.3711309912324
2768,-161.081922920157
2769,-536.202894681408
2770,-528.062546700167
2771,-636.969606981553
2772,-468.183572548358
2773,-235.927060085101
2774,-232.820587562536
2775,-268.420297569617
2776,-284.303209318615
2777,-105.430297323708
2778,-115.779917102481
2779,-111.575527484518
2780,5.13574148970869
2781,1.98894074038016
2782,-5.90693439779436
2783,-210.067687643112
2784,-207.162307275897
2785,-220.463108125876
2786,292.027468386426
2787,537.033776781637
2788,468.337028116942
2789,548.071267852164
2790,338.954446777329
2791,167.083348125284
2792,-20.6392870061353
2793,-340.135797374482
2794,251.713795880116
2795,237.358483801791
2796,224.719567687925
2797,219.89343919289
2798,287.930963222545
2799,289.667804201764
2800,277.414108730582
2801,48.1548230999772
2802,52.606618148621
2803,46.2469532989335
2804,-86.3047955931957
2805,-76.6379791656234
2806,-80.6224011171851
2807,562.387313523052
2808,92.3975402027437
2809,71.4054247141433
2810,-198.556145782239
2811,-600.698826361685
2812,-432.083784901674
2813,-357.662426829419
2814,-829.330475954065
2815,-210.809070603522
2816,-212.335337620867
2817,-228.656441288139
2818,-254.370155090126
2819,-75.3757743218276
2820,-90.5740564053636
2821,-86.5836020483637
2822,33.8125459624473
2823,30.9788645710215
2824,14.5811521906107
2825,-239.182597905957
2826,-235.160011371369
2827,-258.471628006897
2828,311.322247161849
2829,513.341799622891
2830,401.151201680385
2831,386.192138113168
2832,301.651770667308
2833,105.235459750589
2834,38.023674160028
2835,-244.77217921786
2836,337.541145788569
2837,303.955866096172
2838,282.362456471409
2839,281.820112054394
2840,345.990956041651
2841,350.703362566553
2842,320.589748401838
2843,21.15130676882
2844,36.1904294760303
2845,18.2292035016597
2846,-173.064239351765
2847,-151.726870324809
2848,-160.0498413608
2849,505.135948811623
2850,153.73413756553
2851,64.1298244012997
2852,-181.123230776364
2853,-468.107575686798
2854,-435.341920939941
2855,-642.550683742847
2856,-809.570135762214
2857,-238.320162744454
2858,-243.755272329838
2859,-255.687560615602
2860,-267.024231600206
2861,-115.884322622935
2862,-123.891383783414
2863,-124.479882588669
2864,6.80740268704589
2865,3.43508188749126
2866,-3.26464799772536
2867,-235.364627976205
2868,-235.482870684562
2869,-243.810862245772
2870,289.427069449595
2871,602.757241193018
2872,485.592405032518
2873,560.824828592487
2874,185.785150943195
2875,110.495018533317
2876,23.6668321314294
2877,-181.82520526071
2878,280.625698577159
2879,268.798503272024
2880,254.713602772645
2881,253.923069063071
2882,275.741430195441
2883,278.961545562012
2884,263.947626631367
2885,29.41966809492
2886,35.7263318638117
2887,26.264135472011
2888,-66.6560182748314
2889,-60.3667429927563
2890,-61.9806311694024
2891,593.574895606224
2892,33.389751760252
2893,-14.9340403804112
2894,-195.566269825628
2895,-341.501414416652
2896,-431.231339560126
2897,-607.824662920894
2898,-815.025139330234
2899,-167.397040617781
2900,-163.570533408882
2901,-265.555239668661
2902,-273.426678439859
2903,-105.711940341625
2904,-113.768057643896
2905,-112.386138572887
2906,-26.9522526950133
2907,-28.1155611561567
2908,-38.2481191415777
2909,-253.100895399987
2910,-252.940758722451
2911,-261.712889089237
2912,308.402071429835
2913,506.065407331512
2914,455.81442656249
2915,473.201614481659
2916,261.235589215374
2917,138.646235135659
2918,124.29325137399
2919,-204.772490632505
2920,266.479341335939
2921,253.276561109014
2922,297.479575823107
2923,298.31114088841
2924,267.539963700934
2925,270.842499551423
2926,257.102044966969
2927,71.804781630842
2928,77.8708459920229
2929,70.9605369173623
2930,-49.635372613409
2931,-44.6538570720929
2932,-46.0194149074092
2933,559.036791198793
2934,42.0684691577214
2935,30.5034597650487
2936,-164.139175259815
2937,-557.666934769524
2938,-475.247519857269
2939,-558.672745138042
2940,-867.240992420025
2941,-179.755119738752
2942,-183.362189170619
2943,-199.932990595755
2944,-212.742693364516
2945,-50.3360043369098
2946,-58.6984196617325
2947,-55.5755341729321
2948,-48.4252603444021
2949,-51.2387111580961
2950,-58.2551774098
2951,-219.824402285294
2952,-219.195336548845
2953,-226.262921143757
2954,225.448643250911
2955,498.614128136634
2956,431.502698329013
2957,492.568671201714
2958,280.597065877757
2959,111.505037169018
2960,18.6378411257262
2961,-295.269325159361
2962,258.967284853137
2963,244.982580871929
2964,239.955158244947
2965,240.778753870205
2966,271.294272518832
2967,272.847404069826
2968,263.507363895236
2969,86.9192965549478
2970,92.2906064662923
2971,88.4544016567142
2972,-58.8943344896831
2973,-52.6165082477021
2974,-53.7414989300039
2975,570.051814751629
2976,122.605240697501
2977,110.672583056712
2978,-76.7157210412963
2979,-593.840864496072
2980,-486.160740364497
2981,-667.036871372242
2982,-874.320222566413
2983,-199.347354402656
2984,-203.289564359576
2985,-223.778247021573
2986,-242.607925954034
2987,-67.7058813382989
2988,-76.1020124840112
2989,-80.7643074105796
2990,-1.7711439894973
2991,-5.84564130914864
2992,-12.9328343523465
2993,-230.78091940981
2994,-230.98621877673
2995,-247.78206609022
2996,320.628678780097
2997,421.46686597501
2998,345.791463103539
2999,439.379913862132
3000,164.375199489112
3001,23.3683208533729
3002,66.0419927049347
3003,42.6416821302855
3004,339.642810348192
3005,321.731805065906
3006,318.154586647703
3007,318.662661564039
3008,322.590181936297
3009,329.648983091542
3010,315.043797765068
3011,50.5685584565565
3012,59.6781530573102
3013,50.8171756231252
3014,-123.611353234068
3015,-115.91358128813
3016,-121.823254676175
3017,495.641783258893
3018,19.7195419966754
3019,16.1858881687578
3020,-93.2046200058799
3021,-634.462422242036
3022,-480.117078593287
3023,-555.506314709522
3024,-833.44730223097
3025,-183.60506364128
3026,-185.660300072864
3027,-231.421344005294
3028,-243.375414096297
3029,-51.8284023947115
3030,-61.2422438026599
3031,-59.3563208989298
3032,21.138026970377
3033,16.8235551985963
3034,11.3504246746249
3035,-259.077855897416
3036,-259.525509544528
3037,-270.30933417236
3038,224.606550840549
3039,509.133881119106
3040,425.764603064875
3041,484.468353232086
3042,295.387343801251
3043,183.880259722312
3044,47.6319986761181
3045,-414.783208773557
3046,238.96867769819
3047,225.296204425963
3048,246.591606004038
3049,248.4973380805
3050,256.072127465488
3051,257.324002213962
3052,244.174345733323
3053,35.0290260835624
3054,40.1657718085111
3055,31.9848928789778
3056,-31.4907006439181
3057,-23.3721275460504
3058,-27.9164250886656
3059,556.083773555244
3060,141.473745477697
3061,101.978952395379
3062,-82.3293566065984
3063,-494.403008531153
3064,-432.759369123752
3065,-615.689174330449
3066,-915.68030195025
3067,-212.703559836887
3068,-207.308750013274
3069,-229.050823210284
3070,-242.467053450289
3071,-59.774666187154
3072,-68.985027344689
3073,-69.3929893240325
3074,-8.05323936024967
3075,-12.1098451023931
3076,-19.4206281779051
3077,-270.880050706137
3078,-269.534085834498
3079,-280.178193676358
3080,284.227907733482
3081,510.857900997524
3082,421.494114703081
3083,478.240040884212
3084,306.956867285565
3085,157.238961748323
3086,12.9637193769539
3087,-222.120600504989
3088,281.133098214135
3089,269.270806987311
3090,264.823711864267
3091,264.734852623014
3092,292.699297012234
3093,295.954487360815
3094,284.888728682806
3095,58.3931244942389
3096,66.9991479439142
3097,58.5209059809124
3098,-86.752735831138
3099,-73.9720047542439
3100,-77.9534723186179
3101,583.272343806339
3102,47.1353889381607
3103,43.4317537024275
3104,-117.869698146576
3105,-524.449689703937
3106,-456.820870682508
3107,-621.208586068752
3108,-852.230590104799
3109,-202.191608139891
3110,-197.741272861579
3111,-207.664901025081
3112,-221.12410641718
3113,-82.3134928549633
3114,-92.4556439585316
3115,-87.6840419228457
3116,4.04052265352659
3117,2.04004356062473
3118,-3.66791166962304
3119,-210.532955788879
3120,-210.269419094712
3121,-218.813299121279
3122,254.254207579129
3123,493.041946997675
3124,422.777600657341
3125,491.816087424785
3126,304.861071048184
3127,187.191067167539
3128,13.2542639135258
3129,-438.81815814777
3130,244.018077662562
3131,232.776061935151
3132,224.422755318692
3133,225.834096357159
3134,273.567167626021
3135,273.179849876745
3136,264.339407660061
3137,73.9065401333632
3138,79.0375103883674
3139,70.5444574503571
3140,-73.0907578554568
3141,-65.1407488950934
3142,-68.2342042775639
3143,561.224905341183
3144,169.118948293647
3145,122.972165166509
3146,-107.949445838625
3147,-531.283327617372
3148,-472.394964595168
3149,-641.238893723324
3150,-855.609600407211
