,Spec_int,Indv,Li7,B11,Na23,Mg26,Al27,P31,S34,K39,Ca44,Fe54,Mn55,Co59,Ni60,Cu63,Zn66,As75,Se78,Rb85,Sr88,Mo98,Cd111
0,9,1,0.012869882,18.66672976,6.970224337,1746.445345,3.845879333,1743.118142,1152.944236,5888.311451,15894.22342,27.59339808,54.53990772,0.188765445,0.813897465,7.365774443,22.06969766,0.004603502,0.078727289,2.939849649,7.347058731,0.101190184,0.00766589
1,9,2,0.011931612,14.47692886,5.866391568,1489.852688,5.825639221,2244.68425,1600.441818,7013.400166,13155.45463,35.49158648,52.57114203,0.282940026,0.648418658,8.068232162,10.1086613,0.005609539,,4.166139821,6.890243221,0.14549922,0.021107826
2,9,4,0.021231577,14.71313365,10.25195456,1467.666224,8.036046831,2311.056644,1039.097749,7966.273447,14182.50581,39.13434474,36.664748,0.204520839,0.555300335,8.369119967,24.30491035,0.005811993,,4.589771506,9.025915346,0.161181941,0.006236906
3,9,5,0.023306263,20.10629931,11.77369681,2248.108976,9.482050637,2315.675046,1091.607046,7514.088622,22550.82189,40.22041153,43.24367607,0.201085208,0.660281969,9.385391901,17.75315743,0.004597548,0.03361551,3.461934716,15.29235971,0.16304633,0.006881962
4,9,6,0.058812769,12.97800542,11.04383667,3390.636514,29.32960533,1995.192533,1096.870563,7608.463923,15982.76017,75.2361385,53.64704601,0.353459542,2.024095695,9.068968246,16.65683944,0.013593336,0.122610719,4.690904864,13.9014494,0.184343717,0.008106347
5,9,7,0.013933974,14.82625594,6.369331445,1887.374934,6.115421962,1908.805035,1213.624852,6120.525902,17506.88346,30.84618033,67.89663145,0.233101325,0.687711185,7.99061821,12.19792217,0.004382589,0.06572541,2.657401135,9.235654215,0.139915224,0.004713937
6,9,8,0.037247783,16.86715288,14.34894675,3317.882659,11.17633337,2008.564757,1349.574062,4567.317496,22565.64689,42.52178868,82.73278846,0.318521771,0.940657263,7.753446611,16.61125163,0.008325781,0.05516202,2.207285037,16.43709906,0.131712144,0.215261904
7,9,9,0.018202773,11.71456582,9.079443999,2173.488653,7.539862842,2081.468725,1410.133893,6272.923113,17109.42995,28.90316541,56.0355102,0.157284287,0.628594839,8.769453642,14.5029827,0.005118577,0.199532043,3.657595537,10.25063718,0.125924007,0.004821006
8,9,10,0.228526278,14.01526521,14.05922986,2431.221312,96.01058421,2401.009462,682.5802519,8163.801234,18226.89878,213.2412916,51.47730868,0.593078894,1.977642686,10.54184451,29.60502854,0.037091722,0.090372895,4.728689502,11.9280278,0.382809636,0.015254653
9,9,11,0.009368071,24.01059044,9.18680421,2508.643737,2.785220726,2862.158732,2183.855856,8162.05587,19408.67228,28.50058598,33.44925102,0.096942674,0.429100334,11.4023106,17.16506786,0.009736819,0.039616838,3.860751695,14.77405589,0.147265726,0.012405878
10,9,12,0.026465784,16.53759294,4.732432943,2533.983912,10.53144569,2365.631162,1288.805074,6191.560049,22534.40097,39.25911339,56.62508025,0.139092506,0.683843406,9.009216564,14.58656406,0.006576007,1.136461121,3.233661711,13.34619615,0.181829203,0.003671579
11,9,13,0.020084693,14.07197727,11.4282756,2118.038132,7.833136152,1910.289212,1519.466562,6245.207426,18730.34027,41.05183681,80.97299856,0.26791135,0.863386048,7.815821533,15.03511334,0.003562122,,3.811104921,9.374657753,0.127457242,0.002491942
12,9,14,0.014357346,18.40723058,6.30674182,2567.394161,5.152716078,1679.93655,930.82775,5325.603581,20355.78499,28.78922772,70.00813205,0.121658295,0.546039501,8.078510967,13.77556841,0.003780766,,3.131600988,11.51118709,0.12166126,0.004558681
13,9,15,0.049779705,20.46189577,8.487291718,2295.507981,19.87606793,1854.601375,1197.893213,6525.190016,25851.94375,64.5938365,147.4309011,0.257470887,0.824355578,7.678716213,20.46661829,0.010008469,,3.363712248,15.81428338,0.177814959,0.006703176
14,9,16,0.017299614,24.64499793,6.999957877,3195.309798,6.766471064,2145.714597,1674.467158,6141.001483,27377.39655,33.28773119,74.11879611,0.177028978,0.666377793,8.714352455,12.98976758,0.005308851,0.139025873,3.007713364,19.01675512,0.16321042,0.007306049
15,9,19,0.021766007,13.94301266,6.390655279,2170.981689,9.365613285,1927.863214,1465.755487,6989.868846,18518.361,39.0126413,125.7401258,0.218223245,1.009950895,8.210049211,20.04854825,0.006451497,0.140751143,6.224198317,10.43781134,0.118356568,0.007251806
16,9,20,0.01273046,26.69645705,7.552619463,2731.06415,5.089760175,2122.16844,1053.498009,5677.845244,22853.95038,31.6634835,47.39844141,0.141202715,0.588032429,8.917257802,11.96446285,0.00423513,,4.029775139,15.56261469,0.167618626,0.005203386
17,9,22,0.021231165,28.62682086,10.20979597,2332.768964,7.440318712,2245.385595,1574.961231,6895.615013,25803.61489,37.14097299,41.89817419,0.112612765,0.624426785,9.307781365,13.46350072,0.006263871,0.164807838,4.742159609,17.48149273,0.155897781,0.004233107
18,9,23,0.032387486,14.77241892,4.732341435,1716.603081,18.70808292,1662.856475,1612.255745,7670.928898,13236.9172,58.02679894,37.28919653,0.153667812,0.919254566,7.147362305,8.38328775,0.009873941,0.474807298,4.416800261,9.568743888,0.130853423,0.006014047
19,9,24,0.022281151,21.86580709,13.75646721,2488.044742,8.56702318,2604.363272,1413.832899,7054.823537,19000.36226,34.93323798,25.86539894,0.105795855,0.577188778,9.772884761,13.06680724,0.005490232,0.079651301,4.380966154,13.73595533,0.210569898,0.006849612
20,9,25,0.023445036,19.73641012,7.771067097,2141.305263,8.80117583,2074.741487,1387.921988,6562.71526,19336.70443,35.05305136,48.23083452,0.113587515,0.61122383,8.393946855,14.50026231,0.005610754,0.028976579,3.418257449,13.4759998,0.231671074,0.004446827
21,9,26,0.048591012,24.09505293,10.14222333,2720.384955,17.26186798,2802.931702,1265.282418,7474.126417,26083.37325,60.6757829,44.01244493,0.221272922,0.815339982,8.497041668,23.67989958,0.015603737,0.092779279,3.073484335,19.11650972,0.208706954,0.022817528
22,9,27,0.036396793,18.15212359,11.25433613,1571.451844,14.99312999,2100.560425,1098.429742,6487.369837,21790.24571,46.22383262,117.0829414,0.214339612,0.774553729,7.785202054,27.60041524,0.015088125,0.051690199,2.54164274,13.73379205,0.149589199,0.006600481
23,9,28,0.035758287,21.55256865,5.840382774,2140.677429,14.91096866,2088.574718,1745.87433,6378.367888,26609.45144,54.63343321,91.44492515,0.153776182,0.774288788,8.254036512,16.07244365,0.019433516,,3.285681873,16.36109113,0.145293964,0.005454948
24,9,29,0.019841381,21.07803837,6.618589492,1828.765685,6.117107534,2373.920201,1800.280338,6577.627916,21220.34423,38.84649338,39.99643718,0.102043477,0.516232887,9.790344993,11.05692587,0.008518974,0.149212721,2.176515176,13.45122998,0.187558164,0.014248747
25,9,30,0.017820733,25.23658161,11.69527886,2521.831348,6.10678436,3530.201225,1850.690713,9764.482893,21256.05734,33.11424964,39.72407167,0.120809721,0.431215627,9.598082224,15.21069722,0.009221131,0.046007204,3.827451673,16.78103301,0.269851251,0.030247231
26,9,31,0.0088414,14.52031411,5.018543569,1869.077624,2.975010599,1966.149059,1147.746295,5959.387625,18312.08255,25.86567599,53.53017892,0.090866427,0.424623227,7.963637224,9.94854946,0.003104279,0.152479416,1.981300112,11.5713413,0.174014438,0.002962177
27,9,32,0.029903024,17.43664322,11.3317161,2120.022982,11.62209669,2907.228245,1291.17368,8246.836383,20274.85298,41.09882905,80.93965175,0.188235886,0.584881374,9.834819834,18.47059201,0.007437863,0.317959391,2.755326156,14.00987142,0.20401747,0.00698325
28,9,33,0.021689799,16.83306547,5.713517148,1990.72432,8.501044244,2014.163073,1130.133733,5812.79023,18781.78422,33.47476066,72.673377,0.103922395,0.635148911,7.129622025,10.95851576,0.005883887,,1.8670962,10.08586291,0.165481033,0.00481189
29,9,34,0.053523788,16.73861574,8.476371522,2299.865293,17.98535724,2298.47192,1318.909081,6516.826988,19791.50792,65.01082908,59.76691389,0.202829844,0.688384522,8.155209049,14.51636066,0.010831973,0.126099912,3.222810587,14.56029054,0.199575145,0.012706547
30,9,35,0.056187913,16.87479704,14.36906186,3132.550243,23.40275395,2632.342929,1461.180555,7357.856456,27901.35237,68.59276833,73.66770388,0.221249954,0.877543238,9.877759959,20.38073391,0.013266345,0.161403401,4.165099962,17.73307554,0.194577639,0.025234654
31,9,36,0.033694866,22.50029276,14.62223866,2909.481074,10.61224603,2737.95089,1380.077232,7696.827217,25225.61744,41.5517533,36.81181001,0.263846847,0.813412859,9.047303663,49.72979495,0.012793381,0.364275963,4.476315137,19.38692989,0.186600126,0.015205131
32,9,37,0.015707608,20.28135243,14.16991817,2436.65512,5.971556462,1998.787915,1095.757612,6919.042276,16495.25144,29.46403157,38.39843535,0.108114084,0.520301398,9.254656223,15.28787922,0.004201467,1.429169311,3.426962535,12.20907702,0.143394633,0.010565285
33,9,38,0.020938588,20.116188,13.4313048,2443.392765,8.418366647,1973.06164,1156.058734,6073.668167,19333.9141,33.43202714,48.3689013,0.144811219,0.668777439,7.915009769,26.17744391,0.00501691,,2.281231611,13.25017832,0.174108498,0.008714494
34,9,39,0.057004455,13.08791256,5.766903447,2535.00338,18.80462943,2188.384423,1374.006772,6528.727382,18680.59474,71.77324576,97.03145447,0.280101137,0.900370537,8.673645197,18.57385284,0.017162841,0.131282814,2.639652969,13.79224018,0.170726824,0.009535418
35,9,41,0.045723006,18.25938589,14.19339409,1979.372468,17.65696375,1990.229589,1232.008155,6225.30312,18322.05732,52.63598834,53.46381221,0.165092857,0.91250827,8.010778517,13.61154574,0.008150989,0.043331097,2.825331702,11.24212369,0.173763265,0.005944341
36,9,42,0.079610694,12.82862607,8.847408622,2411.192847,33.94294985,2218.360355,1003.842518,7728.038244,15695.25435,84.55912716,84.18626385,0.294751248,0.895012845,8.170784221,15.55863734,0.017049826,1.092514436,4.826950535,10.43605645,0.221706994,0.006325182
37,9,43,0.008666844,15.85478498,28.39567736,1689.035821,2.097751577,2430.689973,1098.414533,8804.845575,8408.306818,23.11668867,17.79179364,0.104036551,0.515479535,10.5437839,11.38225146,0.001804365,0.034980504,9.586547662,5.004144578,0.210983442,0.005211411
38,9,44,0.011203178,19.84687022,11.5024324,1996.726992,2.87259105,2520.867494,2015.09922,10181.0862,12022.34457,26.61226578,25.92364716,0.066043598,0.40958244,10.62882252,14.05422407,0.002654478,0.09416796,9.398527262,6.449206712,0.214678124,0.004692913
39,9,45,0.018208492,18.71203148,9.530933842,1638.056012,6.275924209,1993.162031,1168.869428,6523.699503,18577.16075,33.4874927,53.91804971,0.115190348,0.702756056,10.01265879,14.79421868,0.00497311,0.13915858,4.305680669,10.12162701,0.145784916,0.006593107
40,9,46,0.01366099,19.08599735,13.90023271,2409.899395,3.890496119,2443.023945,1510.964181,7031.097481,18603.15005,25.73186398,57.3221063,0.122048377,0.506992415,7.961821032,17.44444235,0.004469116,0.06086497,6.504725456,12.45235588,0.148436299,0.007382634
41,9,47,0.02009533,27.58585261,6.459355785,3125.405091,12.26145391,2664.458954,2126.001872,8283.802909,24950.25987,43.44513227,93.60125416,0.160164105,1.051487025,12.46906564,26.06457604,0.011283839,3.73017077,4.071915368,21.4714428,0.198236827,0.005206917
42,9,48,0.01276929,25.17288512,10.14193391,3065.543988,4.498020354,2449.9084,1706.530796,8899.093668,20465.62368,32.49357316,90.02047479,0.138440308,0.614882082,9.150804313,19.05601677,0.005897861,0.048338316,6.650948816,15.28696347,0.164917359,0.010028518
43,9,49,0.007675085,25.76793171,13.89899321,2867.42507,2.653057075,2124.219056,1212.527692,6892.023258,15346.50117,21.6384468,21.92561751,0.087806758,0.449032686,7.940474489,9.821068494,0.006147462,,7.009326078,10.45231139,0.172021389,0.048607601
44,9,50,0.007378926,18.35072585,8.898955914,2444.334531,3.265556606,2454.973903,1213.908764,7103.025947,16798.62316,23.59239243,26.87870037,0.082087748,0.379668832,9.452383658,12.80804301,0.006014553,0.04122131,4.714018002,10.8013947,0.318121057,0.0055248
45,9,51,0.012162484,23.37575464,13.39940609,2369.159624,3.860697088,2398.963233,1744.415655,7487.235683,20261.5122,28.79357447,32.36829238,0.091947382,0.502107889,10.12981681,11.29487349,0.010682412,,4.716740465,13.75573915,0.170647622,0.002676704
46,9,52,0.013492585,18.81804999,14.2481953,1816.18469,4.509366007,2492.043481,1068.941111,10426.72598,10914.20327,22.8279668,20.38304438,0.083861304,0.433978963,10.61965904,18.2188372,0.002126167,0.137109614,7.704953239,6.764371762,0.207630262,0.008266562
47,9,53,0.002132644,16.20844452,8.755932436,2078.60803,2.810298806,2262.121562,1520.872607,9973.878835,9068.399833,20.33859735,21.39579439,0.150106563,0.526092903,10.96008996,10.46485043,0.002960352,,8.951477004,7.110578281,0.151114975,0.001965481
48,9,54,0.027704697,24.88727925,13.11933526,3209.03766,9.812019739,2404.909944,1203.669274,6873.234856,24210.5198,35.05510271,34.85727728,0.138013894,0.692107374,8.892502011,13.69669785,0.006222432,,5.230755519,18.13984314,0.197904113,0.012108373
49,9,55,0.020940417,22.82424048,18.23145289,2745.569895,6.839025928,2498.725248,1182.855259,7678.958405,22023.66676,28.02518384,53.26902998,0.205467206,0.672326815,8.52332821,47.22422859,0.006937585,,4.765245236,17.04002865,0.161815894,0.012053613
50,9,56,0.031664981,14.04972772,7.540157683,1989.177756,13.49783441,1889.843873,1489.579407,7546.075543,14070.61991,42.14881767,45.06289051,0.129181189,0.683527046,8.560148602,11.22491432,0.007283927,6.335351089,6.535481954,7.211987686,0.160319788,0.003428277
51,9,57,0.008517438,17.27353181,9.872137897,1914.947114,3.899901264,2436.896002,1465.246498,8106.543586,15418.73965,25.79433038,37.05406879,0.115645903,0.42720277,8.541713392,23.37398444,0.002693693,,5.262254929,9.518766242,0.229534198,0.004616856
52,9,58,0.0174685,14.40677437,6.736645363,3129.82673,7.317132038,2118.897832,1308.984483,5144.77631,26223.47014,31.64299098,52.78774223,0.137077188,0.52381066,7.98077336,14.92123862,0.005215509,285.4316563,3.621118204,17.94806471,0.194628984,0.003748758
53,9,59,0.018387682,17.90934896,11.85488205,2736.660852,7.349553505,2159.646135,1299.037982,6699.683419,19305.2098,33.68660329,28.3729879,0.120892462,0.599761047,7.996775967,20.23779235,0.005812225,0.187951406,3.473496779,11.82323029,0.184302391,0.00462108
54,9,60,0.013038533,23.28668634,10.86138532,2985.221411,3.374845962,2246.842736,1901.467455,6755.074585,23210.81647,25.31568497,37.00459735,0.115584489,0.373690828,9.322212792,11.22448925,0.003413791,0.121559539,4.12146878,16.38954582,0.12090044,0.015595859
55,9,61,0.022256437,17.36195875,12.99240148,2118.059257,6.876596595,2215.099229,1921.139131,6706.273026,21903.85,33.21147832,91.25832758,0.167910049,0.599850675,7.828025186,37.6261626,0.006606043,0.077369254,3.046301148,13.48691541,0.167257297,0.006254621
56,9,62,0.014390486,18.23329313,10.35227657,2122.143714,5.221695123,2047.960835,1450.496742,6929.981442,18442.17637,31.92480411,45.86355767,0.135870204,0.668556984,8.712490171,15.4263278,0.004142608,0.043280646,2.305273224,9.373907616,0.249485066,0.002846077
57,9,63,0.012977515,21.69576044,21.74626159,1846.80202,5.041110904,3385.927112,1994.60659,11492.7324,12517.16026,28.51356204,21.76309495,0.079049035,0.467246374,12.30718419,14.12670162,0.007100156,0.064756789,6.039915496,6.590580309,0.250290118,0.002627498
58,9,64,0.107387392,20.99021813,9.479573318,1830.313061,47.87102578,2019.963007,1137.386722,5263.395209,22532.76613,107.7488085,82.93309618,0.281032694,1.112154587,7.944634898,15.27716299,0.019226976,0.103066248,3.109593078,13.67328179,0.154078548,0.027331134
59,9,65,0.00901761,17.30375046,9.949559044,2280.828639,3.956507627,2786.160167,1212.357269,9273.250039,13691.22354,24.35768041,26.23612596,0.084818841,0.358217014,10.06327187,12.89220875,0.003239458,0.388705991,5.869914151,9.478125597,0.260437005,0.006704332
60,9,67,0.006548534,9.653609957,18.29358347,866.3451967,1.88402685,681.6911134,226.1012805,4615.108583,4671.557873,8.265856171,9.573434295,0.068618269,0.358193738,2.865274479,15.76227412,0.002962668,,2.446546847,2.640039577,0.026555002,0.00400923
61,9,68,0.022281095,16.80829741,232.059267,2327.373319,13.17122255,3056.078509,2322.416145,10941.79672,15644.61585,42.11318905,83.1942465,0.228423018,0.813667529,10.12349973,33.79490372,0.009175687,0.332256918,4.405257444,12.8736716,0.197264335,0.010459246
62,9,69,0.010694524,24.6398032,5.64836289,2172.247676,3.691377431,1940.461448,1212.371334,6330.439871,22022.85601,27.26695615,34.73993477,0.136304759,0.614377179,9.157231774,33.0274552,0.003768932,0.493500002,2.646578979,13.67714366,0.176503821,0.101836916
63,9,70,0.100768165,14.29791797,18.31940695,1545.430893,42.09165527,2521.617207,1326.94009,7451.844618,7402.421615,109.2176703,23.44846061,0.380759525,1.317614336,12.49763922,9.768269734,0.020345072,0.051686695,8.280137151,2.978123229,0.214555786,0.006761413
64,9,71,0.015658248,17.09984686,8.371288642,2016.437174,5.684212587,2067.636587,1530.786888,6486.378446,22655.76327,32.97451697,44.33957525,0.097428423,0.948642112,9.541552967,11.87137457,0.007150281,0.066719287,3.018331936,14.11950364,0.151852597,0.002442945
65,9,72,0.01501187,26.26630264,8.714702943,2048.913857,6.354375227,2098.334264,1275.205209,6850.439363,23917.49152,39.14594493,69.91369899,0.152665862,0.651263354,9.604853021,26.68842175,0.010236934,0.64938246,3.421782154,13.30101197,0.143055176,0.005256326
66,9,73,0.032246755,15.86769888,9.393342463,3266.755054,14.1529969,1929.932311,1029.712323,5952.819769,21681.04111,48.09013817,43.91942696,0.152591796,0.719160642,7.178170997,23.557054,0.020780074,0.09322651,3.937793835,13.31548999,0.125481815,0.005285972
67,9,74,0.004932149,18.71659626,15.07348077,2574.485146,4.173116444,2131.536024,1818.372961,11117.23151,12033.44298,24.85693703,26.98972291,0.124308489,0.499418102,9.014418148,14.43814026,0.007081212,0.466360308,6.02929132,12.15231474,0.124591839,0.009338488
68,9,76,0.015550592,26.56312871,13.78933373,3779.151756,5.628746165,2246.135226,1440.733034,6812.256195,24841.95381,35.43159579,50.61124331,0.132493351,0.559657031,7.953870903,16.26677181,0.005704322,0.560526577,6.72975298,18.05804057,0.10757099,0.008234403
69,9,77,0.007699364,20.9195141,7.149487179,2557.82006,3.539761809,2160.616375,1340.358911,6980.89245,23395.89244,32.17988935,34.38779617,0.059712078,0.47015351,8.610901141,12.61499723,0.004654488,0.04027686,3.542595069,16.06917228,0.24168586,0.005491996
70,9,78,0.017604162,18.21884372,9.874111615,1981.445105,6.746725183,1767.050606,959.8341614,5798.866797,20417.82584,33.8520027,60.63983185,0.098396769,0.63800994,7.029802735,9.79212354,0.004239936,0.050784186,3.457783268,11.52803182,0.091040181,0.005115237
71,9,79,0.010993366,31.95510285,11.13006852,2798.923867,3.910058147,1844.317359,1389.518182,5328.51931,26267.09217,29.79080201,53.42335214,0.083200235,0.591991158,10.00866151,10.5968781,0.005802222,0.074429214,4.252615879,15.7275064,0.126804827,0.003949413
72,9,80,0.008178214,17.55148241,6.265188239,1682.286438,2.984960807,2655.220674,1249.016427,7551.448998,14624.67939,25.63520774,23.78918091,0.12055579,0.390303288,8.948498535,21.8914469,0.005518564,,4.38787146,8.957080203,0.212234828,0.003982263
73,9,82,0.008266718,15.78412782,11.71180403,1694.77308,3.187883841,2329.502983,1340.995264,8098.030816,9312.577815,25.42914081,22.72670639,0.096182941,0.332139886,10.45361002,12.30678184,0.004562663,0.021532563,6.536724761,5.28272484,0.167967594,0.01315996
74,9,83,0.007511401,17.86541748,13.6270797,2709.362127,6.474782419,2317.152945,2029.376075,10878.9119,13636.12832,27.90745852,31.79186794,0.135704375,0.555061803,10.07731824,21.46331476,0.004650579,0.436992508,7.793941214,11.44552781,0.152259114,0.009285168
75,9,84,0.017828846,19.73455147,13.00660321,2251.996242,7.589266835,2300.561582,1339.02832,5969.45974,20161.10931,33.38533241,159.1297361,0.225557647,0.960148725,8.388750546,19.84398398,0.005574818,0.012408881,4.271421303,10.92483052,0.13589455,0.006870849
76,9,85,0.010435237,21.47061828,8.731930807,2201.109742,5.792983124,2588.597133,1501.288648,7479.07865,21169.92632,33.13162525,30.21362892,0.067272478,0.565812922,10.88030508,12.95059824,0.003906712,0.051853013,7.249500324,13.34411258,0.181029043,0.006158967
77,9,86,0.010570846,25.43574255,6.870666494,2801.022345,4.754383117,1888.500077,1058.836554,5617.897567,24673.25644,26.65277211,39.41003332,0.091166886,0.450387769,7.502405809,19.18316957,0.007158571,,2.885179118,15.57798497,0.197620784,0.005470821
78,9,87,0.022882321,23.0884589,8.598802583,3053.439542,10.66625969,1579.748958,1152.999193,4612.939944,20656.16786,39.59429288,58.35973956,0.123241849,0.811587924,8.02215102,13.51005423,0.006446854,0.058808215,4.005480831,11.53918349,0.092059871,0.005128751
79,9,88,0.009654682,14.70080972,10.5516805,1495.959593,4.701854495,2488.688933,1188.340276,12028.06375,8506.695238,22.36879275,15.5727522,0.063701176,0.312967086,9.436093725,13.09253445,0.004182628,0.485105652,8.190337078,4.30001283,0.156636783,0.00266328
80,9,89,0.010307376,16.45801903,11.76310672,2069.813601,3.271404114,2333.667716,1232.867877,7664.438707,15937.08507,21.220686,20.52410752,0.263375828,0.571443768,8.811662634,55.75454164,0.002796012,0.083550626,5.460919213,9.993613778,0.141647536,0.006644066
81,9,90,0.006910231,12.61551692,7.390215965,1924.959741,3.506030981,2474.209836,1203.964957,7997.092963,13499.15466,22.62353985,20.91256503,0.061198875,0.361586263,10.62635445,10.32545584,0.002618478,0.108020562,4.793282493,7.331699435,0.202069325,0.002148347
82,9,91,0.009938534,14.65696551,8.696770325,2297.610966,4.802719334,2888.162986,1262.831436,8563.00123,17197.87689,29.26690372,39.92452907,0.101379631,0.254076987,10.42874914,15.32844446,0.00552546,0.194177499,4.314733379,12.32807306,0.200777256,0.002998688
83,9,92,0.00733161,14.16803761,11.11529431,1652.766561,2.896234375,2819.447497,1163.765909,11286.40771,9800.624172,20.61924026,25.57564984,0.065843436,0.303371689,10.8501455,17.83836278,0.001989793,0.356119168,5.842563166,5.494436737,0.141195428,0.014335498
84,9,93,0.013048198,16.40856054,7.909496986,2093.098174,4.784634477,1749.474721,895.6413556,6832.053435,13416.37599,26.53520813,23.89223713,0.106835872,0.305192774,6.531565081,27.26134964,0.005786478,0.047926629,4.906620656,8.920459205,0.099540033,0.004368497
85,9,94,0.011059533,18.30407052,8.668798087,1812.307351,4.426368698,2910.480062,1515.530872,8329.236834,16948.64148,27.97714444,40.691676,0.083235055,0.712711407,12.51328723,24.12704557,0.003247032,0.237519437,3.788355835,9.301828795,0.218114374,0.00373333
86,9,95,0.006718306,14.54129679,5.33800623,1784.806556,3.177821825,2198.063445,937.8686754,7156.800316,17584.87302,24.92108878,34.69119454,0.054438395,0.266971618,9.722961324,9.818700937,0.003192667,,4.350786644,11.14379559,0.156003392,0.004712212
87,9,96,0.00889102,15.33109839,7.088199538,2247.058361,3.503261042,2575.12366,1109.318683,8012.983777,14091.51963,23.23010668,24.47899986,0.087386701,0.342726509,9.687844615,24.61474222,0.01806939,0.09922421,5.409248972,9.051940476,0.166234923,0.005314242
88,9,97,0.008286575,20.51254385,9.929426887,2059.156058,3.82351231,2032.976699,1278.766662,6142.163291,20364.10851,30.2784263,47.93143826,0.078977965,0.439710481,8.606777368,15.07223825,0.032061363,0.051788881,3.91752561,12.45262956,0.161509289,0.003012962
89,9,98,0.041279747,21.61321448,5.838768791,3493.685014,16.69214294,3192.969782,1087.894053,6352.626644,25738.51212,56.56095733,58.28731004,0.182681485,0.640157827,9.8961868,15.69525322,0.01718276,0.066909236,3.408263964,18.71635494,0.17843758,0.009240832
90,9,99,0.007655333,19.76891272,10.97257222,2750.464569,2.696763047,2901.05759,1165.364805,10140.53822,14811.98667,21.72289878,23.00078004,0.121944152,0.388690998,8.528681136,14.93067803,0.004829637,0.063665642,7.317153741,12.77926417,0.119256788,0.00960536
91,9,100,0.009732452,18.42688234,11.0524267,2418.830621,3.346357503,1971.383172,599.3909829,6047.92414,14807.21003,24.47140496,25.18441011,0.126978851,0.48202871,8.45504422,22.97116182,0.005684673,0.03053267,6.496376047,9.066954226,0.116083832,0.00900515
92,9,101,0.012888834,19.41870486,17.90053389,2164.489148,4.26765129,2510.331982,997.8976305,9151.757266,13073.88654,28.75145941,19.04063217,0.097144451,0.390610706,9.368113921,28.33929845,0.005070807,,11.93515835,8.416099432,0.136676181,0.01278868
93,9,102,0.008555644,34.03846361,9.610765764,2899.687647,3.628026199,2485.506621,1565.928127,6461.287322,24922.98459,29.56818615,39.71944123,0.068492017,0.499388639,10.74813615,13.22774692,0.004843498,0.008208222,5.252479039,16.32878581,0.136535516,0.009241259
94,9,103,0.006692539,14.10320456,7.900498541,1868.778319,2.319624824,2959.114018,1521.132013,12610.27107,8730.711386,17.12092911,17.14433229,0.055189109,0.237066467,9.979768347,11.58847939,0.001893223,0.023767697,8.458452784,4.395437198,0.162530145,0.004805814
95,9,104,0.007299187,14.59566729,9.558536515,1726.509834,2.888594704,2547.283229,1110.892538,9549.27197,11010.83486,19.25610504,15.89814873,0.159250574,0.455279823,9.558393903,28.34340152,0.001915496,,11.50645093,9.005943412,0.10986015,0.008232438
96,9,105,0.012019986,22.16445274,16.5549873,2891.321125,3.471198478,2704.015552,1438.573531,8815.661835,18043.49358,24.63660822,25.94797284,0.112145406,0.487476597,11.69482839,16.02164792,0.00268032,0.03768005,7.680650673,14.34848588,0.140956327,0.015691765
97,9,106,0.007104411,13.13583824,10.64064413,1939.219143,2.839540217,2952.673066,1625.189811,12813.08472,9491.558134,19.15862852,16.71851691,0.116387357,0.378843408,11.35125481,18.63938728,0.00176462,,9.847324219,7.180662491,0.149512021,0.004499523
98,9,107,0.008905241,23.12970998,11.16849903,2896.450411,3.631450553,2767.792584,1574.577173,7591.057316,19999.87608,28.62819177,29.17583867,0.085512898,0.468017348,9.872780868,15.82191107,0.003451448,0.055657375,5.04606134,14.82956627,0.122614373,0.007831449
99,9,108,0.007299594,17.93170497,12.41613457,2388.787656,3.063870582,3133.929921,1801.42114,8955.937911,15404.95732,26.45566518,26.19945496,0.096094309,0.387441493,10.76371232,22.28840106,0.002904985,0.00137374,8.206306427,10.75692957,0.148455578,0.005415611
100,9,109,0.024604559,24.89793443,10.43983008,2995.477239,10.10014985,2237.540021,1571.229884,5712.84149,26557.37849,45.43077982,79.75166817,0.113131737,0.663038098,9.276699344,12.1112629,0.005207731,0.036472345,3.278922305,17.354816,0.097913349,0.004559495
101,9,110,0.010232009,32.43682791,13.3946891,3351.038547,3.625461715,2611.979227,949.677664,6353.722564,21986.48343,26.2648323,33.89378145,0.12962185,0.592165122,8.6843114,19.49503192,0.00603451,0.026574188,4.270767083,16.90090566,0.151985455,0.012194253
102,9,112,0.005845396,22.54975088,16.27092564,2912.74528,4.210699683,2802.344317,2719.307666,11317.46672,16850.55865,30.4381135,25.28346255,0.108848037,0.484501555,12.38696718,24.45799437,0.004921748,1.630597344,6.085139146,15.62073823,0.17913264,0.008955436
103,9,113,0.012398247,21.48964502,4.244629987,2197.761507,5.148156519,1901.564226,978.4137407,7501.976075,17913.39264,49.63893697,42.28311857,0.114603054,0.551862735,8.745604651,11.56988083,0.009429542,,7.275858493,10.40092521,0.127321655,0.004543791
104,9,113,0.019376203,21.94906566,13.19202145,3390.370765,7.449842748,2196.770207,967.2372706,5769.049321,23312.41007,34.26423855,46.7190364,0.115014497,0.462330458,8.27543681,21.27062899,0.004072451,0.148351709,3.255845843,16.5584256,0.109662256,0.012123961
105,9,114,0.010162791,16.19640476,8.897291381,2295.955699,3.81515036,2119.570122,1324.712384,7276.456489,16002.6891,47.59062952,29.26042196,0.061019435,0.394044642,8.683659836,11.11111025,0.005441119,0.072867031,4.731944273,9.977527881,0.14009893,0.002845564
106,9,115,0.010353595,24.32520155,13.3610322,2499.523159,5.038515627,2803.271047,1135.436007,8823.746106,20841.04616,27.70691723,33.94433317,0.129973373,0.481613386,11.22160864,14.32985224,0.007042251,0.70715392,5.704926844,15.19642728,0.177650084,0.009726684
107,9,116,0.011815716,19.41578432,8.820336809,3379.938158,4.461392281,2494.810686,1191.774845,7521.636884,22221.22611,27.12795079,31.99442199,0.123942923,0.458869048,9.757613342,31.3514576,0.00403481,0.126180476,4.360408741,14.87399054,0.183001243,0.002450626
108,9,117,0.007364998,15.3589671,15.58837448,1632.272979,3.221195847,2648.712019,1940.77699,8403.351344,10017.7213,23.92996185,24.5649116,0.068007207,0.304575696,9.147222414,15.62421656,0.002790056,0.05586291,7.148671327,5.55976749,0.179953147,0.001372224
109,9,118,0.007086611,19.92722708,11.32705591,3365.648728,3.075663735,3085.834027,1653.803856,6695.064305,19522.16819,25.46490215,21.86432833,0.086709371,0.286568185,9.184106717,17.64259856,0.00507563,0.029715327,5.346461183,14.64997718,0.144738887,0.005098898
110,9,119,0.009748292,23.52211729,12.41233059,2763.541353,3.816135526,2584.364669,1545.790349,6675.867012,23741.47858,32.18881171,61.05749269,0.076549226,0.411845076,9.586713739,14.01358931,0.018631157,0.122514255,4.758781724,16.97888846,0.134123506,0.011104475
111,9,120,0.01160692,15.87957214,18.01303053,1764.775042,2.903738624,2523.027368,1372.853149,9506.167343,11486.64458,23.69615845,18.23905666,0.097558224,0.348016709,9.184117545,13.73207836,0.007673511,0.083278169,8.106056411,6.787757034,0.153447975,0.00545634
112,9,121,0.010992811,17.07593547,9.629240156,2228.806008,4.123021096,2108.990034,963.4942972,6923.814289,17038.24091,27.2847854,25.39713047,0.091505825,0.388458551,8.327044579,18.87792308,0.004654102,0.030242307,4.488401811,10.51246693,0.140577403,0.002264816
113,9,122,0.016968804,18.96695739,11.8618753,3082.289701,7.687333041,2108.872035,1000.670538,6791.416911,17841.61486,33.94706048,69.33968038,0.134954255,0.621059321,7.594453475,14.78068172,0.00716478,0.759831684,4.472865794,12.3421433,0.115713074,0.007075478
114,9,123,0.007159963,13.0400441,10.8440225,1618.220581,2.563166222,2346.809501,1402.073836,7872.018835,9541.665795,20.45185606,15.93780635,0.082403194,0.347820774,8.141917328,14.87039027,0.00135007,,6.624135728,4.927266442,0.167976211,0.007756218
115,9,124,0.01483623,14.71524813,14.07330999,2345.743421,5.642775223,2179.787207,1203.96504,6236.702746,14356.41956,26.26389986,28.05756545,0.120828324,0.336740234,7.64700615,15.03928427,0.003449914,0.175137772,7.15884384,8.925453264,0.13998989,0.004361153
116,9,125,0.005903443,15.55549666,12.31996527,1888.362042,2.422882819,2765.604116,1319.725222,10067.95899,9713.245619,19.13988969,15.53590519,0.096648996,0.207193822,11.7825562,16.07398706,0.002484792,0.000278372,9.105642254,7.421166805,0.180140814,0.004647677
117,9,126,0.005531569,20.38838675,13.25191258,2372.182658,3.014498025,3082.111281,1342.574784,13349.47006,13286.11578,21.10548721,20.96598981,0.097932736,0.36033022,14.23775361,14.67245807,0.00179562,,15.16536342,10.12477515,0.145492006,0.003568566
118,9,127,0.007987344,19.45440132,7.907694754,2451.236395,3.177834048,1966.56033,1238.003081,7043.183456,13777.69757,22.03603077,28.43037046,0.131383267,0.47082301,7.884282342,12.87347841,0.003595664,0.186249827,10.51242333,10.66952631,0.086161909,0.003656149
119,9,128,0.00753542,18.03713268,7.656345172,2751.67076,3.478018793,2114.260993,1369.150942,6218.007088,17033.55858,26.75738783,22.85013116,0.060003027,0.428067056,7.9581008,11.44014252,0.004507212,,4.59883749,10.87059689,0.132835919,0.003465316
120,9,130,0.00162829,15.50797716,7.508379528,1907.716449,3.174243973,1950.255123,1484.342735,8794.73659,11063.9313,23.92759305,27.39590551,0.113560921,0.405907834,7.735152465,17.42865088,0.004547837,,7.84689954,7.880487289,0.114189324,0.003872484
121,9,131,0.006745225,17.7233193,9.80659306,2614.784608,3.038308928,2208.577198,1479.138113,7250.075056,14244.95266,24.57323818,28.70321774,0.117225068,0.480954977,8.564303477,9.925452986,0.002810384,0.081545029,10.16964826,9.544939328,0.099116819,0.004160388
122,9,132,0.007567259,15.88783012,7.3848038,2374.827161,2.486576171,2551.256984,1538.65912,8536.001949,13351.04569,20.10701805,24.55664638,0.105175221,0.416156772,9.135274636,14.74478788,0.004350112,0.02471405,8.078923764,8.65470714,0.12463023,0.004045821
123,9,133,0.008993189,14.35243171,8.553044788,1883.642386,4.416488544,2108.337054,1141.915773,7349.333741,11471.7966,24.58726249,22.25067486,0.106652898,0.325830726,9.319036493,10.99926807,0.00361546,0.091126163,6.450989512,6.340137588,0.126470286,0.002779639
124,9,134,0.007406911,18.30899467,10.20959825,2287.044967,3.527377217,2254.041345,1408.099833,7191.881271,15051.75379,24.24527854,29.72701648,0.141851216,0.373356626,9.035842568,21.30959204,0.004925396,0.119230782,7.5504021,10.71085415,0.100114399,0.006513861
125,9,135,0.008831065,19.25519245,13.2078818,3235.565906,3.165684856,2730.370812,1187.077114,7403.673518,22701.74521,23.96606112,35.06749753,0.099654296,0.53342846,9.443879807,24.68983834,0.003063352,0.014795912,6.193773687,16.21645857,0.144741143,0.013592775
126,9,136,0.007335424,16.69690686,18.12052864,1971.228535,2.589982148,2451.679339,1239.79232,8606.473239,9890.041252,20.90743503,21.38816609,0.13025484,0.403303934,10.44966249,17.58295208,0.002019084,0.013376388,11.13111303,6.26594607,0.115403609,0.033385966
127,9,137,0.006605991,18.34330881,18.84910992,1970.732016,2.891889254,2504.575547,1110.136497,7473.36503,9002.571015,19.6139293,23.68906718,0.15619488,0.365921893,9.606136677,12.10498876,0.002095508,0.213879316,14.2126743,5.388771371,0.150258408,0.009319417
128,9,138,0.009984817,12.67754819,13.61131304,2031.974763,6.765833759,2620.827522,1295.627241,10815.0065,10996.27501,25.37396889,35.41422416,0.10369312,0.385942924,8.386859597,17.93050207,0.004684342,0.103777546,6.210049543,10.00099887,0.232433806,0.003100282
129,9,139,0.01113574,13.25330885,16.49328131,1880.336495,4.846465776,2014.756904,979.4058303,7259.713009,13461.73197,32.34252757,33.11641523,0.105301884,0.484708222,7.731465026,17.64598202,0.003225326,0.023646339,6.09640663,6.682144311,0.179896323,0.005717223
130,9,140,0.007159249,14.25349596,11.58985836,1798.822751,4.201915805,1846.294905,840.6017231,6319.959931,14350.44797,21.35260047,26.68572669,0.072664722,0.371862097,7.466279219,15.83821352,0.004236943,0.079048898,3.729823849,9.142676193,0.161012043,0.00485476
131,9,141,0.012608855,16.54966945,12.64806465,2090.362421,4.551859241,2007.137251,1119.536207,7193.505912,15647.62972,31.43548841,44.27696439,0.122489454,0.444353872,8.097390845,14.43072409,0.017522175,0.129685049,8.149798308,9.822502161,0.117887416,0.003548325
132,9,143,0.007973775,18.46100861,12.37577015,2084.73494,2.428833319,2125.464821,1051.164694,7834.673888,10484.48136,20.15322765,22.46180894,0.082657638,0.309358809,7.516001202,10.96460051,0.004863312,0.14576706,8.374399488,6.588919019,0.145992408,0.391176413
133,9,144,0.008324438,14.67750112,4.190359772,1819.670464,3.968766313,1829.347163,1061.411855,6105.853053,14728.52038,32.82898802,30.27482883,0.084975342,0.578260763,7.498290747,17.65165616,0.004687339,0.088050775,4.298993068,7.882371504,0.11670031,0.000528499
134,9,145,0.011601066,16.15175398,8.532097453,1852.372845,4.549112482,1501.813446,554.6469712,6145.460547,14865.18156,32.55952577,53.96538641,0.129429435,0.742845614,7.592533066,14.42895843,0.00569839,0.138984766,6.198019512,7.61338892,0.11132779,0.003563637
135,9,146,0.005448707,16.40716948,8.768604183,1852.094094,2.63405906,2583.341073,1357.489337,8581.074042,14267.37188,20.98667259,25.00401133,0.087172312,0.383879905,9.603194956,11.84216592,0.001759726,0.058682655,10.38265183,7.611115345,0.207880466,0.003417271
136,9,147,0.008755763,16.36197646,8.265073686,2260.522931,3.217225087,2171.237,879.1516024,9468.987804,12617.10314,26.87630804,20.69355927,0.096693927,0.394973314,8.336689457,9.951086884,0.0036423,,18.41929816,8.935187929,0.115279508,0.002196163
137,9,148,0.008056551,14.97787163,5.901358268,1688.293095,3.057505389,1934.248799,1072.365369,6787.632428,14023.88019,23.71206852,22.82302062,0.083018255,0.631513939,7.171191307,20.68410102,0.003434373,,4.269206161,7.023649647,0.18460573,0.0044365
138,9,149,0.008681483,17.86855951,5.336850637,2026.639556,2.696344823,1875.190092,1300.619084,6074.989111,13521.59583,23.60212879,20.41940764,0.140828732,0.491794138,7.94703586,16.47552982,0.002546525,0.160631611,6.699568199,6.624474514,0.117674285,0.004902275
139,9,150,0.035760707,25.89288308,17.11607334,3012.060461,3.409076549,2813.928879,1323.869785,9450.639467,18117.61322,26.23274916,27.80805846,0.127978483,0.555227681,10.07549976,22.14557074,0.00343888,,8.149231261,12.74242382,0.159557564,0.00945081
140,9,151,0.011797467,24.62446292,11.89717535,2589.455374,3.966957203,2340.23546,1284.26013,7842.297204,16119.50612,27.26701985,32.35871724,0.12392126,0.613903604,10.06339277,10.79537996,0.004615623,0.162746825,5.007611388,10.17024705,0.160240312,0.008291802
141,9,152,0.012380052,18.34897363,10.40484387,2411.409185,5.52243385,1940.718156,910.8401154,7198.757336,16495.47655,30.70502748,24.9028809,0.107904423,0.542721666,7.164186338,15.1372259,0.005692597,0.104025922,3.243789002,9.388925334,0.17926522,0.003252464
142,9,153,0.006100198,15.78276841,10.05296488,2066.04133,2.499563212,2286.492929,1218.147382,7521.378835,11778.33956,22.22249578,18.08385424,0.099898218,0.419422267,8.086246175,11.68438163,0.003283033,,8.47433224,8.115857295,0.133530204,0.00165095
143,9,154,0.009128708,15.72210096,14.12561353,1706.160081,3.085190903,2143.551192,1032.894941,7873.922782,10165.77003,27.02937093,23.64888512,0.073492942,0.389040308,8.234598762,8.118991264,0.004098927,0.241544424,5.448181712,5.628233157,0.109779126,0.001641671
144,9,155,0.014654768,18.16516655,9.225509321,2070.135509,6.158906858,1961.92547,893.7246041,7193.712273,16936.40837,37.9377205,43.32109891,0.097902764,0.657959067,7.792413385,11.66179015,0.006494102,0.727464125,5.60014029,9.342196138,0.139446762,0.003529662
145,9,156,0.010305769,14.33957642,15.73147042,1528.19073,4.328982306,2537.282911,873.565109,8950.147382,7946.337124,23.94459069,17.01129454,0.076133436,0.282494093,8.203799716,13.87087935,0.003761996,0.455576574,11.38867955,4.34709773,0.143025609,0.001763481
146,9,157,0.00743409,14.08153104,20.17747753,1271.099589,3.089241018,2577.250554,1315.618227,7999.363649,9763.062886,21.12484514,19.86151944,0.087013413,0.388315909,8.665935536,20.83881983,0.003362325,0.163122697,7.710353037,4.500437026,0.197769452,0.006294892
147,9,158,0.009797227,15.59196782,17.11195407,1745.690895,2.862161026,2341.487563,1219.969938,8182.313019,10537.48277,22.03048942,20.78641203,0.15201873,0.33556942,7.691034755,20.17305779,0.003894954,0.799008035,6.647333798,6.353266409,0.144747716,0.006782901
148,9,159,0.007039837,20.17916333,12.64683186,2824.678493,2.685452981,2965.201445,1692.967404,13399.0769,13443.87493,21.6810793,19.82713474,0.1251426,0.308444215,11.59137501,26.2750171,0.004294126,,10.28319996,12.3191123,0.193680307,0.007997121
149,9,160,0.040749758,14.77186225,11.10091121,2216.760514,16.46410513,1753.556017,799.1427005,6390.201897,15322.7274,65.92592154,30.98579441,0.147844449,0.490644126,6.991733649,19.85361034,0.011312332,0.049667067,4.100127825,8.449430596,0.122107817,0.005261728
150,9,161,0.008237151,14.53139722,5.34286809,1900.035879,3.313702573,1899.770217,1016.13669,6881.246109,15700.98661,27.51746809,32.24751774,0.16338121,0.48083979,7.246151681,26.91556114,0.004176717,,4.176231761,8.684672042,0.141688598,0.002795408
151,9,162,0.001380033,13.57742296,6.084082821,2026.374043,3.24747685,1794.690518,1301.531459,8231.221415,8238.324983,24.54498115,24.33190608,0.108550588,0.398536208,6.846920037,11.29227093,0.003287631,,5.621956463,4.869555765,0.180542649,0.001733784
152,9,164,0.006851576,14.2920196,11.17400099,1885.523278,2.865202743,2151.674023,710.1309435,7757.664598,12356.64745,23.7124715,24.89139089,0.096614302,0.397108874,7.920614755,15.05374575,0.004994282,,5.85282352,6.270497338,0.174873465,0.004891983
153,9,165,0.012522512,22.31975228,13.62844873,2879.807624,4.210815583,2102.565597,1271.32101,6830.196294,18130.94955,31.51125197,67.9092823,0.162868246,0.506327306,8.739050644,18.1879372,0.014273814,0.027462417,4.916477842,12.26789549,0.120650369,0.006386656
154,9,166,0.006200396,21.88798987,6.774787453,2317.388747,2.429670179,2740.219964,1282.588518,9368.005022,17220.08946,25.67432466,28.93068447,0.097542169,0.538411753,11.50492893,10.83746423,0.00677522,0.273596757,8.545315177,11.3647781,0.149254059,0.006401583
155,9,167,0.00906455,20.29269409,11.82117021,2152.80362,3.371232027,2442.101236,1121.921913,7207.794897,14688.37798,24.90845739,28.65029713,0.10784638,0.430669805,8.970424317,12.59795709,0.006099393,0.177943241,6.352566854,9.483733236,0.11769532,0.00327222
156,9,168,0.008922055,20.47813245,10.75675858,3460.932993,3.13833754,2535.996824,822.3467575,8171.280772,16042.99161,16.30153692,42.97557993,0.139638547,0.321565148,8.604907,21.90346552,0.003701233,,6.558207969,14.0581919,0.155328111,0.006873139
157,9,169,0.011431865,22.74270574,15.91619961,2351.421826,3.564782214,2800.69787,1402.530547,8934.498542,13779.64305,23.89979371,27.30695785,0.153781746,0.410401816,9.777019425,19.30006123,0.003971663,,7.35055571,8.723524892,0.231076751,0.019087537
158,9,170,0.016532314,21.72834551,12.2878917,2264.809657,5.569261991,2676.242872,1582.33116,8357.484771,18638.61853,31.81569629,41.74570048,0.076980808,0.500548505,10.21734614,14.19878985,0.004639151,0.062879828,5.691836442,12.33096255,0.224989364,0.002117061
159,9,172,0.006611636,16.26447937,11.94487746,1817.124367,2.730457158,2159.261682,762.0039719,7977.131387,11025.60797,29.78002627,27.53305564,0.111959435,0.484968832,7.910351528,7.940699054,0.004030326,,7.7903288,7.203125101,0.127429018,0.00474709
160,9,173,0.007847984,13.51578815,11.61473226,2230.123422,3.080824583,1989.5929,1127.347055,6617.467678,13270.20795,21.56323988,22.70744112,0.078805706,0.311325187,8.577565177,9.255862838,0.002702618,,5.128835612,8.105234537,0.146208392,0.00253727
161,9,174,0.010695694,30.12721087,14.92211888,2584.055855,4.784480079,2064.887882,1784.516255,6847.641039,26339.75167,35.36464302,53.32829777,0.07625568,0.449837497,9.434796272,11.82050524,0.006061505,0.164985548,4.44769295,17.14634506,0.134998704,0.005572019
162,9,175,0.016251164,21.7959855,20.53890609,2211.00348,5.101703632,2852.630684,1473.046506,7979.453505,15390.32896,38.34500536,23.67151143,0.140567121,0.486769014,11.61663678,33.75596038,0.006150016,0.104481961,8.507083737,9.375570258,0.137830509,0.007635421
163,9,176,,22.06472139,7.024351598,2173.13028,2.633391189,2421.821731,1873.209727,9228.450721,13480.9651,31.75477669,43.88289949,0.086580159,0.478688925,9.474854354,10.50263302,0.003353831,2.951086808,8.202120176,11.1981963,0.193355515,0.004974302
164,9,177,0.002055561,14.49746184,16.14573939,1880.543719,3.163706084,2887.158229,1815.751747,13475.91751,10169.0179,29.81251645,28.82612238,0.090841455,0.519265784,10.86056767,14.37236939,0.003847328,0.105360151,8.754724736,7.360430698,0.152798075,0.002968642
165,9,178,0.01552623,14.0890046,20.72108355,2368.425243,5.764801344,2441.337088,1358.537898,9554.06875,16465.6449,27.33269784,36.21571118,0.133789686,0.500893201,10.76895591,24.18414658,0.003108535,0.201406374,11.42115237,10.74811477,0.127884911,0.00817315
166,9,179,0.015259615,20.55513927,10.93156966,1896.048471,5.455369745,1909.406495,1315.065794,6758.965236,17364.93446,29.30073035,38.94187352,0.094132591,0.418856453,7.100753402,11.56385113,0.003750679,,7.234692735,10.80098227,0.106484126,0.002988646
167,9,180,0.014677973,26.71670864,5.778634052,2337.723229,4.681868969,1778.197581,939.8040856,5803.979834,18628.13754,33.04586311,70.25374947,0.112524337,0.890618711,8.548077131,8.9332139,0.003870814,0.359843917,7.603666186,11.29241894,0.073602915,0.00167964
168,9,181,0.020850296,16.11659215,6.116051073,2278.782038,7.900787031,1807.972133,1198.501493,4972.591829,24159.79617,40.26253963,49.8458906,0.119821466,0.558404708,9.146463413,22.21907861,0.00751253,,3.971142022,14.6168029,0.126424037,0.002221796
169,9,182,0.007382819,16.75035392,13.24557754,2007.677222,2.137414631,2263.107342,1222.364286,7929.543507,12665.50932,25.6464654,21.358874,0.10427707,0.397713577,10.15964674,18.10938562,0.002691342,0.12802385,10.55326869,8.717794227,0.121616386,0.006552895
170,9,183,0.018531095,26.92639228,11.09799576,3015.150614,3.127927049,2316.832174,1522.658178,7094.103019,18792.77796,31.38520553,33.1097037,0.067183861,0.335748513,9.066682739,10.16648192,0.005757136,0.174723082,5.969906371,14.30683192,0.145370332,0.009231354
171,9,184,0.012265047,17.1645012,11.2719674,2011.906174,3.308984981,2559.423458,1477.551595,8835.444117,16376.52059,29.85374971,24.94766335,0.072576553,0.501215688,10.11572616,16.46818649,0.00304436,,6.678904962,9.754131827,0.155489871,0.00574808
172,9,185,0.025048049,15.8410527,11.52921928,3061.698552,9.154848359,1994.080576,1120.316479,5922.867914,22875.872,40.23143534,63.42059415,0.147126444,0.711883295,7.817624071,23.75834423,0.008399132,0.239903804,6.271188284,14.89417824,0.110131697,0.006075683
173,9,186,0.035367652,16.01805468,16.97630764,2100.521801,13.62324947,1506.268844,740.8799663,6059.736252,16240.59734,40.7630127,59.60091811,0.168760735,0.735939422,6.519631587,12.54172452,0.008925144,0.06225701,5.03472159,8.789530982,0.102301609,0.008040519
174,9,187,0.016759028,13.083222,8.512956431,2462.356485,5.74405414,1932.963021,935.042819,8750.536943,14223.54358,25.70669401,86.93898997,0.187246285,0.597033238,7.619265011,21.29832077,0.00449809,,6.820832441,9.720086933,0.120657891,0.003406071
175,9,188,0.005416895,16.84657947,9.517975822,2262.739782,4.929252386,2067.609323,1423.573177,9913.700737,12968.67077,23.04599844,32.15670791,0.054837865,0.941947892,8.33870803,12.7317425,0.005828005,0.094199661,5.386308896,10.48488228,0.164443042,0.002098946
176,9,189,0.006831447,16.59411689,13.37344778,1654.202668,3.058774733,2808.934872,1454.821458,9930.181324,7524.239956,19.81976343,19.59494459,0.088022999,0.237354812,10.97566465,13.22010061,0.017162996,0.068471868,19.89758709,3.271488066,0.134511952,0.005023842
177,9,190,0.007168604,16.47895702,10.25402041,1703.728305,2.573484263,2059.59216,1474.025671,7594.745916,11010.29835,19.05227202,24.30612158,0.07693907,0.248177791,7.35618905,9.564173179,0.003378064,0.060695762,12.20903958,5.613201712,0.135801972,0.005971116
178,9,191,0.029820856,20.64765145,8.580158923,4083.574211,11.94113457,2267.425509,1116.745834,6192.160667,21601.88318,48.0791299,53.85712822,0.146031859,0.564223817,7.459671477,20.0096472,0.012011516,0.109815141,6.079156393,16.53063413,0.10475511,0.007325737
179,9,192,0.015445336,27.95869686,15.09249436,3103.740503,4.940130371,2503.495141,1455.287701,9002.937684,19543.70354,29.79969353,32.74822906,0.09642888,0.457328676,10.0721739,22.94883127,0.005205291,0.187824912,10.98082176,13.48784023,0.161462629,0.007586945
180,9,193,0.011692065,14.4714762,12.35602128,2567.427793,4.779900258,2144.139531,968.8106914,8191.414253,15188.89648,28.06357368,29.373096,0.115011958,0.454103353,8.382351899,13.96422228,0.004813915,0.730192869,6.161520717,9.455462366,0.14955844,0.008365127
181,9,194,0.012698425,19.90290104,11.35589833,2420.575567,4.860798638,2310.724724,1181.341091,7485.377579,15040.75897,27.88668939,35.49451167,0.165624578,0.61657699,9.014363983,25.23684673,0.00464432,0.13440513,10.96017912,9.113127726,0.121080895,0.00777578
182,9,195,0.013236859,18.81348482,20.18039988,1960.298825,4.842761151,2670.844488,1738.839771,8780.412732,9514.439677,24.10828879,20.4113752,0.114667396,0.513552348,10.07354796,21.8082587,0.006371702,0.058374638,15.30061643,3.903578876,0.147538477,0.005277825
183,9,196,0.009621218,9.859238192,19.22101692,1386.154192,2.706384492,2350.191134,1963.233121,11677.83971,8550.786563,23.19394155,24.24758847,0.088004151,0.263770953,12.12583235,11.79577158,0.002892051,0.051909894,10.14115498,5.098450665,0.163523556,0.005821333
184,9,197,0.010445263,25.34740161,11.00959687,3939.654103,4.440987377,1761.724622,1502.554211,5225.274856,27855.35582,32.27327506,49.99569638,0.088306133,0.657254505,7.675290783,9.407053007,0.004597516,0.080944173,5.065217262,18.12301887,0.1426273,0.008706387
185,9,198,0.008170082,27.49944648,11.29570406,3489.520416,3.477370294,2142.019916,1450.837176,7813.744036,23028.23192,23.74003433,30.7043908,0.093977353,0.523998901,9.226383355,15.61621966,0.001961555,,8.620082709,16.16446875,0.143330842,0.006019205
186,9,199,0.115906829,23.3297485,9.372606217,3762.315202,51.07099451,2679.338391,1296.139519,6051.022899,32675.78849,119.5669404,51.6553094,0.271042606,0.961155004,8.859715282,17.82650007,0.023548704,0.045067015,5.93576184,22.84632369,0.1257741,0.007683592
187,9,200,0.013403689,18.93936384,13.59094821,3570.22292,5.689152937,2074.625291,1029.395449,5724.782429,20526.02027,23.86786254,44.98165034,0.11574265,0.413839715,7.64530598,21.70112353,0.004965788,0.056994299,4.642394966,14.45657899,0.116375734,0.009457692
188,9,201,0.010345432,21.26393676,8.638228017,3047.566296,4.588473878,2259.752563,1256.896014,6945.132745,18828.74099,29.00005145,39.25208171,0.114926321,0.517537361,8.069380166,12.71414904,0.004326631,0.045937459,6.238490016,12.3761953,0.127984085,0.003756823
189,9,202,0.016805955,28.45938253,8.997573615,4315.078651,6.004444828,2499.323434,1220.012669,6563.256322,26573.44679,34.25731193,40.50911965,0.141538254,0.467388371,8.937187201,22.57758903,0.006392723,0.041918229,4.871486895,20.1365158,0.164233644,0.006066917
190,9,203,0.037525239,17.36617174,6.430304468,2313.924818,20.84646316,2337.776873,1916.76021,9491.730393,14714.70814,59.96382001,40.88983679,0.170414343,0.671391447,9.646469499,11.87576401,0.009882491,0.816305864,5.969126772,11.6019482,0.153764979,0.006948676
191,9,204,0.011676364,23.87414154,11.40498917,3380.622131,4.008174536,2434.905039,1654.132763,6908.704259,22341.92393,31.83580589,31.83374206,0.074714594,0.460287127,9.466876888,15.29146159,0.005282065,0.651274031,4.644592171,14.75053397,0.170588145,0.004871412
192,9,205,0.010193706,16.74391718,12.27376779,2380.375591,3.621363248,2678.211206,1248.904469,9601.55644,16032.84748,23.94989587,36.26758026,0.06373613,0.532999565,11.67068814,12.83958709,0.00367061,,8.905819912,10.47547874,0.177665395,0.011145802
193,9,206,0.006867185,18.01797004,7.915916011,2214.786381,2.63986725,2011.545178,1540.109747,6548.8805,22854.23899,26.90007985,37.23072932,0.069392498,0.348495516,8.190884533,10.97259953,0.005025468,0.128440992,2.733252083,14.59243831,0.291392622,0.006762048
194,9,207,0.004975273,16.04153614,13.65297765,2044.649906,3.477083112,2259.464106,2174.967911,10415.70321,8613.494089,31.34579588,25.83685318,0.073101473,0.435976337,8.486343565,11.49167943,0.004730008,5.0997177,9.3838804,6.132379791,0.195313364,0.022947273
195,9,208,0.007587523,13.62873641,21.90161687,1762.030361,1.497846126,3187.108293,2008.103594,13107.19204,10253.43998,18.24123688,20.10457751,0.07328695,0.217425373,10.1821249,29.37169866,0.002256751,0.117104545,10.49550971,5.910303231,0.263772886,0.004826166
196,9,209,0.010480111,27.31205738,8.787553322,2664.515053,4.392789792,2075.403352,933.4309034,5642.651316,28467.94752,25.88036967,55.44667195,0.07727397,0.526332585,8.340593771,9.795806574,0.003832518,0.06435635,3.052867999,18.72480335,0.150670495,0.005330308
197,9,210,0.009466097,18.67892386,7.951339298,2633.997658,3.134763642,2163.69216,1197.150009,6230.522465,23481.78861,26.70413668,39.17217794,0.04964185,0.442624069,8.186747397,9.445370025,0.003089007,0.088418897,4.105727043,15.04147811,0.225245967,0.003878346
198,9,211,0.019075865,20.13172465,14.82305989,2596.950477,6.002020985,2091.573637,1060.29638,8175.235115,18929.36599,30.88581952,57.66688983,0.121793313,0.810174988,9.716409917,13.27504075,0.011491924,,8.971772755,11.31233664,0.104918464,0.004453221
199,9,212,0.012865685,16.50717371,12.15388116,1982.235785,3.945778233,2245.715037,1417.232079,7656.028601,12247.52057,23.66683218,33.7282071,0.14686944,0.466691233,8.561552081,11.49450268,0.004893402,0.089619482,9.32232547,6.949233861,0.160061528,0.003082748
200,9,213,0.007896057,14.42915861,12.19123037,1870.832213,2.746908574,2470.232217,1392.384676,8600.736629,13996.60448,21.24665577,22.76851652,0.048029699,0.331227072,10.86072493,12.77292286,0.004994846,0.047730861,5.502973685,7.648692133,0.273380785,0.001593947
201,9,214,0.00394524,17.88785591,6.34161203,2589.69638,3.328060493,2799.928824,1495.669834,10404.80299,16192.73199,23.36249682,31.44815353,0.063381227,0.392742413,10.14554514,13.87364255,0.004235787,0.184117112,7.581741362,13.35312366,0.223217072,0.002148035
202,9,215,0.013989607,21.07517043,11.1104867,2266.027298,4.728165699,2107.783492,1225.330896,7293.067582,20896.21895,31.25954297,47.29876906,0.155502077,0.626019867,8.797245405,32.66721551,0.004745665,0.533272182,4.775925552,12.37905803,0.159890152,0.005613681
203,9,217,0.013118855,27.92956516,12.98201013,2429.497969,3.914683718,2625.700718,1591.966842,6465.740043,25057.91599,34.89432215,36.1535437,0.168204049,0.580787309,10.43229935,54.72056664,0.007602361,0.099009542,3.158964242,14.30508792,0.243200224,0.009572075
204,9,218,0.014224738,20.36498175,13.57941268,3213.057441,9.717955244,3866.863263,2093.664353,10553.60503,19019.27415,36.68809689,65.75066728,0.155437507,0.678389422,10.42713387,31.22054202,0.007648169,1.861007674,4.406967352,16.5941013,0.228089958,0.01058398
205,9,219,0.007360374,24.58460524,7.173821686,2770.900367,3.233150091,2356.462748,1476.204001,6830.597705,24101.51302,26.97606819,35.29986696,0.122231089,0.611741344,10.51277934,19.01291279,0.004428296,0.088143536,3.628104553,16.86960164,0.260532119,0.006914929
206,9,220,0.007802059,18.78195922,10.82994727,2282.670625,3.178310313,1931.755597,889.2034437,6233.550859,15609.88208,37.57323026,30.08453466,0.064357224,0.394228817,7.566998041,9.726756407,0.005942515,0.457645908,5.467491026,9.355240638,0.112555246,0.003938405
207,9,221,0.014848409,16.62142487,13.05142519,1992.42155,5.870452963,2411.369722,1384.061966,8961.778806,17488.39054,25.18572901,31.97815022,0.064229951,0.356183254,8.610117356,13.84309808,0.004788243,0.495493439,5.904990273,12.1102662,0.193822781,0.008392082
208,9,222,0.006505219,27.30802846,6.229844971,2612.113658,3.086848392,2165.07947,1427.014475,7413.839034,21046.54734,26.67701256,45.95887361,0.099893319,0.424118021,9.491467803,12.59118957,0.005195569,0.076765312,8.01141291,14.87384545,0.131356715,0.003404084
209,9,223,0.016788935,20.40833109,13.29220362,3108.257082,6.870545084,3040.877662,1032.895268,7406.814342,23402.19633,35.81882619,78.64613433,0.101390761,0.528871613,10.16347694,19.91276786,0.004242093,0.075533626,4.740372101,16.96328076,0.202024876,0.012117441
210,9,224,0.008212902,15.84538142,11.12300561,1694.876708,3.06165845,2328.581732,1226.13864,8462.007898,13840.6733,23.70483142,23.72065053,0.092371721,1.67025488,9.837588447,18.41434432,0.002508876,0.007193242,7.201960363,8.445890154,0.150117543,0.003030402
211,9,225,0.00927321,16.59378732,8.807990038,1958.37201,3.843991333,2813.083933,1589.929456,9130.646525,16162.13459,28.49095504,30.04272475,0.091739646,0.474638459,11.18027038,20.1883416,0.002092611,0.026483324,7.499447436,10.23314648,0.2621896,0.004945257
212,9,226,0.007635303,14.3962085,8.885015212,1449.400946,3.553718747,2996.244442,1326.140397,9820.407327,10152.94846,27.50801909,24.18302399,0.061448506,0.473146911,12.03509792,14.59656163,0.001981889,0.029124503,10.2203683,4.687716222,0.241671811,0.003516816
213,9,227,0.01331626,18.7480842,7.241536429,3346.827794,5.973386852,2508.863664,872.1684012,5575.859103,25698.73968,31.9406696,102.918999,0.123661913,0.648625262,8.696161479,17.62873571,0.005385948,0.130372324,3.685085975,16.47327348,0.151210131,0.005011911
214,9,230,0.011018406,27.55741213,5.646737612,3133.745701,4.148424464,2173.914833,1075.422784,6923.877402,23631.46137,33.9562186,59.97138247,0.120591594,0.481312123,7.546654022,21.09916505,0.007520596,0.361999121,7.250898276,16.95459735,0.104781828,0.010632258
215,9,231,0.006641273,18.27116686,6.660631565,2058.059737,1.934820146,2498.975455,1414.35,9027.711359,16838.61005,24.94343776,31.35418803,0.081795464,0.436017971,10.1434538,21.34724087,0.002030001,0.111206896,5.354436397,8.852954942,0.174861579,0.005173692
216,9,233,0.027517771,12.29704568,11.74799007,2708.098373,12.50189245,1543.348981,876.7754333,4467.910281,17207.84861,39.77555537,38.08244682,0.131644701,0.561453863,6.641191915,11.86851938,0.007890708,0.091506741,2.441251107,11.21918946,0.13051042,0.004341506
217,9,234,0.020531723,20.28420686,14.34200831,2922.659485,8.406187327,2940.119265,1425.524378,7097.199258,22495.95092,38.7001642,67.46138984,0.117510837,0.609984914,10.52404459,16.14658884,0.011661274,0.155709983,6.959023059,16.1145954,0.143922781,0.010295072
