"MO_ID","E_ID","X43","Y43","X44","Y44","X45","Y45","X46","Y46","X47","Y47","X48","Y48","X49","Y49","X50","Y50","X51","Y51","X52","Y52","X53","Y53","X54","Y54","X55","Y55","X56","Y56","X57","Y57","X58","Y58","X59","Y59","X60","Y60","X61","Y61","X62","Y62","X63","Y63"
"MO_507_E_323.jpg","E323",634.032314775972,954.795410500615,621.197683090703,907.241194967461,682.042942973633,898.992822068131,738.209102050258,912.923822717854,226.768862287789,824.528551864909,265.524009921145,838.275510636091,274.849192856751,797.250739564892,125.119456498433,136.583113935813,135.962448215176,162.260887726615,177.269149782641,144.914450400625,720.322640556814,-233.904062925323,719.946733228461,-198.341902576531,767.886098549293,-212.283904745754,-1241.11912780372,1634.81351489691,-1329.46372211873,-206.667752242075,-1166.51119665686,-166.044815070963,-1214.16174910484,-600.010758210366,-684.197586634514,-1528.01982268896,-248.5562576344,-1103.2899503805,-321.337127354818,-1473.05791417597,116.216132520815,-2490.95913626346
"MO_359_E79.jpg","E79",583.173472556502,781.221944239449,567.74048064738,741.996861646038,650.414218431589,734.127927845297,707.942981687474,721.276518992514,200.154319153703,834.803320227451,224.571272774376,837.481271849462,211.213928951819,812.047191624125,146.789807676941,324.905649459035,161.226005959703,346.534991497751,185.070040089946,320.922998275831,674.094386407996,-234.693329251619,674.364656628706,-203.350759270135,713.601785292827,-219.547910299032,-909.5840969329,1507.51675570489,-1582.25307205214,249.495332169811,-1270.04249263842,226.900400707142,-1438.5788956106,-524.818409359669,-893.388273675635,-1798.80176176513,-349.457664206253,-1392.76584857171,18.2467668103594,-1735.5125696731,724.700372046618,-2329.7405760484
"MO_360_E_82.jpg","E82",628.731918034026,808.657372675778,638.663147078002,760.272812718827,765.08420466543,825.407970855843,828.704611143415,819.495166275703,198.134509900297,769.710529602024,233.556529234533,792.332201478357,210.4883150648,725.941966267709,102.151893972979,197.001238850339,127.687934433489,230.698706574694,154.04130768642,187.430791005126,630.233844847813,-231.748738148112,639.228461411113,-189.369968895841,696.060864561417,-204.478314665066,-945.884050387109,1527.11629054818,-1691.80833989143,117.043900142408,-1219.04530375318,86.7619571760466,-1442.92884393404,-566.990766829832,-1050.01216701063,-1456.14248865264,-336.366452530069,-1094.75218555029,-205.661402750264,-1681.44180932153,1038.93901822301,-2422.94663210769
"MO_362_E_84.jpg","E84",503.098979296831,791.070970059937,519.851288594412,753.878228952835,614.948001971579,778.584133847875,678.248045288325,775.322610782732,63.8619399358896,747.517424401376,103.477733938375,748.958342253211,79.6820477156778,716.21531092872,53.7204011673816,180.253395770794,70.3895703579931,204.624312841962,99.4127152158521,181.446129609356,723.56902557027,-159.572587976523,714.819878472548,-138.619259635221,762.901034840586,-144.894098262411,-555.090369385902,1633.59006544258,-1553.17107498772,421.591960931909,-1268.54955630682,271.036842168224,-1385.44429848151,-535.282961637044,-957.668579850096,-1447.38254553072,-432.043849859548,-1472.86653501555,164.350128138113,-1762.43576029862,999.636938367756,-2543.03597963542
"MO_371_E_96.jpg","E96",625.737362114682,813.726485630189,627.791527136192,778.310177396388,671.903584075859,774.597738616996,739.294575464722,765.964528692613,181.830742085573,790.766755908434,214.760960615129,799.644461856874,205.422182756416,768.444771609199,147.757747208629,285.023229045784,167.382537333506,307.064683901847,181.57407613962,278.623311834544,588.421582864328,-134.656327053165,590.89654205059,-105.248289093387,619.892086812658,-112.624587939613,-812.008148282041,1359.5229821344,-1451.74555666424,280.044639792293,-1230.64770120522,120.068595175752,-1459.53397333661,-450.625770218916,-1019.24612824507,-1602.63613225016,-534.873294633569,-1496.50360877313,-138.890969613805,-1884.63281282044,1084.28026532264,-2334.87483344649
"MO-372_E_97.jpg","E97",636.315134009721,810.316989893135,651.423519554525,767.692346498693,697.488872970512,769.908580797018,761.530596290321,791.479353472327,189.298659039263,841.250401957536,219.240667643519,850.734466197001,209.07223032883,818.90680948612,97.6143441126723,277.117335456869,120.645562562335,305.037904421344,137.687644066203,272.881329092438,627.000559414435,-223.751270497507,633.150985715058,-195.982180806476,671.669171374555,-206.977991575761,-931.266916191487,1484.09738684168,-1480.02758894661,175.326919453331,-1187.39105390355,157.127254724111,-1466.79978523211,-444.851308158982,-891.596573187157,-1685.44483657811,-498.379070985008,-1442.77037694608,-118.137100473898,-1822.78834240187,921.460141837873,-2299.31077132681
"MO_476_E_219.jpg","E219",527.704383643601,735.737184231673,536.527648210209,699.436632946529,618.43221677821,701.75915650788,685.781334560761,700.847006285435,120.71887627736,802.874688528186,153.833006418471,800.857377524245,137.500345344633,774.996846455977,68.3146521933978,214.360500014697,80.1105158207817,240.673701714781,98.5567721848624,203.034432056312,684.138997889137,-122.666412677053,678.021953035457,-96.5018315346357,724.885824036181,-96.875033848432,-706.355938161475,1584.07573845064,-1548.28967541307,377.677284322098,-1261.71059862029,249.074292257316,-1411.79097669955,-457.708329549527,-784.854919153,-1602.0294192883,-397.735854567278,-1340.57196849014,-49.1459767332625,-1694.11181698085,1045.35741295486,-2674.94002892682
"MO_504_E_324.jpg","E324",526.811657139967,806.125494436124,526.076127926551,774.397137079757,617.940442732092,776.986443556097,687.30042380773,771.088615094789,17.4330929775427,865.300992478613,45.1024449061369,874.526375580475,36.2501640114987,838.125058466981,-44.4059032718719,191.715627242163,-32.9713138800449,216.189875217453,-8.49708194486943,192.457801350761,687.28767209805,-307.396992615845,691.158376927421,-265.338258993244,728.236994261233,-275.850138480884,-211.385376694505,1522.81714862393,-1580.31489218064,282.268735557226,-1320.68146628238,332.555094367236,-1444.58888351043,-404.583684897522,-824.682699799324,-1727.16552017297,-194.397185451992,-1214.11667980549,132.243816889486,-1789.35256863581,966.083589338342,-2460.75055544984
"MO_505_E_326.jpg","E326",654.34696932242,887.631874255307,670.89100877281,841.175696842168,789.184169200889,889.46099629178,841.892137986889,914.390004752607,37.3221140464156,864.970424020708,75.5801425042935,878.594927097501,70.2624514073242,824.353319354767,49.3927439705287,80.9717863686624,66.9685799850815,96.4687762579152,92.1234870163944,77.7134021393332,879.247074331995,-176.231177597665,876.92707663924,-152.423089467907,925.890071800312,-168.858465893734,-903.410497370672,1396.77444260327,-1538.33856761149,136.02282511199,-1312.91543999053,26.1549093171236,-1325.68803499814,-664.304669071664,-678.263950194611,-1548.44466689014,-292.086433530762,-1318.54000107524,-179.041379690401,-1463.03940435645,199.716276402019,-2422.84191006034
"MO_509_E_329.jpg","E329",648.545641634657,944.187678683136,648.242205290942,896.930802671812,750.01273133664,907.981208201369,804.089036216246,892.649479023277,403.363834696036,953.161558189846,435.709909291197,976.635648152271,434.339938079849,922.855745350713,-222.298401904846,-22.2628309485158,-211.625976994049,-3.38645149351178,-195.50472192026,-28.8779148575585,523.838641425484,-309.897396561451,522.618733860334,-278.945230127209,551.984083722842,-294.709395038184,-954.811067594356,1885.50235904167,-1262.8607844801,-355.407499142243,-1022.40809913007,-246.296637249701,-966.103287564716,-259.780695719265,-913.950698606995,-1637.98072840299,-505.428812339131,-1314.3140276111,-124.243554607032,-1547.29246830324,656.490649587332,-2080.75320385913
"MO_510_E_330.jpg","E330",467.012935930531,799.694621788799,467.922551973448,760.600020374905,534.36301591158,733.438615426609,621.409887300596,733.365454055702,169.873929481556,804.826379160125,199.982052860798,811.360695429946,193.109006544282,774.85501498324,62.3414507242904,271.155823210664,77.8224963841107,300.265269718219,104.093352706553,271.497721216559,635.750595792912,-370.020194350068,630.987813235336,-340.290549662174,673.951480621753,-355.952884938738,-644.882027788442,1560.54623514566,-1380.37556882498,567.34403014713,-1296.79226757114,438.343285931516,-1426.40376575136,-506.472581959894,-910.219678257754,-1705.96001905237,-477.609209154791,-1553.86896636718,93.0568021377541,-1848.06131404708,1204.60514574297,-2146.66665621159
"MO_512_E_332.jpg","E332",574.912579444165,764.997002244533,572.350990302419,738.484102171433,647.259565147687,778.045256423136,707.589690688075,787.448064832887,-5.22244452671222,738.537626840247,27.6176712177055,746.068879899389,22.6486443514895,717.009614710918,50.5632082306636,16.2780585245868,52.9395608512061,49.3960290508127,88.997524100362,30.5764639929104,681.033751335446,-337.868076035645,677.792749265558,-310.691624111957,717.701026766111,-319.487810664421,-833.43879779602,1455.660352873,-1497.79644328447,395.911921779486,-1325.47717978451,261.928973554572,-1334.82143128641,-819.111464658504,-2.48638353186825,110.639151620711,-242.354676659464,-1707.30055946837,-206.921249618191,-1792.24029275297,627.111644786763,-2304.28167082676
"MO-513_E_333.jpg","E333",608.866334503703,719.16376680782,618.737084041987,667.022205039453,846.365989862871,654.64399778388,906.814290621389,633.486541098838,76.827100482773,817.942141241526,110.584843832873,827.252178060489,102.713602047125,768.589180404847,-175.417254814689,83.8722718445783,-130.579134207659,122.041690479413,-99.3146727646766,62.2722300500437,586.118089359661,-314.741739899868,575.826805281885,-248.812314317803,647.776017836822,-254.898253000673,-347.62615805463,1702.96108531564,-1633.28067219572,598.334896922699,-1362.48003440612,316.779913085311,-1632.74673738728,-414.61948298978,-755.232843235902,-1765.16389850395,-308.710179883601,-1563.85541774235,379.577334882423,-1868.55870440275,985.180194196772,-1543.71228727733
"MO-514_E_335.jpg","E335",582.643014941959,857.571986182849,599.239243793417,818.835309906636,666.010529109015,831.272460326652,733.561870255875,838.336705688173,111.34373857646,797.376458535216,133.961699677179,811.63251989289,143.278626772151,766.352854811286,164.001165192473,264.635059032452,171.626751984423,287.68679092897,207.418176456257,248.993857532921,723.661806885487,-208.21335497798,717.595112420771,-185.320794306784,778.127170421566,-186.590506103488,-953.762445201608,1312.96628230574,-1406.68051891246,149.978943063096,-1281.5411522339,43.7942116956962,-1475.53921805975,-181.872678102387,-943.993304091327,-1626.19507222526,-352.745329636773,-1416.00289668966,-42.9588124251944,-1685.56669903467,724.751874073968,-2539.67143846237
"MO_515_E_338.jpg","E338",666.179045793561,767.97470038754,688.779417460037,721.875009040866,728.566135915656,718.157209936762,789.644049776017,730.887224468764,257.859205994802,667.061624542391,292.181693237218,669.917829395926,279.821586533804,624.067926350087,-145.56534930403,61.6211276126525,-136.619698265088,73.4322210009997,-117.101980029624,53.8215121762527,685.628143361261,-310.618951867852,681.444320268458,-282.60639806107,715.175156921874,-291.770501684457,-740.682291333424,1688.21718995965,-1688.40346334985,422.476276897359,-1385.2765040716,227.300251535574,-1476.16167387044,-352.037788685554,-1136.77516559625,-1386.25320421156,-432.806623469579,-1295.60511200202,31.885913831582,-1916.64227397977,1442.22808019562,-1591.27587281255
"MO_520_E_341.jpg","E341",543.324556717241,722.97767844016,529.683083739942,681.194717597956,628.901848114412,735.919931897376,682.976517548174,752.041876140146,104.966600387311,745.654484907151,135.010791526884,749.678669482304,128.953927957717,721.244628968357,119.326498382604,260.954808446723,134.236349920707,289.589061296784,157.773141628112,261.173595085822,641.958073914162,-107.322300677988,637.484177717551,-81.284349331946,675.160841278215,-90.0499801440427,-657.151716041684,1465.62812078871,-1576.26729347555,367.3024755476,-1318.59943258311,299.705824929207,-1472.28782619907,-326.135793167572,-776.163273236627,-1634.30776417001,-380.120203917353,-1320.80831942563,70.4898870744588,-1895.30576183972,990.343449545913,-2597.85160477137
"MO_522_e_160.jpg","588160 (Rupestris parent)",774.280345146295,805.096771171304,756.795293670714,747.746320447856,820.13466124017,743.057706768435,900.561999268802,735.894735288829,301.943474270021,772.227776928429,331.408275742354,789.401916275344,331.597758891086,725.577970461454,-31.4765033997131,124.598423789001,-22.3224144212891,151.460597762393,7.20948779235906,109.549201386567,677.014635366665,-192.782004534265,654.885956673115,-145.694549636699,727.513176092727,-152.085864270875,-1199.32407750034,1309.37193665718,-1614.60682254808,216.109001430443,-1409.27508298,117.827167017992,-1509.1903978523,-349.062636451919,-972.74259300538,-1376.89406835571,-510.914884257974,-1294.93674837605,-121.895551594634,-1698.50014102701,1108.40326340543,-2137.96351273268
"MO_528_E_348.jpg","E348",513.96006356253,822.710144214355,518.164236579631,777.456088089114,636.584661453615,809.816805018227,699.488559425318,825.608791644655,108.919727240631,863.057430151058,140.760674544915,867.551621624088,133.591834808178,831.335480291828,69.8720330234437,154.280206610586,82.9317776830213,179.045887285739,109.994853760171,152.302100984898,719.117829367275,-298.247593516218,715.226519323546,-271.327657856348,754.358042742288,-279.174974544629,-814.872382109051,1698.46722082333,-1491.65966235954,290.831583138571,-1239.2522315727,219.480244355146,-1345.54532132629,-450.486129211529,-884.000821752124,-1601.39056058505,-293.397878227724,-1269.14370997573,107.900097268799,-1884.9318241003,757.857386564055,-2437.24115444179
"MO_529_E38.jpg","E351",558.503125487986,829.829306270713,554.893939794725,785.086499169741,630.519156292699,783.565946661827,689.308611450166,815.886064011392,131.097552490462,855.960247904057,148.885711991547,858.659825183852,149.395890907,821.039049590735,-82.7099980629732,127.74314248468,-64.4072960095034,154.893804917038,-42.5663967578979,120.186561437674,743.854777396816,-192.353622902608,736.078601139648,-160.386479904777,786.849510480281,-167.305152959887,-705.319587703664,1712.06631655458,-1455.60871201808,334.70433451638,-1127.51788350021,228.509070901301,-1344.26767014386,-553.123902477194,-750.252908841472,-1640.67788695168,-386.212994463608,-1367.04819249984,163.979898202661,-1806.10654253751,665.496671867284,-2541.1283893705
"MO_531_E35.jpg","E352",699.071750125601,850.468843620576,670.067550994066,804.800072310076,736.4661514364,794.486534920581,798.715423182638,784.169261009158,207.737611470377,832.391729879942,240.913558429536,853.168265535791,236.807823734697,804.75431111652,-95.8885192744254,101.835868070912,-73.7827753993013,128.133494508822,-67.8740116624171,94.599764375712,646.283194089091,-429.647633909921,658.691946697204,-386.068473035151,693.974318440742,-400.559363035155,-755.281522472292,2016.15882259454,-1631.23915466075,210.410565406551,-1288.8410702725,123.582925847053,-1406.36271155369,-691.866653810507,-658.788553179093,-1462.96921733846,-360.059306191731,-1437.80421558355,63.5925795261801,-1904.22256865834,685.795716539664,-1685.82233382512
"MO_320","E26",524.992427198244,917.576378144046,524.388329805199,876.85105368941,581.589115518658,860.930870483693,649.853697874836,849.329366854435,170.673501824946,895.532042691698,215.987020013289,915.840450947371,208.606616133507,871.344284554897,39.5483847555087,183.379852227361,58.7518084276433,214.868279265458,86.8698196063486,187.973891265666,721.551934647464,-223.079429976641,720.027607890828,-188.431698808241,774.372209507376,-204.716833324443,-669.313145621867,1299.95131379328,-1460.29625352597,275.556448703781,-1210.57129571712,139.060557232743,-1419.36846428507,-419.694188004585,-712.465816301229,-1668.62783161406,-447.234875795144,-1335.67145477209,-11.4843528894023,-1928.20953171059,653.521730931945,-2519.76382164317
"MO_321","E27",760.306386488591,681.983651646625,759.213831710526,620.842036965972,915.299528236938,650.577900828815,990.186620627862,647.11852914654,221.759750373254,764.493711281425,250.434114245904,766.63281632814,254.788228291833,723.424035777151,-30.1831861184687,-178.118062140864,-14.7080225670585,-143.041332849612,20.2928027716944,-172.65644359533,649.71231930494,-270.813792763525,657.551106350642,-234.422165192156,692.00067105985,-271.805142271591,-833.691360536358,1662.53045626131,-1785.31232856311,-357.107111460469,-1584.01560462245,-448.380214832784,-1508.34188395303,-1159.62588519849,-116.313236476788,-418.041740729097,74.1921253157459,-288.87120790604,-429.17888692791,-915.351173483758,56.0070249873908,-1659.36886581224
"MO_322_E028","E28",575.560558309222,857.532841114624,610.929526780035,838.651711832431,658.051866040069,814.438177671411,720.056030923179,816.778583889292,169.962726241838,814.786941435047,211.289636140659,829.342970836596,196.679950775474,795.57924384338,-59.1926831987462,114.455618654228,-52.7448893065328,134.915161432205,-28.6938672123084,109.830778445928,723.495035315884,-268.988452244759,719.468131587007,-238.816204567793,767.542575705696,-249.997694771464,-591.09949286956,1581.71040418221,-1374.96918676007,466.225651886213,-1155.68127340585,318.549612650644,-1633.69504695849,-560.124482034571,-778.844997105877,-1937.21283247117,-456.938206167898,-1590.0514256007,-57.6486234680424,-1915.7666359733,836.472228634315,-1731.83997021046
"MO_342","E52",495.326401324939,829.913647928456,494.249767750895,803.218546277071,558.252083413399,791.200158839185,611.373128322659,782.373116278251,46.8060039010735,802.958363674779,85.318948859087,808.919550059201,73.1151735933711,774.984054034065,-67.4927693982832,131.196730572076,-48.1214066766951,143.522588074411,-23.9676863853132,118.431351064257,636.504744415423,-323.439535098805,629.041888630352,-287.487188372277,675.247469858598,-298.787820094136,-901.059246636087,1341.31011117648,-1342.07880308777,643.4480559886,-1192.26777572542,555.617640733228,-297.674888688042,117.673761622976,-778.058084911312,-1946.1975418955,-413.29056663108,-1715.54362013772,-75.4003318567633,-2083.06320546366,834.175949926964,-1990.24876526095
"MO_343","E56",624.965382764944,805.322810579623,522.023082075214,735.591929470109,644.691783320347,748.027122943154,706.493048318006,743.996388221745,208.044265350642,789.751069811905,262.390756876224,799.073500784343,230.408585766872,749.691572730354,124.245454039638,299.838598927141,153.434067163134,335.40044691219,175.642749454333,298.757060316617,629.574027567091,-197.465219312188,628.328922566848,-170.136335424368,677.399574370778,-195.286285561764,-853.934512949881,1558.37133495614,-1632.68085151776,317.924741384622,-1357.36078874947,210.656286252799,-1493.00002505619,-493.856521013124,-606.217042923216,-1850.1208111597,-117.122403987047,-1540.28872595812,258.050981764439,-1735.43429671049,214.622943785045,-2209.81466815098
"MO_344","E57",687.531397540523,859.409926394018,653.444483430977,821.950383811587,720.467309200524,803.672064267832,787.673930824086,765.812778427058,181.580634110925,926.238956166274,229.27827190558,928.487375148197,207.177032529369,885.062948545577,-82.3078365077223,167.915105205238,-62.9665727576763,217.616100843132,-1.46905683218125,188.481674648723,674.225566198458,-240.947106071266,671.977147216536,-193.24946827661,734.231280924961,-207.07078077432,-725.792617846612,1482.24366524696,-1563.89677617315,317.87259863308,-1292.80043633011,212.374796360107,-1349.48246694934,-655.197794238255,-692.256034948343,-1706.94428527069,-373.397754210031,-1529.28273190745,36.7204802298996,-1865.766848425,560.062018443323,-2178.67935873421
"MO_345","E58",534.989946643371,938.7649811866,526.792672424368,871.377842426782,578.485452385922,867.323959750057,656.867737511678,882.605423201957,250.948183451483,853.06607241871,289.439857977627,871.683904416889,299.430195919738,818.681697247419,138.591532088756,263.962412745475,160.45622376766,301.359769982239,195.360327641568,260.966755170711,702.36708727781,-235.031863226949,704.645230722131,-190.065237036077,764.714302633794,-198.72882327957,-952.135847502011,1310.58841450008,-1485.85857709795,15.7001082366531,-1175.36696118735,16.8704604564293,-1302.19227817574,-560.418999125721,-943.797568001709,-1622.35918903894,-270.212031490908,-1469.22116803912,125.717184627177,-1386.6796100864,200.757328382577,-2610.44691190723
"MO_399","E127",550.231582163841,687.323117307342,525.762496013363,640.396563268053,587.102716728105,631.178627841575,668.218284254692,636.876778903179,71.7487656149499,816.827335997297,116.327658369648,797.889598914515,79.457804814158,767.889893820399,-10.8705019821436,97.8464337515534,2.3684795954824,137.398836286298,38.0670658752636,105.557484083598,723.865626152446,-335.714473796418,722.357887951526,-316.775027802577,758.641982188653,-317.697862489703,-712.056843354432,1897.51153737296,-1557.22556794818,650.100585316168,-1327.95495665116,441.950172185992,-1514.73283181029,-349.934421302673,-711.526715284124,-1712.47018741793,-178.075505022758,-1511.60434985159,87.8987087205635,-1778.58009251573,1080.39386361038,-1985.97054987232
"MO_400","E128",483.509190042423,828.698112249954,521.735959688741,872.895120758362,910.512583630064,971.405177527937,959.933662697308,958.179173557399,307.342925743333,859.710880456078,333.04854227214,871.734439298744,332.675346566007,828.325139652833,-84.3302800517047,79.0557668844635,-80.847566345814,95.7229440016502,-54.6167138332959,82.5112498613371,587.055938636228,-236.633396766697,584.679257061082,-211.01127233622,629.663219589421,-222.343245087373,-797.541081071159,1593.58637682082,-1548.72674078528,190.807622901546,-1297.7241185868,60.0819065799538,-1169.98463724131,-618.919297755852,-751.564856449251,-1571.74769589501,-447.948332956277,-1409.05645581289,-181.647029450942,-1799.55388943655,764.774730845085,-2223.44865746048
"MO_401","E129",563.886701540105,856.43912479019,567.338683977428,820.976558797584,624.225689284819,808.396452359361,681.246680081742,805.652171420247,187.032689362077,778.936436297847,228.6111274374,798.045348240024,231.848733091471,746.845461448845,6.01701669530581,200.980876466223,20.1355346668442,226.36644307856,53.2289790910271,200.337746116463,643.652613776613,-220.886445511812,632.385565135816,-181.382360927937,687.412593735011,-186.067009868967,-668.283463159141,1542.18422750867,-1539.30142448628,430.589693099855,-1262.18813943785,263.509801911907,-1433.67857482776,-481.815573992001,-748.336400068403,-1734.630481032,-427.576457213203,-1441.90288372189,17.893293337429,-1815.89929280917,934.448557979551,-2416.67629367199
"MO_402","588160 (Rupestris parent)",674.661819045846,846.203198398308,663.792048682156,782.223394579347,747.762547328179,779.691278067757,841.917278070754,795.874698346808,207.259112736688,867.398263344907,258.323228482139,868.74383752624,244.049007884212,819.966646316625,-72.6534280990483,96.5717976578974,-50.5048649872568,136.312627891218,-19.8375081192473,88.088110064507,762.476239491188,-324.897358934685,750.305387710196,-290.079936129433,808.616947808573,-289.232369860573,-897.194174628193,1708.2709023881,-1598.78436123184,211.148723688672,-1359.1949144509,165.558682527996,-1114.98698425883,-695.89519209746,-978.678259254581,-1467.40924009442,-717.770262549302,-1485.33752494332,126.026648353228,-1921.96558079171,724.41449198604,-1691.23495794675
"MO_404","E131",368.369848855859,667.944694729755,325.964223754392,620.225940099444,749.475554861178,643.402486653627,820.549507790743,622.520719037391,195.172872110393,719.965979688944,254.065046874432,731.048953366055,215.781059188608,674.171253497448,-146.818019338296,160.76053821635,-118.608647297786,191.077072777072,-86.3228610699421,156.044275328187,667.449308786735,-118.213926356467,660.503420462732,-86.4628414914222,708.191279218113,-92.9041772714995,-559.569529582294,1833.40110632164,-1328.7883814271,462.231840094932,-1386.91488282244,212.862557903444,-1385.19816083546,-479.495795053647,-875.324302514544,-1295.98378394186,-510.978726709819,-1400.75889018585,-35.9887893835568,-1878.6700081419,1468.99017907805,-2343.16799527163
"MO_408","E136",714.77992717564,828.46289946948,702.426457190476,779.88818958441,761.688520964596,749.054094892679,832.787270466129,743.807617178114,193.300256701891,952.37726890133,240.468493117459,952.692179258281,218.56395111719,914.378187341956,-39.1928024751271,-38.635385652887,-33.112498330489,-12.7603792483222,4.16366143959037,-38.5539078857942,745.642934994849,-362.083218133253,750.376666211168,-335.014045365614,784.184189926152,-345.714449219084,-1016.16509086875,1610.94925263993,-1636.10888314874,195.952811401321,-1398.08079050306,87.9797490139668,-1458.97138604684,-673.256873372793,-383.332871676775,-1574.61427425135,-97.6554649142558,-1543.23493831503,330.598769425603,-1035.15381954234,-216.361310766716,-1856.520958695
"MO_416","E148",496.745402173303,717.581441739185,477.918430178145,667.211563312175,604.73877751801,705.356927252114,675.973860144737,677.605449838858,180.222839818836,762.16098435875,217.429568015519,762.324384446934,198.398650831397,729.477936364818,-68.847531132015,107.841545387101,-42.8480308477282,144.274257613782,-13.8728823006961,110.368758171143,686.2931614569,-178.162813718436,677.400024540776,-145.072173553293,717.608997647488,-150.594973468192,-854.062463669745,1603.31561541052,-1492.67730996788,425.788570068619,-1247.10357516455,314.863750617157,-1361.17689238364,-216.192542283557,-713.39649986684,-1270.26773614374,-416.135423390952,-1381.93913493633,-102.395233212031,-1650.79147459102,1379.78612961096,-2735.1503358866
"MO_454","E192",468.638386380664,827.078571597851,501.207055573194,762.472636235514,613.978937469412,770.907284455846,678.163935607598,780.078363558743,244.359945377099,788.708832212052,295.581244201,804.30862066982,289.996920410849,746.446888320763,27.5470401368115,83.7541936299275,25.1569508322005,124.366738649709,83.6162318682995,108.628830678716,707.808569922308,-293.925328873848,703.452019453731,-260.621946145823,756.148616802664,-259.917310902483,-789.383568671024,2040.345580603,-1722.91719148183,183.90132655551,-1304.70796747627,43.1057302980201,-1302.16392927763,-488.925626067129,-883.92792003029,-1607.78216327438,-182.43036199225,-1307.59942163707,92.7605804872475,-1523.33442269934,697.114504406224,-2321.99737786539
"MO_455","E193",565.131661315732,947.203070500578,557.990383863165,898.614512023787,614.496016246764,899.700627059724,670.924068984941,904.822858694491,186.667656770934,891.477184644765,222.759967224119,904.283751250068,215.463530480702,863.767425970934,103.68761492997,167.150401964264,119.289023807313,195.713536737763,148.084897517084,168.00377806393,705.065038081885,-241.201516436559,704.59956020934,-216.984816843587,733.007535691988,-224.513992523275,-1078.88269830617,1404.15342256206,-1310.35160331445,2.69198206021604,-1072.53104256526,23.4136475355561,-1167.84822306543,-269.126238715707,-837.751888281792,-1478.10128191088,-466.42916118956,-1470.96395453186,-250.344726416542,-1789.81914087609,636.972388015265,-2580.2852572302
"MO_456","E194",729.22647644115,832.716087655716,661.687945159833,768.256212589972,759.917716262717,794.952443065828,813.882874081332,802.003223638296,64.6896234820494,830.562610121026,96.4817478527455,830.969878178865,87.310651793591,802.234785827887,129.231319603287,177.424615546843,139.503409815986,202.994077850481,155.698142031551,179.882957472151,671.009230908066,-414.485486598301,671.825137421126,-395.396629586155,710.084284693583,-403.385277880194,-1111.20277502068,1610.43256405546,-1618.48314689335,419.483152708772,-1378.51495889624,303.317196752454,-1411.7654928019,-824.324514275455,-339.994450642156,-1253.63824804856,-260.040370833123,-1372.38346555457,-143.145114751587,-1561.67004677052,572.597750292006,-2329.94613675
"MO_457","E195",617.545508239838,628.84314894086,616.507187926033,586.594893039535,655.607097697584,535.676129561598,720.945076348739,535.991352522351,207.103483439376,796.492260966867,255.252879880845,801.073385006727,233.422262599706,772.787535402029,58.7742144100419,136.261893710801,72.972644428372,166.657769131468,99.2899833399833,142.953078963108,722.704765066929,-389.250064740362,719.382781892242,-368.031534380314,755.964409933449,-365.088565695411,-607.835138873494,2116.40973446218,-1933.92411065928,229.430515061359,-1624.52941850604,152.65293712976,-1627.84718464154,-685.996574642791,-672.596441039781,-1574.14461833115,-131.089688257042,-1353.99181614669,212.913215677636,-1390.78873318751,649.436471096404,-1474.53272677441
"MO_458","E197",589.227198001935,820.916501392827,590.741101038612,792.395482530494,654.597538095974,774.810655378806,715.240524597395,781.843117705361,113.271322415051,807.093191659808,147.294691311626,812.7126778188,134.102018633951,773.877237716128,30.951605331864,190.654167211766,39.3424128157375,224.149398200792,71.5141983578731,192.807240110528,711.673518246348,-192.699804075686,707.955433344846,-158.575508309997,750.492749093384,-169.66492599196,-802.652345496549,1538.33994618132,-1446.59153948019,306.715161168731,-1267.2218415503,232.338777797509,-1420.28571648858,-332.55936882397,-721.197642959152,-1576.79329331136,-457.02000429295,-1524.63550648593,-91.3328637200818,-1768.35740923371,949.897642703193,-2525.36773864027
"MO_459","E199",672.191660877718,805.249955001427,687.10544158734,771.836782988441,773.661742871434,770.811818469598,844.559155654421,780.469430440533,249.117727055297,739.978653324797,290.964229004512,742.903397064329,281.742114569738,711.389447151269,71.8737476615611,113.280195009005,86.3922414888993,136.91855967392,113.196431656515,108.401631940847,708.835554496852,-296.582152902658,710.229518423203,-262.261423376744,747.668850340877,-283.222621614128,-846.204754917634,1648.32735440669,-1666.26215564352,315.142752985337,-1400.06213323806,138.607819891257,-1518.78272469154,-615.296864033773,-765.993749990709,-1757.08414302239,-391.706968180234,-1647.42208079127,-324.204719879434,-1839.62915054105,675.678790852757,-1081.81936206542
"MO_464","E204",740.319154891402,818.119235411093,713.174571422645,774.085884071167,918.589258230164,781.245617382793,974.372247628038,758.646577920032,323.430698925417,827.677429489975,366.410488189255,838.583777721676,354.880980323444,797.730828494601,26.7792925848749,184.664442040628,44.5978709360626,214.601185093706,69.6057564257593,186.929820586905,568.882945451156,-221.267848664796,579.047311423824,-184.28033698272,615.881497682945,-203.085672640812,-1051.46090773905,1649.4539447102,-1630.87465623886,74.4822663878387,-1346.04902335035,-46.3971314389148,-1437.58746475813,-674.897895072876,-730.298387359909,-1733.33456253734,-375.222429315859,-1548.60947720369,-341.118526843024,-1575.14568795178,616.639321490195,-1719.20239681769
"MO_466","E207",581.581943922956,806.909789417909,588.106546523397,780.288659694026,632.89463632124,770.721479566101,687.026257488549,769.088366423132,256.629186145516,731.556569770301,285.400915020196,743.123505438617,289.107053228487,708.963555900639,62.2804636716595,182.731071810298,78.4472038283535,213.182730859713,95.3034927821463,178.182388914233,724.443096557284,-172.989349738189,715.471440899533,-146.516446967561,760.259530697376,-156.083627095484,-847.174421067455,1525.94319057844,-1550.33445494378,240.598172444508,-1284.94233093357,197.729183067564,-1568.59515342297,-349.955554281271,-1076.11364245714,-1668.48555459672,-527.297578030284,-1362.62223903313,35.2124713013674,-1809.93116245571,1062.29334246714,-2182.43472971739
"MO_467","E206",449.776136216277,647.85041829816,430.381018659509,591.748566708012,808.555275501665,668.272018637596,891.185241347238,671.109291608872,130.889881423939,726.167055504486,167.424599962681,719.817241422121,152.624765761281,683.061881805839,-82.7654749184328,24.8869690264602,-65.7867019583185,53.5610366759042,-50.3246039095845,30.158585259949,720.617021279513,-235.580569031278,702.159479208815,-207.21711807418,762.296616891327,-201.314314888379,-806.942981611065,2135.90129382373,-1731.85120344607,496.075694284742,-1344.74842747406,362.249383143041,-1424.0753271062,-357.729468182977,-433.042601231112,-1724.09588817506,-175.792216591089,-1379.66237082794,188.240951481462,-1689.22366840488,711.178550512208,-2016.03603861425
"MO_468","E209",750.173942873513,875.491911288143,752.95670025192,831.250487671361,794.628005862572,799.805570382631,859.593845898306,807.007061752458,204.303346571595,868.72394189578,265.467900188398,878.334037974817,242.170329748399,833.323022276755,24.6571171023926,90.7554568847024,41.7380163479281,115.278106388437,53.2182758985149,88.2636371769154,615.683475014005,-265.185858799974,612.276240371385,-234.448633774034,649.83941646218,-241.598291032013,-1074.68828712017,1587.53867445061,-1516.51746761163,214.7934561974,-1265.98568799938,174.679459995986,-1381.19235729161,-527.553886012655,-955.408305766892,-1785.03099204655,-301.005447940421,-1373.06239340914,-124.60269982445,-1739.60714950059,752.693640963434,-1998.75761976103
"MO_469","E210",770.857112649103,824.404224580315,758.184403713212,772.854751890622,886.981876921652,760.483044718048,973.296037849172,746.657668641956,32.8248743634283,902.318517245702,60.7971743751437,910.15243043678,65.775675289224,871.547242787613,-81.1255038572241,-86.9149170833219,-61.9263793887805,-57.8716664479626,-34.780466068017,-85.7687160188483,626.738238908035,-434.996354787326,620.152013983159,-396.397431737357,678.136252641107,-409.046998426378,-436.340432557134,1614.07962389162,-1700.21746224736,346.130861447639,-1456.24286934422,181.961415893258,-1572.50976882826,-708.144283851599,-831.635458243132,-1763.24954560119,-279.215797119176,-1538.04001897356,320.48542782985,-808.595400336985,659.765049130209,-1641.56444826904
"MO_470","E211",625.73950527009,726.436137419644,602.468665176918,704.572925589858,658.605528649799,660.453268156636,716.703256216756,651.804825340597,133.790190296067,904.129642821451,171.129447938887,899.426694106685,146.98185063599,872.948493983019,-55.1824188051895,173.573277822667,-36.3056479477296,197.466665316004,-16.414153980888,163.817290828804,650.396156445184,-253.794677260734,639.128609936477,-231.343209093127,687.941691246189,-232.252599814959,-721.447941533105,1691.48457459248,-1474.5543944179,293.279187902428,-1237.64650619184,219.596346049612,-1265.46432439874,-511.707677858231,-1023.21290210744,-1425.14920967686,-480.350979634104,-1284.54488750038,-67.449121088803,-1846.8786319406,1345.14348829337,-2373.318436785
"MO_471","E213",582.733361942179,785.89531894466,586.418536521061,729.69278838008,876.360211234304,820.004673710918,942.533307302742,806.933125628856,89.2106862567035,825.98308304345,124.457920286719,833.007325514928,104.415068577408,794.489033814919,27.0896068607522,170.386110760856,52.9026011491576,205.457607828677,78.8082507987856,169.729130564083,810.548288434683,-267.291863285856,815.557037589727,-235.857993958436,857.201316828876,-248.181690343627,-858.614032643328,1477.55539892696,-1670.32940323737,310.033081351026,-1329.94147941151,233.042859305896,-1478.92370414828,-630.545278947183,-896.474384679523,-1758.56938560007,-372.267493037886,-1324.49017800153,11.9487240165125,-1590.47996901602,646.365579358288,-2106.79317862259
"MO_472","E214",763.626977655263,781.204628387769,752.163111004428,738.388094007154,807.099276187179,725.193032068751,879.396130225868,700.159381107341,164.757579884901,903.514993212431,204.157932092325,907.914189717997,185.113520139914,861.166861797029,14.5132570819492,169.925711512094,26.258165511912,193.650361749202,62.8980996974445,169.364891742987,642.470203093839,-306.824198088842,634.117108846945,-279.894462960177,674.055808517078,-290.445891670704,-978.441291827654,1579.87275889252,-1627.90339062688,137.4736006522,-1475.58798446379,38.5068447467244,-1535.85130555849,-451.238403613329,-711.893661886232,-1248.78064762579,-369.548748027391,-1327.76365807012,30.3579151976987,-1771.26987093062,858.24129725371,-2230.11821663461
"MO_473","E215",530.079818920774,698.160740037389,526.283738317549,652.958756756192,876.551600531688,710.219674864409,927.456648560226,683.745473875292,22.2371343501071,798.708261723684,45.4269098201425,797.021178923466,28.4700408709285,773.428998486056,-34.809449576457,52.4795245665323,-25.4452540045661,73.8917291999919,-8.27793430331471,48.1306902045559,790.403707558658,-187.504925771668,790.307575527308,-160.433813707335,823.486399351496,-179.6824939304,-764.933874882409,1565.67931082913,-1623.29759067476,624.709440956193,-1315.15102433438,404.650747617364,-1440.76374338987,-462.914792623056,-859.158465271241,-1690.30992829163,-490.410979084843,-1383.30128984457,164.900411973014,-1669.1810764179,1036.64432973995,-2150.45620745371
"MO_474","E217",531.108046439863,658.5267318009,521.95608101486,635.820235722584,571.241270750541,621.740854800019,636.191426976583,620.511299833975,-33.8236248180458,824.576074250733,-3.10846932034519,817.80064805075,-20.621446513128,800.814360253891,-20.3613778922448,173.492082683069,-12.9693350825632,190.037930044429,24.1120667273886,176.778129059094,558.963192793519,-470.882376829341,554.07798221283,-451.82877767565,595.882121488391,-457.107625958272,-412.677560954719,1778.83557813026,-1476.37151965807,932.153318133026,-1266.54607617297,584.352884209476,-1438.12289858997,-412.787648813708,-553.758645714648,-1860.84095410079,-117.866636431267,-1531.58480664175,255.301327450361,-1858.08079737387,1107.39407529364,-1772.32713957885
"MO-304.jpg","E7",588.075476074012,852.018248973348,345.278494803453,632.972609211313,625.961285374709,784.34815161576,693.631382732295,822.233960916459,-133.382727342593,847.104961993752,-91.4732594297824,840.399203156205,-110.863519633678,817.712300648953,-154.733154202779,51.0479870161815,-131.207777703854,81.6697325168254,-108.688569994939,52.2770711720279,828.070767052835,-289.59805602471,821.924329725707,-238.468423847247,859.084139265568,-230.08673357427,-612.060662097932,1398.41326027717,-1105.59150072829,606.270519324643,-925.660754422793,477.188219619513,-1379.74029345202,-229.571111754883,-882.64484206421,-1492.55880537844,-384.535089503005,-1262.78578126259,103.51094206226,-1991.34340332468,1155.04533348504,-2529.24391127537
"MO-306.jpg","E11",557.88070887352,735.083002944446,504.181327855667,669.990121850172,582.074910544509,649.487810739077,679.827287653363,657.217870929729,146.085877043856,734.60869583999,206.334227669103,726.518131241401,185.563129611919,685.739619954099,-69.821610925498,142.683878151547,-26.0516271176512,193.660573594944,-7.74865302590214,159.685593524055,740.069272839146,26.6648375226759,724.503209658922,98.2782375502134,803.309095984941,90.3220664246638,-681.376676608399,1476.22318393945,-1531.1464989021,380.634524994125,-1192.38649395519,284.777881844946,-1339.14870586245,-366.334364021469,-901.645033586585,-1491.72394547573,-494.723182900075,-1303.19193206108,-49.2285233850758,-1869.7620482718,1163.447958534,-2680.56374121548
"MO-308.jpg","E13",618.163347283302,851.028723002653,574.828421352477,791.670172392962,632.886995656214,762.470141755425,697.212310023257,790.316023334572,214.230809622332,861.576927065756,254.76089075845,862.014960715014,242.144988595745,826.315048547713,10.009563873603,190.927734292387,48.2270066167139,228.433953809167,70.8046855777819,191.584784766277,708.094853860518,-251.999440917404,699.433053368109,-193.585255000502,745.8059655601,-203.026576113507,-949.773770530807,1601.56771908618,-1512.97476238628,214.237908318787,-1245.98491769682,136.818610029173,-1398.36015645268,-483.557741634348,-651.572865424044,-1646.78994836407,-342.522147640929,-1299.2863205565,-148.189729666528,-1659.70496357261,732.775457649505,-2571.01246095711
"MO-309.jpg","E14",773.053540909036,856.637861700414,693.69498169506,773.420136710446,783.595045925408,801.493079731762,844.493688320426,810.412595608329,87.4534083798757,883.448390276071,122.594607219171,884.722199860622,105.486822814169,846.067166015871,-18.8694762838555,158.151534021112,4.49414497686366,192.558636727555,19.515700835051,170.933064458394,691.246329669373,-253.204276069394,697.966405932098,-202.925461520157,737.741452487305,-211.653443500285,-947.567418485565,1480.38809524308,-1520.96834568249,151.365245389136,-1240.07087467163,134.292349221753,-1363.73081465914,-471.833164241679,-698.383477671181,-1645.71325797325,-385.272645998273,-1204.79281949699,-127.39631426232,-1585.55725806526,740.923238550617,-2568.21067409755
"MO-311.jpg","E16",546.154509473372,787.834849308102,486.64928038282,728.954525353947,561.641882527191,711.053706081838,629.785068685599,748.237554585823,-25.6621558208188,891.96743111856,15.7313842099562,879.54152209926,-8.17537189743858,844.888111047311,-105.770990290134,158.794001454673,-74.4914958409031,193.869152081961,-54.1618218972869,161.746178482052,673.879966988437,-410.547583808343,670.084310810379,-344.192938731827,722.747828141576,-359.672607559035,-574.235491277066,1559.59117372356,-1237.09540309296,604.462880528019,-1037.81289384913,482.718819333819,-1405.9818460059,-322.408861119756,-758.790787959638,-1550.2514306971,-396.479964497966,-1418.57337680258,77.9365437379775,-1953.59711626168,1294.04744747191,-2394.41599021862
"MO-317-E-22.jpg","E22",711.466487024528,832.914896180074,612.569850434632,761.696372255263,727.728169890523,784.649464001292,775.274293514423,766.538363549369,111.179257605441,796.77378615046,149.359692038257,799.553620631754,140.818865572298,770.634952106181,-14.0444889596092,136.689355264858,4.27282717359475,171.783078024061,30.9280158642784,144.306288381054,702.029492277615,-153.398390931032,696.059022838867,-104.103511232245,731.975977436793,-120.259639927998,-727.735800380194,1566.73846598248,-1641.35443606951,350.696200161829,-1280.33384161793,232.975678110729,-1451.55546331087,-554.361449704421,-723.309864218858,-1735.05321960618,-242.516376221767,-1304.45241047523,-94.9288289993232,-1657.64333258373,782.117148106808,-2486.67856633858
"MO-328.jpg","E37",691.015890827381,793.408906078837,625.940693649214,758.875448856651,704.215136591903,727.927187034363,776.499739451792,697.718467547815,267.439097994293,958.20753811965,312.732669783151,955.655890642996,288.846810848835,909.955796987831,223.691319723323,185.221897667661,241.957109742713,234.656453699968,263.328071898816,210.733844067214,305.956347840472,-133.55333324916,336.978111059637,-103.937153304601,359.458386719351,-118.87500281316,-1118.07405127697,1400.26265619185,-1259.92370531234,-339.675635765771,-1084.7392582397,-349.142683336643,-551.278248069755,-904.539501240203,-214.07637735755,-1374.89347890061,-67.2885446305507,-1417.34139762531,0.965326081203592,-1504.82336906631,-1103.64452732522,-1585.8425315931
"MO-331-E-35.jpg","E35",695.807993142328,765.022664632129,638.480858361664,718.208866416036,696.969448809084,678.399554082961,775.840062166836,676.018354464603,332.557008007661,815.506962904211,381.372366087314,815.322777127409,355.342766938718,779.99958536584,112.587134302722,263.286771908009,154.984368433333,297.655230181998,173.847832324481,248.172685481153,628.367750675345,-147.642599320838,635.729339910783,-89.9245565841938,685.9824323224,-103.508815790687,-941.137743557144,1443.31274879372,-1651.17261231271,228.567052118348,-1409.1894746664,146.095495190638,-1527.96344052454,-566.051668161434,-943.620772458478,-1818.12601101976,-493.607563802581,-1515.02128832376,11.0620858703129,-1872.92545956665,687.760159968856,-1762.36834989976
"MO-333-E-43.jpg","E43",786.079046944868,828.717288615917,668.249373074553,780.849061374384,775.525231351178,743.881031926039,888.557246388364,792.626486277677,69.0365360985633,802.819720385067,120.727794511585,800.805323978672,103.676046409442,761.779678117273,-131.702060214802,71.0251672363191,-102.88901694358,93.0261552680144,-81.971017663294,71.8482138015397,693.484298545333,-310.405461877988,686.780604395573,-252.16209041163,721.885818533945,-263.538952570539,-941.745737555907,1570.20752734031,-1506.01824723976,463.616351094175,-1219.55582873444,321.993184161286,-1461.89757169463,-352.61389600007,-875.08930416501,-1590.34535601076,-313.026614136888,-1390.67424086085,43.0721677279146,-1693.77171498972,1076.821234367,-2249.68347685514
"MO-334.jpg","E41",622.120576398991,871.870814448155,519.78091669312,812.425310906531,642.587974765403,791.166872578943,708.764886953298,752.394313692878,116.914327157538,817.819334736457,172.85754016223,819.398746784995,151.050089105645,776.436964482307,30.3687879370722,198.94170114794,63.9555371561817,237.404606663377,90.8108777290182,212.300411359008,701.822596270229,-149.290582877725,696.259507094204,-93.1756366531112,747.875576531561,-99.3918456396177,-806.517218897911,1400.41468600956,-1461.03735436048,289.842261729538,-1192.89504121042,214.425568734945,-1302.79363046679,-483.266941303616,-846.668379763247,-1506.02168957494,-425.267652081445,-1359.22328984444,-184.005889424185,-1811.30346232098,954.015972249962,-2693.16814506023
"MO-335.jpg","E44",791.588286402934,908.304454037936,630.959255625791,826.866484183957,793.809887778128,856.185398165575,841.432389597346,823.903436953195,162.483166595411,897.898563588358,205.477104200351,904.206666659719,193.217599111843,876.831311857458,-89.2144215835735,83.0780327529471,-56.6150887461657,123.254955161826,-37.7301089612687,100.190792948814,650.865262015841,-392.595005334834,648.643660640648,-340.475949462473,683.46459485325,-352.418082925953,-928.417164099704,1676.74862891328,-1487.59382379566,305.798616854091,-1165.35833981067,95.760842795128,-1393.66738321483,-585.290625198674,-739.081220768923,-1557.65487654764,-567.667197581869,-1431.74845641013,-5.520309260382,-1705.40504895555,868.923851001511,-2113.44014003703
"MO-336.jpg","E45",606.022400581701,814.718118417693,568.957905693745,751.429826585804,627.34328478129,728.569358702448,703.406294701706,752.019362583459,239.74172844577,876.237802256619,314.46025421934,868.365996912435,269.579091371045,830.432041720684,-77.6158536275047,121.486113481382,-47.8633154714544,162.613748195263,-21.8643054498131,136.054889561344,728.993893037946,-262.128653023626,733.532056706926,-215.67821910619,793.121957788253,-220.356344928243,-867.632312332026,1714.90311080292,-1607.3896972779,339.949913695277,-1355.09609445902,237.52596960246,-1404.39667143479,-594.883450160808,-663.496989867536,-1643.2698636927,-288.534426854381,-1364.2279611112,177.055676213234,-1687.26602059287,571.675123233471,-2346.49573990213
"MO-389-E-118.jpg","E118",671.552957663028,770.052193888284,585.689082820719,713.426617756949,695.303176550035,690.656149177952,768.14268238367,685.164115237848,243.995895997391,861.400194438428,295.036775327765,855.375908030028,270.226005620302,829.323215896544,50.1305012951894,165.96524797497,89.1188536926285,206.905192756158,118.804650243319,182.183131793412,602.995196272557,-293.120723299707,601.043603888811,-213.192426121085,656.072422615258,-233.660421453608,-890.240461361298,1904.8987955714,-1685.22587223984,220.533961204503,-1335.5607607405,192.718956525113,-1303.6335208751,-817.106653969895,-847.435397014685,-1634.80941172794,-331.897312981969,-1309.58837260879,-134.992096262622,-1631.95491543249,880.873617105326,-2145.17075563806
"MO-392-E-121.jpg","E121",576.793567549445,908.166355450508,416.665346307124,669.448006366094,571.831765444537,748.792458337411,642.680375345929,834.211246496475,37.1196531470925,799.600660845283,88.5402791240471,789.376622480822,66.9796683122833,761.591458403988,-173.89765672166,98.1428986074495,-145.150175639309,135.18978404323,-130.730214458957,112.585970107391,619.950374118329,-440.246773686462,606.538950582671,-400.162720156808,649.717948005168,-396.001462820299,-550.549461646924,1541.54517805394,-1298.05330074683,640.017041704268,-1084.00206152682,471.635636747696,-1340.15766830849,-320.352932831434,-701.714556752997,-1183.30890265251,-520.560500792051,-1355.8400097858,183.399653446517,-1963.73303533108,1484.59801521091,-2450.65748038017
"MO-421-E-153.jpg","E153",549.963974915183,941.244937741608,451.670567150581,848.261666370428,560.613982689523,800.826838248319,662.331141974505,768.906549912809,35.1768333345416,822.305053506302,93.0908507146194,839.839680501856,81.891271210712,794.974511318274,-51.5456229058966,153.196871654019,-25.4479265129163,210.665284652942,39.2467427399651,169.05304847336,690.233609686685,-377.349860590494,691.124818448995,-290.085213813426,756.881514980559,-293.442114165847,-688.416693582153,1336.77776257215,-1321.88123552154,399.795555436782,-1010.90716572406,348.283436716319,-1374.03698165748,-412.436547580889,-751.138163325182,-1474.1390537745,-394.999394359029,-1222.66831664269,-307.006906071166,-1546.70360669682,1313.15478181357,-2817.30648384046
"MO-442.jpg","E179",646.29249767851,748.65889880233,578.934217537078,704.425430867165,671.765367055452,676.097393498272,726.65278667368,653.884062738492,10.683696428492,760.743550858817,41.3658450208944,761.528254599985,30.1082750753952,739.98495798172,-17.982474388609,127.072382101433,2.47430935726888,158.297787130029,26.7399422093369,132.93958735274,740.825707735304,-84.9683924079863,732.779422686389,-47.3868334653009,779.982728213161,-46.1795969404253,-617.238853577751,1395.72873237236,-1455.00309682177,662.641040117911,-1246.68083716492,397.159630937215,-1542.37568601869,-353.553952849846,-826.471231904396,-1750.69546917726,-506.438399401359,-1459.10546277749,133.562689041182,-1858.39806441474,1090.02309456536,-2318.87393732543
"MO-444-E-181.jpg","E181",710.871391836032,722.660864330719,561.953199952302,635.849857366111,729.29910386543,674.639225291318,799.291713815051,672.256332730342,169.89466260659,726.540252540241,238.577256671509,719.84052355188,205.589720345536,673.278549962033,-126.281746701877,123.405678947101,-78.6468964357576,156.093916143363,-41.6418228121085,107.149049992539,837.919931698702,-225.769964008859,835.985987832289,-154.467338174535,894.724893157732,-162.863871820881,-851.836447867596,1600.75601487455,-1755.87483317957,485.930120435201,-1430.97245477941,293.045433265036,-1554.95351890146,-467.63256182585,-821.323079449161,-1488.56704601082,-424.723619456925,-1238.05699388271,1.19657439418883,-1823.03321510535,1100.94998340853,-2031.05482860145
"MO-448-E-185.jpg","E185",689.85567514475,798.13709038317,629.322349010951,748.504982320877,704.773285983761,722.606354880012,774.860862979197,731.053034122822,58.7131927022827,809.70649880959,111.074330546469,801.020423975735,85.2555016359518,766.385725282802,89.7910741977142,129.430893793004,121.053061615953,170.536524082138,132.518162649916,121.114009498758,699.774801989975,-221.241093525201,708.974763368067,-174.837000732976,742.950879512133,-179.107690147587,-896.624844293001,1657.50715986024,-1625.97122454877,391.113978992069,-1445.3639238737,301.069918551664,-1320.75437677066,-475.561081440833,-613.558123966097,-1698.04875905101,-287.374337589947,-1397.84803943342,-173.754629172135,-1583.2913506709,814.483518877191,-2418.25157955093
"MO-476-E-219.jpg","E219",615.269939002503,815.237320143006,498.406142145563,712.501978053378,652.15734022424,739.876626663435,724.523326281705,771.479280594457,64.9507751331626,798.944022692506,133.053652172235,800.846365726444,87.3932695897419,759.695855486314,39.6529506022354,207.262948316982,75.025705624695,259.828554202738,111.455202616906,228.014240645177,712.01353200351,-254.731973332908,704.826441678851,-183.634388871732,766.798970363015,-195.014380819927,-699.592686904044,1607.10822181442,-1491.14635849614,350.712598033773,-1242.23460548716,272.497611921814,-1484.27779505325,-302.483100796385,-725.073810736827,-1867.93502039894,-435.785384994111,-1483.09989905419,-78.0079415405974,-1664.89634704095,970.591335773773,-2372.21051397945
"MO-477-E-220.jpg","E220",601.965083545291,697.682227670786,470.215008052117,629.118778831393,618.780061988647,605.974314896839,655.864282815569,524.814625021262,109.909303258162,789.998738697886,156.073460925074,779.248712545002,137.350227342427,752.117989740676,-34.3549826200999,231.949182596081,-11.8002459625405,259.141945656395,7.79155120393566,232.631625411947,600.649829056221,-167.847044437539,596.135883165443,-125.762550869491,638.406497501454,-132.743114203451,-920.447755943883,1621.57673802305,-1138.15805986991,550.05941211356,-1129.24425340277,315.143277193585,-1132.3476455826,-124.367849412331,-966.350659093938,-1855.25095774879,-660.181284861328,-1513.03274633616,-104.556986032046,-1744.20647550176,1504.30068451477,-2326.24682988894
"MO-478-E-221.jpg","E221",660.38158941115,914.850997980328,593.06740095638,853.997849863949,668.378879156151,855.797458554979,730.197672472245,845.122698592457,168.587715513163,809.841575417612,195.748656759342,820.972820398599,191.394478299203,792.266848485826,133.166116972815,215.311926921626,156.815624510157,237.521745853192,179.473151332577,218.428323770017,710.401947944286,-183.349949212725,704.098924829497,-138.263138077116,748.913599553075,-150.333692742613,-1050.22219687216,1404.95063004234,-1520.78947195538,80.3675486238633,-1176.39681554773,74.125969534721,-1329.22320702348,-591.668227755744,-565.512688138349,-1526.92987538405,-315.481033978465,-1229.49387235341,-342.633202229407,-1599.43220992265,459.632858034937,-2704.08542859123
"MO-480-E-223.jpg","E223",689.958127775776,923.114338149897,529.972817349039,787.348876372883,691.852204866724,851.892708380025,763.410169567874,831.602491229139,69.0457539978478,789.928688711978,97.3635880712088,788.525862173176,90.1325735079799,755.233929248339,33.8201749069351,159.338006479377,54.2033414303429,184.482869419684,81.0873658407275,170.233242727804,780.226916131585,-277.61222086251,775.465219714685,-232.084191398793,824.533538366903,-245.9974831594,-846.241442052898,1597.26319528465,-1545.9689258664,298.041266863317,-1255.95339231455,222.434217601276,-1334.01632141899,-590.392514982888,-848.895540189271,-1450.25611832769,-396.394394940179,-1326.74877734444,-54.8277862858496,-1781.44039262229,801.226011540506,-2454.90799394354
"MO-481-E-160.jpg","588160 (Rupestris parent)",798.538078056567,722.606701273821,721.425655650051,679.285442696,788.683268646691,648.516232646519,858.467243069986,614.144037619373,308.398282584999,773.948556579316,350.765395639717,763.347518520135,332.585273300566,731.789360398399,-81.2937657188359,84.1834889788882,-47.7902773688934,113.050088223119,-24.5147127534787,83.6878966263373,643.584045317088,-33.6640704329872,652.197033725112,15.3707008015497,701.77011673515,9.8223855956825,-1007.21613531978,1569.48579327933,-1631.95955336682,207.022117684621,-1362.26831157686,159.65068144049,-1555.32568259,-507.787286826673,-916.11352222281,-1473.05686593786,-506.694814376367,-1336.46247120658,-181.583138409858,-1715.80979798894,1158.34552097779,-2109.13050997053
"MO-484-E-227.jpg","E227",470.622322662177,858.602294433163,490.635586422949,798.901028133686,519.276455727992,739.880478388938,593.553892174767,775.84395224343,25.0070399839259,814.368847400966,74.1127180666224,819.766285429268,58.9059600607519,785.886451110761,-39.626707175341,181.728431665362,-3.86187071557645,226.92273380889,14.1382849924732,179.828662784134,678.470505050137,-177.451643350753,679.035389238517,-119.704576720759,737.44940634646,-122.263983535145,-531.335021446788,1384.39481202047,-1212.77979869525,485.215718736321,-1041.30892782,350.107247613304,-1344.8036634971,-329.399879278324,-860.888910465812,-1535.23004853462,-456.820068510595,-1452.90484712918,-9.94476519722308,-1953.92154906881,1160.16217279692,-2710.57041615111
"MO-486-E-231.jpg","E231",645.197431074592,747.357937195367,530.730265424728,680.481922300883,648.706581016526,693.768882297263,704.343961174715,690.823845628293,111.726260350418,731.505313276476,141.608736231128,724.649152585729,124.201738409312,705.626724666739,39.7633343058073,197.160818448686,65.8274494139344,222.482827563254,82.6778677405813,202.965662315222,708.9805516907,-174.423280784923,698.831688639475,-135.729082202578,741.498853409729,-147.052946410271,-699.732418416848,1485.62302572346,-1536.99989451567,452.645529092276,-1293.3024489915,323.489385689795,-1519.99591873621,-347.106462146067,-972.229271245956,-1565.69833198759,-604.01332079779,-1376.85017198938,23.6471175572961,-1808.51094507433,1358.53143626502,-2303.2098061883
"MO-487-E-234.jpg","E234",594.80554214977,883.482624688408,517.736875817894,779.159230623738,609.593422552958,846.269042886649,664.556857141045,866.373711211638,54.2919702812854,723.397745353254,86.3639233957445,725.722712077688,68.0626777425329,700.215643039073,54.8889465658032,159.232357444677,76.6179446772143,193.048035602461,94.2523358574922,172.161051198487,697.006664280478,-164.984804346529,693.664524614104,-118.881371744494,726.027098569117,-120.565399159367,-694.020129099993,1539.64431570888,-1451.86240023982,356.289327413456,-1172.27589859362,279.835685227766,-1360.58339249024,-383.998458559674,-627.11439735888,-1607.01393485167,-405.56197724998,-1327.65573398367,-161.524389069279,-1729.09134630875,935.073800456373,-2772.640433522
"MO-492-E-304.jpg","E304",556.726632744732,739.963160722934,483.520297848379,703.5688478477,572.275428163079,665.407199167409,630.788546705756,692.170717005026,69.9424860054627,759.162179776031,38.4271860228827,725.467120219144,-15.0489573532746,762.849528283377,-28.3877520379572,97.49404740591,-4.08918679620552,132.253540600413,31.4749931638931,103.412047786642,640.247448587422,-238.560647552479,635.134134972287,-183.240829922648,683.12006750005,-202.853871081601,143.159718566293,2312.08609135579,-1611.52486911138,120.847744985922,-1355.59989562997,16.2448588048368,-1489.07676794321,-782.060790017381,-628.74238177132,-1371.53485740429,-273.51124414737,-1296.11835831867,31.5233063927319,-1854.32134337633,889.640808117721,-1902.23638628772
"MO-494-E-307.jpg","E307",714.118216928802,848.842698331886,565.38170149567,770.843195132515,710.870225224605,797.705667124874,772.694459022402,780.693418567584,147.378455882697,836.964535818708,179.829099912748,840.684141262003,172.596242575544,812.029717369316,29.5189117033232,186.866943617757,52.1724564595437,217.5373810139,72.8748571399633,195.149096447394,674.529398925836,-112.026530636651,674.293592056289,-70.2326930181173,719.665550996385,-77.3712276075032,-894.932966426487,1407.53548233909,-1456.17833725801,193.916487167832,-1225.38083829843,144.099974430288,-1377.27084237971,-457.642927316078,-702.703722064671,-1550.47783220087,-447.307497060394,-1344.56202752944,-209.701412820562,-1746.38404095352,827.552447984468,-2674.17145936096
"MO-497-E-310.jpg","E310",625.311544519218,823.308436374377,573.097387918276,766.451019649272,646.489432168365,763.28136291979,698.961849158065,788.16061986351,135.869203784502,864.504208943559,177.267896465632,862.957360047754,164.313103934627,836.516062420654,49.135520836712,190.337387720924,71.4804626923142,218.735712508328,88.6075699326861,194.418551704846,737.368848519999,-240.540629206914,737.065012768518,-202.919264758227,778.524472599944,-211.99038654377,-924.728099131006,1592.11137775639,-1511.28282139966,303.147943984361,-1240.04439446733,260.189924056593,-1399.94730878079,-438.396241032264,-666.091608526506,-1859.66635269073,-192.71421732519,-1464.55557623896,-75.6810642411222,-1669.28727225392,526.997208572747,-2376.76424522559
"MO-498-E-312.jpg","E312",577.499122249281,850.161004589391,592.455673874965,815.137939372762,603.265287008172,736.933689870944,646.083747733815,804.158628844054,151.548143091096,853.664165146044,189.729668718095,850.205554779054,179.804062552057,820.556009327566,60.0174721407468,201.892795943306,79.1464168682344,229.825763515961,96.507874498238,209.005695518968,763.071930123292,-133.139495055412,762.210725087808,-95.8615988127717,793.12079129106,-97.7197668001391,-925.546324906469,1436.47759308751,-1493.64077757596,139.794807168381,-1177.24320151036,139.387533419177,-1288.10114870751,-517.814096959486,-800.993982826064,-1393.99102728849,-380.852958142899,-1319.97826646882,-36.1278773067885,-1739.33127042998,608.045355739175,-2789.36565876801
"MO-499-E-313.jpg","E313",626.872208156433,811.007354220385,548.692552193189,716.629293591931,644.101036088346,741.186872697599,689.053865008975,767.905501113927,38.980825931976,794.906092149994,78.4684048401778,792.37234260707,65.6869290011477,769.330615124777,110.257592524786,256.042190706783,128.889543955666,277.990868186588,143.894695841137,254.601491166344,702.051331932098,-108.820234421861,706.411006594884,-66.0409801590464,747.364335737838,-73.6923301764463,-876.071242991419,1391.8136779581,-1379.9326359695,337.981140869262,-1141.87027380275,260.808387569622,-1371.80532276015,-357.404902013475,-828.242103344063,-1617.22176555424,-453.272933229181,-1389.38681157165,-33.9554956570497,-1896.40042868569,854.425679947462,-2663.60837537998
"MO-500-E-314.jpg","E314",707.441168856626,824.789190558412,519.267453916245,715.689687193403,717.960835713326,774.777862252945,767.926719679868,697.191915119113,106.661723720767,769.990523516211,143.062849100662,774.394038719347,134.197390258632,733.917642919882,-14.1008396993842,110.451148104372,14.143252792955,128.806095113477,36.5864543184654,112.466061144697,666.240513320131,89.0093073890935,661.843490165412,137.99694905335,719.664130429612,119.937786585724,-644.975960653099,1393.92119979357,-1498.67456901356,353.422341071497,-1249.71302666004,261.446352525031,-1374.58332074185,-447.756630263454,-764.892179748066,-1581.87840082127,-482.129502089515,-1434.04759834931,22.7646276534389,-1952.73655805925,811.308788679385,-2581.78891356684
"MO-502-E-318.jpg","E318",583.693395233659,740.354491321841,548.457021643471,687.248282278184,594.978830231964,659.277212548067,664.748910910365,694.719957946691,97.8418353931081,727.450348887943,133.646795591254,721.525088740615,113.962384828569,702.362237080142,82.9777785937226,283.919359097891,108.746793806428,313.889612848589,128.159543469471,285.168849110754,719.071587707565,-134.694122349306,709.376094424579,-91.8737562936609,754.807757302899,-99.6606192559471,-800.455713986861,1484.05254976549,-1500.58112641693,383.754755508392,-1208.75225251803,295.363726522457,-1446.80527313061,-329.707887223166,-945.227485552054,-1667.71616792514,-359.82136709764,-1394.76914775612,-171.218309778828,-1700.21608975315,1192.3927993439,-2560.44868110057
"MO-503-E-320.jpg","E320",636.94477383772,833.618179276358,577.30804918686,762.7083662158,641.9965857908,758.761423516361,708.496261869044,745.084810849692,72.5669730194064,767.052220446862,113.735341551454,771.754723555061,106.750852155177,736.109013789865,122.597253173283,246.969575201381,146.352844652063,281.592003525977,170.953236883547,251.233529120751,604.444531177815,-172.006270703061,609.910247225671,-121.839147518496,657.096766432398,-136.742167407699,-807.953697703753,1352.23561888971,-1428.23037128497,408.926791380853,-1194.19815506959,303.265359495909,-1426.62067009125,-274.132073956513,-850.617097015651,-1790.6279487147,-423.844258587179,-1417.47199676106,-148.098891743824,-1785.39596857237,1110.40942454097,-2521.09604163072
"MO_570_E409.jpg","E409",534.711250057386,759.885950090607,505.45880636498,721.117010246199,551.859405459804,702.7711074547,630.629880346505,693.89335240126,106.118313672213,823.209924537971,145.00554692342,819.370465047301,120.619400493185,791.48298229187,-95.1833388192227,49.9636434342264,-83.3549007691547,76.5126175746233,-61.6013013688952,48.543666743299,581.61988311977,-288.541222830161,575.769065492503,-266.450916738417,611.677546619659,-272.643634678008,-435.56844454481,1814.32931269393,-1472.09934624071,674.670938329378,-1171.3274225209,422.72175552743,-1441.03386185051,-355.170313330195,-761.422075787562,-1728.80287344568,-255.868966781285,-1419.77474857645,115.133039146158,-1891.35363704837,1298.85752098747,-2175.73537972553
"MO_571_E410.jpg","E410",525.095248787909,677.855666531271,496.599027435077,656.279949212539,683.94870128418,663.765579025509,763.11612229607,673.553737902606,30.4142336628333,812.101294897652,60.923255682922,809.747253093147,43.3554157879807,774.24761366296,-61.5501191356843,185.074410721416,-33.6874352473122,220.378287973376,-8.41702697114942,177.224237734957,645.961282676032,-210.575333501819,640.066126713718,-174.213513111805,680.673257214663,-187.057742648798,-530.897504424708,1487.0224585837,-1358.42230425353,642.273051653765,-1096.1733191275,451.112343711434,-1499.12477858769,-398.566068043899,-968.369197642956,-1731.14253894714,-455.062811704958,-1384.81294008297,3.16395216075105,-1978.51446265173,1438.38787339335,-2165.75328571618
"MO_578_marquette.jpg","marquette/3309C",413.054237290784,644.903331259099,388.158163519642,575.757321340961,459.315437135916,559.57150892062,538.233904239874,597.395955140869,162.683653182991,608.852589408174,210.267380640372,610.326000470058,186.162361026802,559.907165069631,86.1529596666957,157.438943999907,113.978190196069,196.582791633136,145.363006445729,150.461567903473,559.970995995558,-65.7169939132317,557.73774431487,-12.5638574163108,615.546598123628,-33.2605015794215,-363.146180817228,1487.78795946628,-1400.21264157903,768.520503175607,-1157.90500070051,516.615884101819,-1624.99577247567,-281.918783386577,-1227.53708281765,-1920.52377875916,-254.345082108569,-1436.23766991035,-60.7526631205341,-1806.06810721301,1652.26979184025,-1877.83182971158
"MO-374-E98","E98",764.654043621127,729.836799165641,675.274161678916,724.826192093037,593.347057781722,791.370712377006,577.040698578196,846.311924390237,364.734860597662,852.632704448226,307.425194010767,852.357667294398,332.939012781896,790.583682314596,32.4841618444793,151.408404426304,-29.871746814691,152.025963105345,-13.5290829972137,185.575822829418,721.204986506869,-251.507941864265,661.803241728694,-293.05375229937,642.232046490672,-227.126790694441,-801.446154558934,1653.62955186566,-1578.78035434479,260.730932914625,-1301.78645774537,149.270200390594,-1464.13787541428,-415.431421259802,-974.751759078979,-1798.14738868297,-531.905992249955,-1501.68853223026,102.22304356606,-1801.25078733481,920.846914017161,-1852.35394324917
"MO-380-E105-1","E105",835.331420989422,699.134742967029,761.124947679301,705.224610328605,709.097366135049,766.910488454617,710.999269181449,821.886964124064,216.638444140241,864.088579671296,156.854469060628,867.037473796489,177.323536891287,822.295532042373,89.2896907497181,186.850697932484,41.4067757592183,151.959131871318,93.8618132872729,115.357741874944,755.338351998381,-238.515376602079,748.768578867166,-284.081064655662,802.427176392064,-268.912581089174,-1086.16948631957,1772.22184801292,-1619.87514993611,15.2417997939525,-1392.83238881796,86.6481603286465,-1440.78301126581,-688.44953354875,-656.522184247812,-1387.97731227221,-389.92913900809,-1204.33193912985,-134.171274713197,-1486.62985055148,621.820793177357,-2315.9601133495
"MO-382-E108-1","E108",801.782698563111,719.64445062463,704.246085151963,721.907346463105,596.145046656197,739.467950344401,639.676490036798,782.70692502505,190.794106478503,823.673354156994,141.418438750927,809.334402323264,169.431878063274,770.81356245126,31.397893792234,183.854161752818,67.6781545490055,223.965510287086,97.3851639460626,167.329125903242,700.479857234571,-241.369554921558,648.46440312903,-251.88599100246,650.281206622281,-205.467146712044,-853.668106848834,1588.08908118207,-1539.72922175424,466.953506625545,-1332.31869352901,286.508495472113,-1531.4110073587,-460.693204455305,-724.297162916195,-1694.8257093871,-471.883029951253,-1580.73213748645,4.44231945085339,-1605.5695243878,1009.68347993344,-2243.70460425883
"MO_323_E029.jpg","E29",506.888077754186,837.184688056408,420.679282732136,759.63979343052,539.786906324259,799.665727811856,612.139920348889,792.83859847593,77.5870335804235,761.349906317084,102.576257034836,761.79038304417,94.596401793302,735.273593056914,-19.5767517031835,72.995842428169,-2.49713336443252,111.39575612689,27.618334591392,94.8596826910194,726.084387231388,-165.209656836285,720.517666002892,-123.243883218919,755.726560410205,-125.553949056159,-444.598159568372,1441.4590036182,-1430.31079687968,588.840003360647,-1308.70081317681,349.978143097724,-1579.978459313,-455.913931748495,-536.882843068659,-1391.72298630288,-218.892113599209,-1680.90993007797,70.7024888530366,-1356.70586630135,886.533754016404,-2808.01091797347
"MO_363_E087.jpg","E87",678.880469586268,864.847255428026,620.622305468888,799.534669417699,685.783718970776,814.467499494538,748.13225968854,835.793759623555,176.413760389238,829.213543653961,221.985846074555,840.106387966563,209.044857976328,812.282960627643,136.808334183456,253.200148924254,156.960827653938,275.039183871036,174.19671118257,256.676969034582,661.404601402411,-259.255325020175,660.331616416169,-223.861745485108,697.924512245302,-222.584241668846,-1083.3632723095,1423.0406912015,-1568.47543580923,246.578334782929,-1252.289619767,138.444323093526,-1388.87243722712,-539.757259827857,-652.083598218799,-1544.91588544997,-375.681127843462,-1368.36589189098,-102.977729321075,-1724.56026082816,595.253399257743,-2505.92511694872
"MO_367_E092.jpg","E92",503.956466417002,815.941367935972,470.009996613591,780.034387454093,534.967513081718,780.622588647842,584.387193181625,792.701758630414,116.103797555189,818.217026743518,150.834990660901,826.181716410233,139.47639680025,791.319715216854,50.1159379575152,224.195120310127,57.6875178185182,247.436225924809,76.4896038307769,236.860652405967,792.094663992316,-150.175295276049,786.415230942001,-123.60497117425,812.528298057708,-116.292629881664,-815.629134302439,1389.38110529473,-1321.29431344792,329.023995726248,-1113.49339170322,265.768709150859,-1370.43923752267,-249.721015867833,-895.656972469165,-1737.79598897124,-364.708194421583,-1446.55061287524,68.8687748256898,-1806.95747039653,737.284862132196,-2666.58638540887
"MO_370_E095.jpg","E95",554.949391238493,813.398304702385,543.989103058656,779.124672184232,574.790589137121,752.737380382041,611.40731628834,761.782254367016,133.986372743332,757.979250821982,171.735584572986,762.446814234683,158.514183893179,737.326934395356,34.503906481199,148.202891126279,49.4477201079255,176.177668590961,70.5550375186058,159.537490607891,654.546129198465,-61.6560780726794,647.197195584741,-31.9050945395597,681.499017114468,-33.14431749085,-597.848565074088,1521.17587782769,-1413.89864781142,445.439498525173,-1245.79682794032,295.740655232635,-1412.35778616942,-379.168311526598,-807.464149677604,-1655.72399501195,-444.407212570787,-1555.11655481568,7.7480806265417,-1793.09146843679,1026.90356167958,-2601.26387310421
"MO_407_E134.jpg","E134",735.269143181012,895.726746550638,489.946844235016,761.554436196351,736.333826193718,815.670378626839,783.109057550762,734.231085069376,102.666407165078,873.960476346482,128.912386085276,875.717679608863,115.097933808344,851.983803805504,-76.4351247908437,98.0166765729402,-57.1576941810584,130.85481130916,-45.0401804273993,106.931681825767,773.654833011752,-314.726297808816,775.100138250206,-281.008504008567,807.87589338164,-288.293180074262,-852.143143839413,1665.07522714239,-1523.91291429428,199.721966453947,-1251.66269050681,79.9107207599067,-1321.37355199908,-352.202720456016,-771.93877104907,-1353.52213183857,-497.167984682043,-1210.12080334185,17.0540068185526,-1860.25857076494,931.811586088629,-2429.22348197514
"MO_411_E141.jpg","E141",625.40404385551,866.307714418708,566.650874709916,783.252628425373,634.661941941274,791.901257838351,691.920461468598,778.009783691113,134.720435403209,733.390762001711,166.696618563846,736.445099411435,156.553186815727,707.51120531138,61.5781561981798,192.907280397482,80.8587519511564,216.261975744872,100.356719167661,192.310060073838,727.939967018742,-252.199586388774,719.808765323403,-212.10409716507,756.250945287712,-210.773829186286,-824.667113577357,1554.9333341623,-1563.22047913077,317.901654677104,-1271.74131790093,205.377993392927,-1424.62730699835,-322.285644542463,-972.048977889739,-1513.30410763474,-483.757984647345,-1355.33861213886,3.78655472675763,-1797.62793076833,1112.87575771281,-2412.87694172207
"MO_527_E347.jpg","E347",695.06599134169,872.473940719531,521.030441659319,773.426694021324,684.223916378498,800.435041532057,731.027456799313,749.188566546813,90.3775535063911,829.400792899456,110.982128277411,829.246567877259,105.281632819482,810.950137087043,-86.1789483262607,145.787879695398,-67.4343385034891,172.435024377748,-51.0894812066482,153.767527066073,655.566016044325,-192.752656405977,653.20975162048,-149.669045881659,688.361835217162,-160.853195298252,-629.548164290599,1440.18575145241,-1425.68791858973,457.894079283894,-1090.9264945433,254.276477156513,-1322.91670866524,-347.322827893934,-915.182968638586,-1593.31229253111,-516.853360898834,-1452.87791055273,-3.30096923142253,-1995.76771912016,1173.99262923003,-2396.91283203172
"MO_539_E352.jpg","E366",697.977138857435,807.854762489988,649.523658839811,750.956023112446,692.310584718845,658.876371885694,732.253772274309,656.161968055653,90.7604017198286,844.659971668279,117.087668398017,838.413346697299,102.71759565663,823.783576613867,-57.1593053627153,177.001242030344,-44.5571205914389,198.437421353091,-23.4209150948233,181.396436764555,698.790163651169,-574.37563060771,708.011002894394,-537.103354899397,727.228557908172,-549.556441457428,-919.785840209805,1818.99258167457,-1642.97388556039,403.478795744572,-1362.78958045154,319.230988677904,-1490.95323228258,-459.564559916722,-639.68410504231,-1440.34986130454,-222.172695376771,-1127.63750490476,199.268916627372,-1642.82499758146,987.567218426397,-2147.83113609625
"MO_544_E374.jpg","E374",646.571391359016,813.631570378268,525.245425306755,729.026278096676,664.515796296181,772.889277284648,703.218765356663,776.056039984068,-51.8114882403239,857.13956530721,-26.0087025548147,859.250806414382,-39.0709490228171,840.325215894569,-15.195144861169,231.0611476511,19.1234768146115,267.960993858407,35.220471562002,249.797045340452,683.388002253545,-350.59663439816,682.626360251688,-321.437393182767,707.475392169312,-327.520478738039,-760.363833415664,1332.45772042626,-1173.99859486357,495.020295148502,-995.172817125706,392.765974777024,-1395.04286577107,-136.718806450021,-1023.68541530239,-1818.22993334839,-450.794604893437,-1498.62017342143,127.068887659208,-1894.53176869252,1136.69044702199,-2269.72674233023
"MO_546_E376.jpg","E376",630.609501328107,763.551729520089,633.17852326453,696.098675356314,721.62521600329,705.626315017074,802.111650753293,710.281160133246,59.8252682517271,785.654524578931,117.39911451505,800.693480314713,125.341751128272,738.213384721969,33.136631939041,185.686895016106,104.115343024535,234.748787326149,106.28370885519,156.949159914545,707.441365300895,-151.287224210729,704.939052606082,-82.1114656011925,774.902784966629,-103.814417535173,-866.297399756744,1443.24257193773,-1464.71255236162,305.861469839418,-1190.96426015097,150.191729514073,-1441.75644023562,-171.683523983808,-1073.63879188211,-1636.6306790164,-579.336727118773,-1448.5300510309,-140.91506065653,-1900.71499609352,1236.71132022572,-2182.02752571866
"MO_548_E379.jpg","E379",553.085530142843,853.799691775452,563.712683432378,806.794574933828,624.376115597099,776.482954598213,730.521045287966,784.093012876904,200.516693421174,900.462457718552,257.122805199776,902.494253049116,220.744208068939,870.13708714959,-133.885039681642,74.4444327246996,-110.643781993589,115.905524626043,-64.1264286309338,67.3874699210619,750.595369820866,-579.131739367823,739.962187807309,-509.380849826441,797.590438789119,-530.594964912026,-857.115798483548,1676.57426302416,-1588.67273624997,354.089653301199,-1313.67023037968,216.671918490531,-1471.21027313791,-402.054898096138,-933.105753936122,-1489.66069297406,-43.6182823458971,-1044.61767214714,158.755642041881,-1731.99288968505,919.065605229942,-2111.90358718066
"MO_553_E385.jpg","E385",550.631908550768,760.64489089521,543.604042283619,707.261061524676,625.338005617331,686.958030922744,664.654842697271,682.365862738204,100.794062533179,830.28658111047,142.770926517064,831.36624835319,121.748189731136,777.61406255114,19.0828255639766,114.803430420248,45.5040533593269,149.086705315124,74.1385990022512,97.3174090430355,753.062684556885,-250.660615095408,746.095464371808,-197.636746783595,802.571187543374,-215.783523217035,-657.300202031716,1670.48002788959,-1567.13533902609,462.547917307103,-1335.92567109368,292.075291685463,-1488.93371907971,-291.524100263039,-806.860994718144,-1660.1337361934,-508.29844265941,-1509.63879450061,-6.493444193243,-1748.75990493985,1180.95102047401,-2188.67009876324
