,INVO,B11,Na23,Mg26,Al27,P31,S34,K39,Ca44,Fe54,Mn55,Co59,Ni60,Cu63,Zn66,As75,Rb85,Sr88,Mo98,Cd111
0,318684.0,75.64983657,239.7833239,3694.495174,26.95452144,1696.651865,2342.846773,10844.52577,25804.6252,71.21548595,1053.678753,0.346976236,0.854512223,17.50268268,173.6514603,0.015993948,3.405492434,40.07165343,0.20772941,0.038480977
1,588141.0,80.70329222,186.7003481,5272.952628,27.3324282,2874.830875,2619.560521,4439.195121,21781.91107,111.5319619,971.6320254,0.303919851,0.653269311,33.5400696,166.0424572,0.02676773,0.797610291,39.55567539,0.385601538,0.044397662
2,588646.0,64.61369576,82.76253516,4810.860542,31.53933783,6719.389066,2959.531369,10286.4535,26848.07659,118.2913034,718.6726964,0.216676777,0.459873749,39.77377471,142.7384568,0.022344724,1.138829996,30.52602007,0.603184169,0.036699661
3,588378.0,65.26825389,126.8557122,4155.981678,31.63305951,4043.25568,2038.46725,4956.167866,19014.47633,89.82183747,802.9530977,0.198971415,0.371279211,15.53249679,144.9234057,0.026359414,0.877614963,18.75039035,0.26719354,0.03509807
4,588459.0,107.3649627,164.4960265,2852.011467,44.53251484,2539.038881,3144.883915,4865.58982,19274.51258,168.1616734,768.2166485,0.322162257,0.725153266,21.6976049,138.7328697,0.037928329,2.02748329,21.48710805,0.492433805,0.036242633
5,1583.0,113.8135981,48.57206086,5035.465197,25.01372656,4776.477431,3056.84801,6022.363944,24951.09164,83.95081289,607.3084798,0.207026872,0.665832174,35.0226847,137.2981202,0.036398149,0.735145265,28.35488711,0.118780607,0.033210791
6,588448.0,58.47740924,122.1428801,2254.008971,37.23195633,6361.264196,2923.715753,8995.065385,23178.50794,70.41821117,1115.542623,0.302473341,0.660496353,21.03421454,153.4677365,0.021976507,2.036263735,23.734212,0.378029979,0.05137611
7,588144.0,69.75582859,166.7516995,2342.175726,37.60917506,3617.592202,2016.194481,4882.653917,16004.0471,60.57157403,595.239433,0.205945086,0.563172163,18.80450363,142.3755039,0.012614996,1.218878854,14.84347192,0.462274674,0.072478541
8,588324.0,112.2842629,189.7156887,4008.168655,30.1717681,2789.463448,2324.167708,4404.005474,23071.04325,80.14369242,779.6184498,0.25657706,0.706312378,20.99738342,171.1636607,0.031311864,0.533750014,46.5962985,0.500607627,0.023919353
9,588325.0,65.0740953,204.6070134,2962.538236,23.64711748,2318.304638,2062.48021,3986.759036,17895.54207,65.7780573,724.7361987,0.257752858,0.416676196,17.52674786,142.6024945,0.017888478,0.826502501,20.7348751,0.376805086,0.026187132
10,588393.0,81.90405736,278.3997271,3703.608486,26.71945493,5428.809101,2631.361316,3205.865165,27325.67276,91.77817423,973.5154385,0.338885723,0.54985486,15.74353976,148.4556244,0.040752253,0.734997536,44.01642935,0.453321989,0.023847002
11,588442.0,79.31064493,230.55942,1739.008029,28.70688078,1915.985368,2484.488268,8042.940591,11825.89851,102.7717609,962.1934558,0.338827571,0.587983313,17.02237946,291.1151507,0.024987197,1.302318628,13.82311784,0.340156024,0.030919244
12,588677.0,64.02064242,44.89849569,3043.901257,15.23276069,3515.527535,2903.641624,8071.918411,19273.91855,62.50498491,528.669539,0.239621078,1.120807525,62.32454936,109.5394071,0.038748089,1.097424192,23.62295227,0.056486354,0.038546167
13,237621.0,80.44638019,31.201293,3121.841379,20.11000058,2662.924027,2225.867101,6053.206025,28651.29741,111.971166,492.6488987,0.168732461,0.390076079,40.41318268,97.12304919,0.007810534,0.504890556,35.49939221,0.545936867,0.034908693
14,483143.0,59.49179607,34.70580398,3283.231988,18.63534685,2766.994066,2498.695853,6594.563098,17216.64472,85.27652068,315.3817173,0.125502845,0.692733697,30.83020659,103.2119239,0.034358897,0.420533919,20.18510995,0.062090278,0.054225473
15,588626.0,51.55977272,76.71739422,1795.145636,19.49373746,3203.149145,1744.079786,7153.660308,20475.73703,78.43859789,647.8266605,0.181806996,0.568708444,30.29929824,190.9364057,0.022213848,0.525977359,26.31841061,0.202390485,0.035368982
16,483138.0,94.2188104,53.38123641,3902.784545,33.73896495,2463.273506,2618.966175,4508.868946,21856.05529,70.88044047,787.5595715,0.311799343,1.039535468,25.42934511,173.7063831,0.026745356,0.500147906,26.06057362,0.029747638,0.091300629
17,483130.0,113.8699036,86.23414736,3090.97866,49.37489529,2380.372794,2525.14519,11211.79661,20805.40886,93.59493088,541.5184058,0.232765424,0.627295737,26.1078564,141.7223372,0.022480533,0.815017947,24.79206462,0.04322234,0.047660965
18,588198.0,64.93164447,81.16406709,5402.273223,40.62325473,4261.100322,3075.443898,8081.800841,21288.69511,177.6491027,856.7634175,0.395123903,2.682667937,62.50530234,206.4936256,0.034315013,1.324902753,33.28951754,1.072665531,0.034942965
19,588205.0,53.14794089,62.96749515,3442.843014,33.59292562,7322.881515,2355.078487,8502.345479,20617.23306,113.9144979,522.7551377,0.221843339,0.623536706,43.97880491,185.9390401,0.023906175,1.25748735,24.90398155,0.53526829,0.03093787
20,588199.0,69.48720868,114.2444713,4339.039762,38.78706989,5061.422073,4125.599369,14213.18051,17195.18846,123.6865485,1175.005939,0.596889565,4.214248021,78.02639218,249.4743341,0.046976634,6.015738432,18.9018476,0.408859046,0.031140947
21,588200.0,76.47254834,103.3590218,3240.639584,25.69077063,4678.64274,2863.087894,10342.67478,17330.12322,210.5127271,620.4131491,0.300090352,2.502472337,117.0709295,155.7319416,0.031719926,1.755494066,23.39905099,1.405726258,0.057250315
22,588221.0,65.57281946,105.2596466,2920.564377,35.0926344,6104.610233,7500.502902,5403.454051,36002.1118,151.9740186,1181.118923,0.412100346,1.896920458,122.6875116,226.9833597,0.023258901,0.538483773,40.65088679,2.543400513,0.077600296
23,588197.0,78.23722202,95.49577836,4453.354586,33.43614964,7018.206082,4517.711536,8078.268023,25351.06014,246.27523,1104.615421,0.456220175,4.071499687,50.00359038,197.319855,0.020003843,0.684226293,24.15032348,2.938766804,0.102765328
24,588217.0,95.69223789,91.46497447,5812.346741,19.81685712,4632.767723,2512.059514,5103.277318,38741.87286,81.98257423,746.6520295,0.238911546,0.597833409,45.71704009,107.3280919,0.010602026,0.723918303,47.19559155,1.080999877,0.026142906
25,588356.0,57.57212319,66.19581313,2707.53637,16.60762986,4084.975181,3784.663777,10107.54243,20172.49905,117.6928101,916.9445392,0.391802388,2.548925224,73.9326296,172.2996568,0.018658853,0.956330658,23.10204185,0.446922263,0.028786083
26,588218.0,81.74252652,113.689839,2373.542434,30.18177462,3662.183662,2710.667082,11873.42054,23140.8798,125.2456991,775.4233749,0.324711141,3.318443429,74.61320348,280.7266571,0.032137953,1.429151442,26.36483892,1.752062843,0.050311597
27,588134.0,61.37990294,41.20088624,3572.628408,21.26484424,4668.783463,4172.683994,12906.02825,35399.55846,101.1581539,925.0078477,0.306688603,2.929074122,135.8632668,209.126792,0.016254056,0.568425361,42.87705552,1.688241694,0.057936762
28,588208.0,59.16220035,60.01430017,2754.493828,29.93701128,6839.390811,3840.148655,26704.49486,15373.21932,154.879042,1113.354966,0.514796262,5.463460354,256.1090194,262.2326669,0.022033891,4.056388307,16.29889971,1.728965491,0.035052998
29,588219.0,74.4029547,79.19666545,3659.995429,20.14920572,8464.17375,3298.812951,16386.05564,18429.44182,186.954705,801.9212674,0.317292505,3.788679687,82.87451768,159.7652549,0.022715284,1.300269797,20.80815275,3.098983593,0.036836902
30,588398.0,59.42183221,70.88677918,3943.365673,15.76145443,4483.111906,3385.545326,6894.54107,20699.88009,154.5200838,635.8779848,0.196269913,1.846504643,112.7905887,249.6072822,0.011778004,0.647718264,24.09175625,0.706016613,0.030635351
31,588186.0,62.05870768,94.72611694,2726.24578,26.89217535,6279.293622,5913.03027,6264.882759,35761.29399,118.5227746,847.5954629,0.298318042,1.758420998,130.2385019,145.0118975,0.020649159,0.514576958,49.92399948,3.294499649,0.047231441
32,588154.0,80.25588025,79.28811613,4256.815535,33.63957314,5710.442934,3982.798958,12674.66093,29424.54992,157.725113,1351.024555,0.449281428,2.173927084,86.91881092,218.5045801,0.02719005,1.194356061,36.57038755,1.332312093,0.034052896
33,171.0,63.97194023,27.59788883,2219.586229,10.20444206,3244.174969,2633.026522,6909.244142,27318.81582,133.9680586,460.8979037,0.116385757,0.27075124,46.83899357,79.03922142,0.004960105,0.373601448,34.17007176,0.101590423,0.037864036
34,588678.0,66.42429473,95.52562574,3088.809426,42.66295468,7928.970476,4625.948849,10161.47495,22718.98648,125.8467814,1035.945461,0.441810703,3.766263016,149.2919473,222.3339291,0.032656377,1.083374039,27.28614276,2.549889457,0.0590905
35,597232.0,85.65139212,88.41642374,2972.899634,40.6053111,2575.956426,3785.919016,7981.37618,18173.81767,190.6549448,1408.389291,0.571368148,3.963675564,96.85386783,216.1918082,0.039174065,1.108043973,17.69516744,1.238621125,0.042562043
36,588575.0,35.00375941,89.68091982,4608.519317,23.33029584,7535.497163,3188.906658,8668.955073,22630.78126,129.181767,726.9923858,0.347488,2.032431786,58.18438332,223.2642594,0.013078746,0.761686471,28.7013698,3.272367738,0.02159277
37,588685.0,52.63864327,83.44445404,3483.321222,23.41941271,3223.243313,3811.791543,12040.28081,23034.67481,118.7439555,860.9824756,0.354750177,2.499215496,72.75336977,150.2134777,0.018552897,1.461066125,27.49979886,1.668063591,0.078676377
38,588466.0,58.40775342,62.73929481,2514.421029,14.60049361,4967.938401,2551.550011,5910.137332,15770.711,77.3690884,607.3781738,0.260656002,0.784752291,214.717112,115.939234,0.013763239,1.153349315,18.8098349,0.933170584,0.094237713
39,588460.0,40.02734065,100.2579168,3153.376353,26.26525282,3967.560195,3372.120788,9119.083266,18673.30411,88.89492518,1000.2956,0.390634486,2.192231707,85.23556812,170.9649561,0.024672802,2.176713012,21.34582433,0.759904286,0.031116139
40,588328.0,51.63588768,76.16520712,4367.300327,17.89451274,7069.079161,3218.123785,10959.06417,21792.11544,192.4249796,958.1956665,0.27233038,5.057050466,74.97487559,226.8004212,0.010179227,0.815720731,25.54220949,1.338017413,0.065928088
41,588372.0,118.6402319,103.7956806,2382.411806,35.29901602,10797.64204,4014.525131,24119.69292,27610.55873,263.4827206,1145.343458,0.270620325,2.188320381,119.4537735,131.1324979,0.020525696,1.088417037,32.41175376,2.2794061,0.044836067
42,588329.0,60.31312889,89.85657708,3012.59458,38.23906322,2981.82789,2985.22804,8344.529541,24327.66742,192.4380837,1163.922003,0.309371935,3.675830196,62.77379775,152.145055,0.026459258,0.641793838,28.51375915,0.712228923,0.034582825
43,588143.0,53.02535906,101.1498117,2353.236671,35.48524686,7575.276256,4053.022131,15440.70677,25648.41283,132.2096068,801.9363896,0.320908237,2.490216665,88.26127066,118.6937366,0.021796174,1.193244639,25.28445782,2.038574751,0.049377049
44,588352.0,55.97194322,69.23556668,2252.297317,25.16249696,8163.159285,2822.278792,13244.52029,30380.3321,149.4757789,631.2344573,0.311152564,3.980282494,119.51031,145.0884732,0.019822064,0.833248111,37.81469955,0.807519011,0.057989745
45,588222.0,72.74140073,87.90671947,4820.133323,19.17849777,4304.452511,3336.490569,10806.45562,31023.12371,152.65851,1201.733782,0.429823119,2.906397657,83.05706766,170.2796617,0.020005487,0.734689047,43.23219327,0.869062504,0.086044979
46,588220.0,52.60823416,138.9612227,4411.382238,22.72630803,7451.76246,3474.321828,8662.945115,24529.51781,180.1827439,1032.598369,0.41883443,1.893291792,57.66673604,180.5157856,0.024127312,0.958862401,45.54963724,1.424463146,0.033515851
47,588165.0,58.08682484,54.41156081,6412.256251,11.31146509,4029.253871,2516.877119,7591.205671,24387.89027,60.74213403,509.0127404,0.189102717,0.850164397,31.12038688,182.6867769,0.019026187,0.710020825,29.82355601,0.026557585,0.07116424
48,588182.0,117.3038989,82.49323108,4353.439317,32.01069164,2782.18061,3989.548327,8573.585897,14899.29053,110.9424358,1174.179396,0.442651944,1.687043301,48.62582204,264.9252192,0.046003874,0.660622604,16.91458084,0.071793762,0.038426756
49,588128.0,63.17871914,129.5096779,5948.951994,16.9408336,4538.148886,5965.337248,6628.520707,29697.50053,80.56024576,1221.264722,0.355072235,0.960504432,45.3462414,229.2704585,0.02923101,0.819074166,67.18218083,1.924816663,0.066847038
50,588173.0,85.90203419,66.31267023,5505.321059,22.76597011,2772.871523,2699.650999,7747.605443,21126.02999,84.90451357,680.2993971,0.301289142,1.074067552,42.21198498,184.3702084,0.040537998,0.920706866,24.37637715,0.045830222,0.065621821
51,483148.0,74.72752812,69.54429745,5446.013977,23.5760365,2208.157204,2473.551169,6955.71264,23030.0932,116.249481,665.1709629,0.206351775,1.077979212,40.23542028,172.7402028,0.027441218,0.295195036,26.46791913,0.040268027,0.072398697
52,483160.0,69.69445802,100.5734828,6082.453683,87.18064571,3951.171696,3672.17352,7726.289617,27787.35364,159.7076489,826.7715879,0.408817073,1.534448739,59.70103143,202.5151659,0.068761476,0.802684882,36.29577063,0.069891665,0.049194235
53,483161.0,71.99065632,130.2356755,4880.99819,25.3165175,3901.278134,4644.991795,9616.428922,30215.35581,100.4506145,1315.981103,0.394640211,1.339917163,54.676028,194.8747663,0.034470597,1.510208231,39.70396395,0.037780183,0.034560254
54,483164.0,95.55350673,94.05295116,5223.362741,21.48914841,4327.807832,3037.916787,9043.172713,20316.08401,110.1921712,789.9932932,0.484930848,1.569121132,72.91032016,180.8358365,0.083399777,0.979913253,23.92236534,0.047324606,0.063066533
55,588583.0,86.97580842,47.24550359,4504.181768,17.24933823,3280.89368,2239.618193,9148.363165,18795.54619,70.96519409,594.8469618,0.200890812,0.965451323,29.14930612,111.2323112,0.041097874,0.657021628,26.21438031,0.048893092,0.060792455
56,588585.0,96.06095922,63.86987634,4806.665929,24.46243893,3025.203348,2976.554422,10126.59063,24319.43818,118.9811357,832.7609493,0.306837894,1.477067706,52.8413675,149.0264535,0.048069652,0.800384889,30.93780503,0.04666667,0.054076787
57,594349.0,57.09457367,128.3558138,2942.13407,29.59147225,6012.114452,3435.170378,6129.960561,20470.65216,65.390455,779.8163141,0.340971504,0.84706799,60.30040673,168.0885254,0.021980059,1.373901654,26.65778096,0.218506217,0.041636785
58,588584.0,104.5016402,108.1296014,4151.019343,44.63255822,5292.277802,3146.817009,7552.343092,26503.58526,136.7162214,1079.865503,0.369084488,1.684440516,34.77219813,189.8410759,0.067866367,0.433817134,30.74692419,0.0829161,0.037624798
59,588648.0,61.4029978,122.305359,4655.953039,40.16593566,2734.747091,2718.627434,9424.857858,20068.71277,85.75664895,1099.878909,0.366974884,1.083597558,33.2845563,147.7066,0.038125587,0.487106264,21.48527602,0.058891456,0.043556066
60,1587.0,57.07169333,125.1991974,2879.245002,26.69055386,8017.463555,3684.362859,9296.342627,15021.48603,63.73818175,1192.41413,0.319916619,0.718096921,43.38859643,146.4210192,0.024691696,1.179877636,20.1011899,0.101019058,0.034012661
61,483162.0,50.28964929,172.6699386,4165.130247,54.44432614,2057.795725,3258.83181,4950.730146,23293.27196,93.60446211,1585.919786,0.45864097,1.389831826,24.71260879,236.0240311,0.042476553,0.470128762,27.91263728,0.052350344,0.05810288
62,588658.0,64.26571303,164.3356862,5088.222983,22.79305924,4234.443196,2584.899417,11630.18066,20417.95862,104.615415,850.0558073,0.277766697,0.697813833,32.4572825,199.9768818,0.020131173,0.622969962,22.20480299,0.05026531,0.076552943
63,588647.0,75.63771993,113.7207035,4089.808078,55.46925579,2737.502857,3490.284281,8786.008625,24097.78153,123.8290665,1307.924467,0.431909238,1.763739546,80.03254734,271.2175503,0.081572051,0.674001529,29.1607321,0.065385856,0.062147623
64,483159.0,64.67202093,55.76609604,6527.753004,15.56189827,3246.938841,2523.072239,11235.27514,19641.0925,68.69955781,398.3530213,0.173786504,1.785976407,59.6835484,163.3947712,0.026433899,0.690786012,24.52283457,0.029853634,0.035313761
65,483151.0,55.66079107,78.93507131,3573.749135,62.08807764,3117.743944,2252.056193,9549.75884,20028.53518,135.7881971,788.8181985,0.301243505,1.056859036,35.90714637,183.0176658,0.059386469,0.941763801,23.16023424,0.055518208,0.075326512
66,588675.0,69.79660342,188.9552157,3293.946332,43.50774651,6718.585116,3337.42037,9081.36459,19041.07249,87.16013495,1434.029234,0.382758576,0.879218396,56.7392777,179.0519322,0.041892109,0.805879941,28.09151069,0.616876902,0.031062979
67,597172.0,72.05363714,136.0943595,5084.459037,31.50690571,4949.418185,3310.261988,7157.025253,21650.86513,65.11487945,1255.154879,0.379042839,0.84347128,54.73485168,260.9916984,0.020003073,0.652535452,20.34942716,0.098836822,0.054627295
68,597203.0,61.8764811,148.9455718,6719.89826,39.63654807,3838.119442,2899.919274,6564.123072,23816.62625,88.1527849,793.4937003,0.263828951,0.612403532,36.21209409,270.4727933,0.027084985,0.708840822,26.40515296,0.087340733,0.070780152
69,597228.0,63.47062916,101.3858613,4704.220514,17.22771423,6919.575231,3724.729709,8817.666307,24934.64069,51.45589202,1031.418497,0.274755484,0.621709661,40.61288919,148.3777476,0.01552383,0.378742669,36.93121048,0.786004369,0.036531136
70,588307.0,53.08465661,125.6728464,4271.008013,27.96409776,2228.971904,3365.004067,7864.328659,18777.20457,76.37364139,599.6510241,0.218220638,1.122034809,43.0835641,155.702007,0.015256926,0.87544244,25.00109458,0.047588443,0.061870868
71,588138.0,50.06963717,71.03190587,4030.250448,29.38584157,2005.342222,3027.901309,5958.858362,20643.5098,126.6284508,813.8278437,0.408636071,3.241222259,49.76266069,149.3305602,0.08307219,0.486840937,24.93296391,0.056200459,0.057816504
72,588169.0,70.50952099,71.97316296,5435.768533,16.28759315,3615.783752,2456.624887,6570.438882,25631.79356,45.72787687,660.661223,0.282506287,0.471521031,27.25224705,135.6038006,0.027283703,0.977704727,33.14322693,0.305973405,0.024640884
73,588277.0,60.79823562,158.04091,4488.192774,31.40457242,3062.118598,4534.496858,8024.559961,25943.81539,89.4514653,1540.571377,0.400280024,0.921362191,42.45514053,225.4812592,0.027775248,0.79080959,33.03784288,0.061475121,0.068297214
74,483155.0,66.74112449,75.82483731,4637.724622,37.44514187,3218.610807,2775.268563,11229.34659,23013.23992,98.16533237,705.2517966,0.29177785,1.122802163,35.48873703,167.4180097,0.044309853,0.771235444,31.95216353,0.05239698,0.041925824
75,483150.0,59.17993461,66.87827871,4919.372246,33.4665341,4317.819371,3235.20277,8640.46687,23059.11925,80.92715022,888.0058598,0.286154655,1.070596785,60.61267813,161.0602863,0.032249406,0.617871939,35.88442875,0.046257225,0.078332869
76,483147.0,61.10088986,124.0286293,4286.674399,25.38258576,2533.207361,2846.333024,11557.26678,27148.36791,66.11877144,1082.206505,0.308540524,1.546194334,28.77246792,199.2140199,0.037819455,0.769259268,30.54822367,0.034306312,0.047960781
77,483149.0,105.0847663,144.2921113,4673.344842,52.50138052,3659.584672,3669.332594,10922.28694,25168.57111,107.3281366,1351.202427,0.373771496,1.342703686,41.56209414,197.9343388,0.038882178,0.825666741,24.61322824,0.035133945,0.036564323
78,588194.0,57.33041087,87.24852634,4780.954979,21.42226395,4030.518752,2542.607356,8056.4922,19613.57658,83.03409656,990.1102378,0.296576924,1.394761529,40.6415527,159.3083944,0.037829028,0.536579032,25.5157509,0.137649839,0.042519524
79,483153.0,76.02164304,87.93530466,3513.531877,26.25826934,2626.060857,1773.472033,6319.838956,28217.06757,79.78686491,505.6858945,0.232131679,0.981339258,45.24303646,111.0333271,0.029898048,0.386357223,35.78915681,0.053817763,0.0340688
80,483154.0,77.57125132,43.58125645,5199.651682,29.69738611,2356.095966,2314.525043,10187.3246,32974.81288,96.39731755,1022.72819,0.249598418,0.894774916,23.29466074,142.8415668,0.029155384,0.55841791,45.9552143,0.045103272,0.067125304
81,483146.0,64.90583259,55.68169161,7646.292711,24.52974003,2609.328321,2127.53973,5206.664836,27374.49924,73.48414512,596.2573449,0.297386864,1.320081003,44.72372157,184.0517002,0.035244066,0.382056022,30.65366635,0.033555043,0.07742849
82,483157.0,56.10358634,98.03034656,4903.325295,17.01729326,5010.054197,2656.104428,10528.09317,21870.95774,137.0564655,767.0667991,0.144809817,0.65488042,23.69536903,119.2188852,0.019176931,0.396751082,22.7774493,0.019326829,0.053459619
83,483145.0,55.28338387,92.31327528,5210.783613,26.63629707,3925.95908,2677.95282,8796.238855,18595.23508,87.66007234,1044.323929,0.312360704,2.525186735,35.29688008,138.6625515,0.023518134,0.37215974,18.49352872,0.031856508,0.04302239
84,483133.0,54.43037801,145.0895041,7844.05339,37.57434632,4048.320799,3172.954079,7827.97793,33736.31263,113.9448905,1183.798265,0.44892776,1.669742734,41.41984472,365.1503805,0.041637087,0.559537543,37.8196085,0.06709625,0.081736781
85,483152.0,80.89918393,85.99992669,6693.70269,28.07264369,4581.153811,3338.321768,7072.728432,29056.25807,101.3792568,1181.473898,0.35764796,1.40327877,37.98761106,257.4499538,0.033158425,0.582824234,33.76250822,0.03106931,0.062274718
86,483163.0,50.48032983,91.00000939,4503.081988,21.08619064,5028.566142,2902.244879,10351.70803,19530.7397,67.02187856,914.0086658,0.287829254,0.518807606,54.9715095,168.9996512,0.022423923,0.873085679,20.35243121,0.20868028,0.041745836
87,588201.0,68.75726422,138.325477,2096.8737,17.30779977,4473.979452,2405.556338,9886.298404,7781.073876,61.33246168,736.5334615,0.593096778,9.34249665,39.03735809,125.4532972,0.006084599,2.580073131,10.94121141,0.108775227,0.055720607
88,588152.0,26.63322983,146.9174574,2568.858047,33.1549777,10134.6598,2835.571073,14014.99974,10617.93584,69.76508859,1050.740063,0.468507244,8.819776444,51.90197534,144.998159,0.034177713,3.165268161,12.25671117,0.265035375,0.04243504
89,588155.0,56.24089434,88.7107396,3965.052986,19.96575777,7940.322887,3214.097894,7528.626533,19974.15111,84.45094702,655.0938555,0.288663705,2.279829859,44.49835124,157.3946473,0.013936231,1.260893127,23.42848368,0.326910321,0.048342419
90,588233.0,35.4831009,150.7749016,2739.339973,19.44849463,7418.381059,2499.479526,8983.70887,24576.67719,82.08688863,1117.325129,0.411144992,2.853558752,32.39527795,191.926031,0.020030121,0.732021894,27.71742583,0.151441041,0.088691026
91,588467.0,28.79035519,106.7875848,1939.142945,24.9352547,5330.287369,2565.461874,15767.409,4741.776444,46.03823758,550.7321179,0.291654555,3.818422659,35.46864681,100.9384033,0.027616141,1.993657359,5.167913378,0.139391977,0.022938959
92,588204.0,122.5749707,65.29599351,3114.572035,15.62325363,2109.00447,2296.744648,6610.752708,30352.81742,95.88439839,667.1775265,0.218890782,0.556229319,26.01148257,96.89297871,0.020126933,1.432406119,41.15522551,0.597189283,0.028126976
93,588276.0,110.5913038,180.1744395,2292.320633,41.40471664,3779.764334,2371.442286,14597.94237,20033.64569,142.3067002,832.1192899,0.297675129,0.639773338,27.18566633,131.4010865,0.033344367,1.869632833,22.84172386,0.481502758,0.022474868
94,588440.0,139.2745643,186.0954488,1980.338065,21.25250542,3281.386471,3115.834757,6285.097243,24407.6239,83.59946416,817.6452894,0.275822352,0.672814919,40.14661621,124.7549976,0.022688821,0.731889287,27.03731962,0.671903725,0.05041928
95,588214.0,148.0350704,101.7002323,3709.939696,24.52707243,2719.728387,3681.799562,9087.856971,29554.05838,118.9293738,847.3857609,0.261327392,0.593354854,21.23353918,152.6758672,0.036150032,3.195506793,32.01311452,0.817596641,0.023403342
96,588190.0,67.31577211,164.5161469,2857.301765,35.07643431,3474.550363,3787.505037,17864.16381,27909.58161,165.9874177,1023.626925,0.387739367,0.671193927,27.79415876,186.4243123,0.015204982,1.583442388,27.70157432,0.398419301,0.020432747
97,588273.0,114.8583674,132.0906465,2528.206317,20.9116797,6001.398158,2693.762097,9382.199308,33121.01878,95.68377641,694.7704464,0.216746791,0.430749581,23.11769384,119.23989,0.019426182,0.720567891,37.56952276,0.526104699,0.043000872
98,588274.0,111.3191025,107.9767378,2782.879275,13.06223568,3879.224388,2612.350524,7398.156351,24971.72562,144.738263,691.3203713,0.236929556,0.780674178,31.06637727,127.1333396,0.00982152,1.039461122,29.13918378,0.401616203,0.032655479
99,588564.0,53.93679941,116.6796175,5277.987091,22.47635019,8611.070842,4235.529527,8829.886947,23893.1486,117.903591,598.4417634,0.242808639,0.595810851,38.18631538,183.2413073,0.024645979,0.775118468,28.65680876,0.571561457,0.031625628
100,588345.0,81.90041835,63.7630028,3636.386764,35.48921408,3627.333819,4921.829167,28884.81865,17236.59623,134.743528,914.458323,0.297924962,0.855499261,27.74004004,144.6565923,0.034748452,6.000413443,21.42063155,0.929610206,0.030785812
101,483169.0,50.77651492,40.89828937,5100.436821,16.8897629,6108.483102,2257.843638,12987.71018,32836.06904,119.0802947,528.5185311,0.17777214,0.48200899,26.88109962,119.063066,0.021521909,1.664212441,46.1552186,0.365207377,0.020118576
102,588271.0,61.1630441,81.93189354,2294.98272,15.16445404,3078.198773,2915.653243,11346.90647,20090.82464,95.9234198,613.6807776,0.184152786,0.419813997,24.44431885,137.8160965,0.004352386,1.258131051,20.54506716,0.345085655,0.019536178
103,483171.0,78.06161686,76.2402285,2897.160209,25.59262609,6557.075965,2530.660273,11082.69959,31024.31684,89.7626003,680.6633156,0.193303653,0.538528688,21.35169346,139.73631,0.023327711,0.572989518,37.39791438,0.592879596,0.054840015
104,588435.0,84.36197291,91.08218558,2847.302683,22.25749013,3486.260008,3564.666615,9447.240875,22533.996,117.2988115,1048.512999,0.372265903,0.877717489,23.65395278,169.329288,0.021018802,1.655773568,26.7632761,0.381815762,0.036217651
105,588562.0,88.08962127,79.25094469,2365.171434,12.64064971,4511.439311,2337.8721,19816.82692,20683.847,78.56716844,440.3670807,0.150164992,0.298082196,27.2186305,105.1457839,0.01579458,2.884317277,25.23230669,0.515764414,0.034701999
106,255189.0,111.5382232,112.3675639,3852.040482,29.31821643,5365.825048,3446.050717,9077.120158,26099.36271,128.3555975,1207.902227,0.300807093,0.773207093,26.55151942,161.5516062,0.032193833,0.842591836,28.40124433,0.57804183,0.031915287
107,588456.0,69.4483415,44.77765519,1895.906992,13.66799985,2816.047386,1841.520226,9853.681996,11965.06456,68.867402,379.7424758,0.167702544,0.704794586,25.6620524,61.83960351,0.016201768,0.834109965,12.28661023,0.523527206,0.029098968
108,588353.0,112.138724,166.0993593,4152.532404,24.88789715,6373.099491,3374.608847,6800.133674,32201.35114,112.9655938,1146.853539,0.375908546,0.723754534,37.00302512,222.3153165,0.027954976,0.619352037,34.17127896,0.600749899,0.044806462
109,588439.0,86.18135293,76.11979573,1623.375076,13.02733919,2817.685772,2674.47864,10618.97364,19335.7209,74.95481547,783.2188694,0.231176741,0.507279633,20.95465153,103.4952497,0.016791582,1.415637555,20.22300691,0.554844171,0.026514097
110,483168.0,58.3698783,60.51283282,3221.993025,11.54284651,2688.347157,1761.775018,12010.04976,25350.33616,121.3461869,602.4378348,0.270722029,0.645893241,25.43928675,100.3306699,0.012523187,1.982879396,29.11952565,0.32549918,0.035020581
111,483177.0,110.5209219,93.47842959,3291.484187,17.21133063,6854.062952,3976.861135,7181.669961,33404.15177,103.3715011,732.2446928,0.259954779,0.66339785,77.93729753,114.5386005,0.021184316,2.00733617,42.89360723,0.914196116,0.030002521
112,588711.0,95.00793676,124.5442175,3015.382054,32.57397313,2056.707461,3117.104181,22925.31938,17403.41343,96.156011,1091.512574,0.371746155,0.664544921,22.91765727,229.7002812,0.026203363,1.56020765,15.40916571,0.38284111,0.036457829
113,588718.0,116.9876498,109.9271822,3707.952782,43.87971581,1764.982518,3399.69547,6032.400605,31846.50179,170.9810716,1045.331983,0.351703876,0.690116018,26.05797199,208.5557233,0.019783314,0.652239325,32.51671401,0.633589709,0.041197105
114,594344.0,70.0613624,65.27497416,4618.241102,28.46342019,2980.50276,2577.299037,7851.568988,33975.22752,183.6490353,692.4133989,0.222194946,0.525976148,29.80194471,124.092006,0.008889935,1.670848773,40.01547655,0.456081675,0.045229799
115,588653.0,42.22380718,76.2808907,2173.181553,32.74205213,2580.491122,2543.631525,6202.986913,22542.1728,137.1587918,763.3878144,0.209605345,0.41818055,25.19800454,127.3926969,0.03381365,0.367312129,24.5448498,0.778975041,0.02224155
116,588586.0,83.52487457,83.85046297,2538.086712,25.10732032,6496.014959,3161.859265,7135.423756,28588.28676,64.38201776,575.8433461,0.169983899,0.686869504,31.67161845,89.27890254,0.012857363,1.195824718,29.97097187,0.522190247,0.021760254
117,495622.0,104.20941,81.08310737,3451.597349,21.50515333,3442.108546,2834.513006,7649.616601,21086.63278,133.2994688,873.7200837,0.299895163,1.071819684,25.07808018,164.6958459,0.02794862,2.078142163,21.47681034,0.447227993,0.047156766
118,588710.0,85.70333074,49.21722859,3531.965546,29.18979587,6436.455457,3306.688263,5221.37867,25443.19239,174.4684238,882.4957056,0.25984421,0.605056002,27.79006356,167.2870792,0.027370861,0.968661602,29.57947353,0.308015266,0.029395918
119,588275.0,93.68385302,357.6193587,4125.527804,23.04239807,3820.972201,4149.252222,7015.794239,31590.54302,91.87070404,705.523745,0.195195161,0.351686185,22.36048071,193.3760168,0.013966266,0.846485372,43.40586006,0.674622097,0.028245445
120,588510.0,86.81905629,62.08390379,4080.813883,16.61726867,3258.415587,2672.943354,5816.888031,29349.41948,153.7882886,697.7573371,0.218206235,0.55733586,21.37784692,179.9670916,0.018415595,0.286398798,32.71897956,0.24247556,0.025205074
121,483166.0,38.96876894,154.0326739,2482.700671,62.43287888,3542.850371,2758.610509,6669.610396,22904.56393,88.32845885,925.3931089,0.373175225,28.64064175,26.90764908,359.8345934,0.021049282,1.070893263,30.34356618,0.306486866,0.062157174
122,588369.0,128.6852525,172.9198136,3343.66266,35.84573247,4674.024173,3242.926425,5509.731683,37437.54953,82.74516515,1027.878933,0.322925993,0.783917714,17.29557201,202.639628,0.033927377,0.597980298,42.86581229,0.498367443,0.020425973
123,588269.0,91.8158276,128.0840223,1744.585649,29.73228658,5389.70396,2359.526253,7018.001583,20865.25303,106.044632,762.6284357,0.246056069,0.709210568,18.01846805,135.6564937,0.01901588,0.869450466,25.82098898,0.415628494,0.027266085
124,313922.0,53.22427456,45.77757182,1573.076827,10.24426523,1543.658882,1434.691655,11159.28528,12395.8303,45.90716774,289.4582748,0.086739397,0.232085821,12.29611112,64.50573877,0.007173905,0.886856073,16.75492109,0.428011729,0.014334139
125,588258.0,97.29307424,75.78683549,2447.560377,26.81787042,4225.395631,2365.599667,13365.18194,22063.80874,66.58398583,777.9071371,0.206837875,0.49233026,20.4764793,147.8338294,0.013344101,0.841027388,24.3034434,0.330347189,0.025259797
126,483176.0,60.70584529,61.96029331,3582.039756,21.37538916,5622.455195,2693.911121,8733.826569,22577.05388,63.813728,507.7308565,0.16400573,0.442487478,28.67544984,126.2592481,0.012343916,0.5848487,27.91133402,0.274865811,0.028435712
127,483173.0,56.60224331,123.1243399,4201.895286,29.74345342,2743.727193,2423.045498,9957.964631,21366.91426,101.0937194,902.2103307,0.334051023,0.733881418,22.18963515,205.9925798,0.012340716,1.359619181,39.97467778,0.315238264,0.02652964
128,588167.0,107.8057752,124.8236086,3198.597725,62.17359901,2364.558,2179.826502,7511.083472,21005.22031,82.08085487,628.0109804,0.22378283,0.657291638,17.54990282,130.6186675,0.04527453,0.768585729,20.19719361,0.13911631,0.012498579
129,483170.0,94.25045743,55.5397735,1964.478684,14.28812489,2538.864618,2420.84351,10393.4988,25504.76864,83.50926828,489.3797003,0.166470172,0.408301847,27.41754879,121.4306302,0.013735835,0.404766021,25.60753822,0.458524122,0.02544785
130,483175.0,86.6777873,96.43197491,5613.273252,28.18109714,4639.582749,2965.066625,10197.79064,29934.41157,250.3392424,892.6059698,0.339786725,0.791642358,36.83492037,177.4895785,0.068091461,0.826284824,32.83971176,0.566589139,0.044649632
131,588565.0,110.4974059,101.1064894,3158.42147,22.94058871,3492.862572,2340.037798,7700.743039,17251.70579,100.4733673,584.0812793,0.163657684,0.327336343,17.95321989,134.5641877,0.01218996,0.801648832,20.28271352,0.289590567,0.020516686
132,483172.0,96.76310938,58.95506779,2120.02949,33.08962893,2099.658169,2317.281434,7644.597827,26691.69944,80.17593043,771.928684,0.240474929,0.425097135,17.67780418,152.0772126,0.014098517,1.14238976,28.16435161,0.408427281,0.02216832
133,588054.0,145.6321595,420.9394697,1695.348492,41.75561472,2704.035311,2220.408263,12233.99665,10911.60678,80.52310894,804.0863909,0.277653392,0.668439861,17.0133454,120.3695643,0.020501689,1.309248137,10.41319697,0.231044991,0.024246266
134,588455.0,111.9023522,92.57027945,2549.68131,36.48471478,2294.258386,2684.059253,28638.57635,15157.22051,66.78004066,821.0312929,0.26949701,1.136542795,22.4639704,132.4080733,0.020376647,2.841395248,12.79489988,0.252160633,0.042031648
135,588568.0,78.4042294,64.07764968,2019.780972,14.67419498,4034.396737,2118.72463,9276.545608,13907.56438,97.29953936,443.1435167,0.149411939,0.255279998,21.45882428,129.860001,0.015085357,1.460318728,15.00787115,0.265188289,0.015361982
136,588457.0,92.81448546,317.3147967,2522.879474,31.49886185,3101.611315,3414.981641,21668.27575,28370.87068,77.93681819,1145.580395,0.397808967,0.604409717,16.10169821,186.0037422,0.027278071,1.43786549,33.52356969,0.343253584,0.027544139
137,483167.0,118.4410565,67.04793958,2851.30781,18.25498515,1960.215315,3124.440464,12030.04049,20293.90163,91.69627958,805.755333,0.26081708,0.552126159,15.18047165,135.8610579,0.010904757,1.487724458,25.82759932,0.499235447,0.024097093
138,483182.0,179.8457682,75.48713327,3114.597941,22.99691924,2054.374868,2042.135693,11638.28488,20770.02625,76.32292855,698.95775,0.297556375,0.508944334,14.40647736,155.6547545,0.018583287,1.872965693,30.90265912,0.347228731,0.033103665
139,483178.0,78.02156972,122.8691001,1963.589729,25.68214099,1653.793161,2041.422153,19172.65897,11328.1172,45.33821582,745.0297537,0.298178273,0.448299749,14.16587935,102.7310892,0.017556904,2.289693499,13.24942856,0.222445515,0.014153045
140,483165.0,95.63352137,83.47254464,4028.855531,25.83758283,3067.735093,2268.90403,4519.343588,22472.68723,69.75729338,539.6048379,0.163152316,0.335124477,22.95629318,138.9792618,0.020651308,0.307143574,23.97466988,0.356983876,1.316582669
141,588483.0,109.7153329,61.75323712,1863.869907,30.00344726,2708.374125,2571.733522,11629.44698,18591.59477,88.27373209,1022.096078,0.292082851,0.584972436,19.23984338,150.7043509,0.024865008,1.041780648,20.38063653,0.395240101,0.017452219
142,483181.0,104.3418443,64.50113482,4078.130635,24.87728769,5868.270431,2897.820187,5631.535722,30796.75861,65.18416592,926.4454233,0.38345428,0.7518656,33.33140974,158.8117361,0.019073232,0.732880155,34.09724485,0.655778218,0.046233681
143,588404.0,114.2508854,179.4647859,2661.999916,29.02682777,5264.007596,2858.084669,10031.72829,23258.21531,100.7052393,770.610159,0.277064158,0.532310329,21.5674552,149.8203032,0.014512771,1.233090267,29.10179538,0.382523979,0.028636887
144,588400.0,98.73177259,214.4701677,2008.449601,21.25759069,8101.462486,2845.598642,6207.963665,32537.79832,74.85455849,780.5419984,0.231899365,0.417170969,26.17810576,107.3534742,0.017856051,0.961858724,44.17047423,0.732644222,0.026177179
145,588261.0,98.1005921,183.2840983,4890.111058,17.06200379,2973.101843,3858.20295,16533.66908,30702.70166,116.3278968,1914.142521,0.376974353,0.78176451,20.49766168,251.745941,0.019888099,1.158160192,33.40533719,0.535947929,0.031891123
146,588260.0,101.4036908,92.91998817,2838.341294,23.44034979,6605.000247,3737.846158,8934.034891,28516.35491,103.2871102,754.521435,0.242205618,0.469284366,22.28643315,188.465908,0.020495993,0.859021135,28.90638247,0.410890074,0.019325483
147,588436.0,88.49264757,97.93570498,4802.281062,19.09835965,3677.705495,4814.350371,9963.325967,26805.12401,64.53138727,831.9001269,0.284170228,0.482230525,33.37620934,321.9086772,0.015934214,1.463455557,40.30405746,0.834512629,0.044493525
148,588272.0,87.34067601,83.61617011,3169.681831,26.01308242,7243.671979,2552.046697,5114.037931,23833.75181,179.9541577,826.6885781,0.283193933,0.576700514,23.08078227,187.1463706,0.01970995,0.417477723,28.72149495,0.4215755,0.031392059
149,588346.0,89.61748799,137.5104579,1751.548701,24.54951263,3927.509937,3785.326671,9516.547719,13249.21584,107.7203067,770.8916789,0.249379688,0.491189044,25.86417691,139.0931063,0.027243912,0.565170835,13.11494045,0.524220707,0.016002752
150,279897.0,130.4404937,77.51562779,3009.433057,11.61367377,8286.203475,2505.657903,13786.69273,27560.67701,43.42589682,611.1213201,0.211570755,0.350685057,17.63936552,85.32926112,0.014130348,1.389747475,34.550365,0.362793277,0.016902067
151,588270.0,86.34807388,161.3677937,2813.284402,31.55014508,4362.922037,2283.095425,9333.654904,13820.23881,105.2388427,882.1347969,0.287348939,0.538150805,21.41855787,164.8316394,0.030156526,0.753964707,12.62161793,0.507969457,0.031867208
152,588262.0,190.8082902,245.4755997,2091.132717,28.94914513,4559.7605,3700.459171,6951.669928,21217.29443,99.30818391,2117.288413,0.547705109,0.946908659,23.30806794,303.9275154,0.047558017,1.105987973,17.87669759,0.393179066,0.025147644
153,588344.0,92.86066706,225.5617925,3292.434571,22.81985129,6029.50842,3773.511,9068.990147,27298.34086,208.4391965,1092.351098,0.471349609,0.851564991,24.45827005,206.1214935,0.020948733,1.061986556,29.08121577,0.451714289,0.029493648
154,588304.0,120.2462588,114.9058625,2883.096774,13.74455482,5309.118436,3142.09734,13558.01318,36719.28407,76.52391504,1016.152911,0.273953795,0.480654656,22.2352296,131.0608655,0.010006366,1.227136622,62.05019222,0.554128178,0.024617584
155,588437.0,100.2438099,50.42878701,2494.762976,11.67695178,3509.106771,2645.301996,15912.72905,20754.62824,98.5891224,850.618279,0.236990939,0.389724062,17.00322883,145.9546402,0.017006042,2.041247622,25.11800075,0.532524342,0.029656309
156,588349.0,78.38476512,216.6853156,2026.83527,18.90978376,3672.636844,3645.746555,7430.734606,47434.06717,97.16221813,762.6667283,0.250406417,0.59326738,20.90287949,190.3805496,0.012192632,0.44008411,46.86175513,0.537072546,0.035232394
157,588350.0,156.7989091,74.80624057,2817.098178,44.25761044,5015.64814,3181.685682,5855.794676,23257.25374,122.3220894,911.0836582,0.272473979,0.557800493,35.6558706,195.8479421,0.04190323,0.625706631,26.95737285,0.640872861,0.027711879
158,588354.0,88.03188787,57.14552004,2003.771622,16.1113348,4331.334118,2477.294736,12951.41529,35030.29291,53.91229846,595.9607736,0.188772518,0.396966014,31.05476063,105.2958023,0.024607903,1.698760389,48.83108764,0.40572208,0.020802561
159,588374.0,94.83440617,79.19701472,2659.414461,12.88961637,3227.864438,2508.895962,7889.258889,27589.03273,179.94842,611.700984,0.196780256,0.395843419,15.13251238,112.9568594,0.013664595,0.442542151,35.49971374,0.370185505,0.021755221
160,588259.0,112.149222,92.35541811,2137.903695,23.87194914,3336.958459,3268.449999,10451.21551,34405.21214,120.6091769,835.3407661,0.290408636,0.651316849,38.66820605,139.558124,0.011542508,1.347975546,34.52234414,0.612214365,0.027481105
161,588373.0,110.1516612,132.3204246,3887.478853,17.71899549,9638.118679,3351.697409,6611.397806,25094.22533,189.6255197,1055.873896,0.368349975,0.647844351,19.94681698,228.6580714,0.014885546,0.581001216,31.00991804,0.586405016,0.031579051
162,588406.0,100.7510354,93.11216918,2843.402467,22.33048448,4069.455423,2728.565837,12217.91345,45416.80296,83.50262216,820.8810342,0.21524549,0.489102501,23.52066927,135.281305,0.018093422,0.760878087,45.64704621,0.433422236,0.024223261
163,588355.0,189.5132813,230.6335986,3727.969442,19.37691675,3414.354611,3180.997189,5131.983239,23499.34642,72.70117168,1032.389874,0.400687049,0.850606118,60.01510213,131.7088704,,0.515731165,27.58871901,0.549183143,0.037994216
164,588146.0,66.35472136,64.47666428,4627.467634,18.32165557,3147.340074,2355.400486,6176.035638,29809.18008,64.28175483,621.2423028,0.211231942,0.48943933,26.60340582,182.2736794,0.035212285,1.067961493,32.60657758,0.212088861,0.034969448
165,271662.0,84.42085544,165.5556828,2337.246464,19.78695329,2458.936219,2525.875253,6937.96284,12179.2581,58.420629,822.3724157,0.265951128,0.539206473,32.14250475,158.4466215,0.028320197,0.721224057,11.66330448,0.570576063,0.01897685
166,588188.0,96.66030409,59.29821863,3668.806825,10.74863538,2334.65502,1695.476138,9446.478164,17571.15407,64.16090234,399.1028551,0.105836627,0.282985093,24.93249922,77.75233742,0.013434346,1.600673084,52.38841186,0.377760582,0.022838137
167,588147.0,94.76533744,39.60240117,2001.870849,24.61259227,2788.615829,809.080921,11982.95636,5828.523823,67.66595382,427.792859,0.181267284,0.880352806,38.76417356,126.05114,0.017383559,5.283178009,4.591507126,0.124855339,0.04674849
168,588181.0,101.3914655,72.91840926,5381.761518,17.29513099,5379.343169,1585.045751,7069.614458,19935.31164,109.6191123,519.4848082,0.154178228,0.472770397,20.33586617,124.113917,0.011199736,1.284059377,20.81845353,0.416661192,0.056209416
169,588228.0,144.9353893,80.52135249,3072.714391,22.39759661,5031.455947,2654.720985,9614.530102,20192.84078,157.3973188,632.9277334,0.206997864,0.45148243,40.35104809,177.0496914,0.015658863,0.486744486,23.28199137,0.429383803,0.084842332
170,588224.0,71.55293998,54.40926258,3090.019419,10.00943687,2270.155779,2898.106827,7052.925333,20347.03336,54.16756271,641.3314776,0.211023726,0.445278178,39.75291514,108.4038106,0.011618936,0.559749777,24.95762231,0.343767141,0.029289679
171,588330.0,131.0417374,29.48975294,2785.303211,10.9377315,4356.44345,2279.717151,7994.511025,20403.587,80.21439104,406.5220887,0.140015542,0.414033378,47.42527187,77.42804371,0.010029901,0.722695238,21.58294763,0.57199509,0.03531638
172,588227.0,98.31462016,69.11915365,2516.984803,15.72925323,3454.076583,2310.802514,5868.280808,22094.04667,83.87539297,671.1514697,0.243888513,0.830267707,33.26677023,108.877066,0.015159074,0.563055219,25.52403373,0.290255333,0.016626368
173,588683.0,106.376045,52.80850783,3572.569426,17.0800934,4833.271383,2100.111397,11449.83835,19053.07445,72.02246006,716.080364,0.265537181,0.538002352,24.48922483,122.8289785,0.004818612,1.29281021,23.07985189,0.449348229,0.050863256
174,588684.0,67.09844364,72.4877416,5451.964801,24.20372079,6938.254295,3453.228729,6324.255366,39982.5672,90.1452025,908.4500034,0.281936984,0.709142549,71.74896076,126.0966019,0.019813034,0.714556656,50.443358,0.580507357,0.04377049
175,588574.0,93.58794311,68.0878053,3999.008036,14.14958848,2603.125875,2134.921314,5187.800145,22747.69239,43.6285734,590.8839856,0.187308492,0.595082043,18.32363304,96.60135498,0.012222699,1.00326053,23.5188384,0.427392602,0.028426196
176,588454.0,88.72323813,133.8011092,4727.015704,20.97973817,2177.23954,2716.916992,11242.79939,21382.78043,76.23029901,869.7244664,0.232450525,0.811356117,19.32911308,133.3063803,0.019864624,1.979102342,24.98839485,0.734938332,0.025313628
177,588384.0,122.6932244,79.77198879,2311.027143,12.69827836,3432.33284,2124.135587,10417.14988,14269.44837,53.82666605,642.7575877,0.214490946,0.589149953,28.22929819,139.2932288,0.011874859,2.014443402,14.76774732,0.207445388,0.04549112
178,588540.0,91.64194439,53.68349637,2558.546131,11.35601651,2657.592635,2037.978635,13138.32451,29722.71761,74.90858556,573.8661595,0.193877991,0.830665765,28.18622556,102.6098643,0.012257984,0.382373114,34.57023472,0.104928979,0.069025181
179,588333.0,93.00467711,54.78441756,4715.163966,19.94230078,2803.47458,1832.39938,6856.144893,17532.07454,56.76547759,548.4236067,0.11803826,0.699195653,23.08209548,137.7361725,0.003102472,0.544459667,17.46490591,0.278992498,0.048192734
180,588160.0,76.09811273,33.50396084,2321.249575,19.70218036,2971.812319,1880.887857,8706.691705,13615.10371,64.34978108,591.4069776,0.174937403,0.63161754,17.62839688,119.6278269,0.013759896,0.810557247,14.04894907,0.313329439,0.032901212
181,588174.0,78.84633397,47.81158979,4332.067022,20.49282395,3200.379684,2746.269708,5250.659234,24383.8595,62.31511159,567.0887518,0.186096601,0.642655431,29.49677133,81.25680134,0.021892886,0.854781154,28.50441084,0.520745848,0.021899392
182,588331.0,75.11486617,88.54429903,4828.533659,26.32078559,4680.876765,2399.919382,4410.324837,23619.51468,55.48059871,439.3764012,0.16382869,0.314357966,26.82653593,73.16155924,0.013818606,0.556364919,24.881288,0.325105222,0.016835655
183,588401.0,166.3288565,213.6298457,2898.40472,18.05854457,2243.853314,2007.822946,5056.751732,21946.76129,53.25885294,458.4994546,0.15706296,0.433724487,44.6856573,85.09113007,0.007508696,0.742832368,34.79379303,0.282979856,0.019619044
184,588231.0,127.6168199,79.01069528,2462.514226,13.76569026,3697.917196,2105.776916,8883.028354,10060.00043,48.12039518,598.2735435,0.22381122,0.514650256,44.21454964,126.9192578,0.028518349,0.65523435,9.385944896,0.290493254,0.022796794
185,588229.0,108.2035731,92.10364197,4025.059077,22.43215579,4303.699467,2107.829414,9223.45216,17515.32634,74.13181503,572.6338889,0.173308148,0.307262798,27.10780993,124.7239908,0.018861644,0.608789306,20.57122285,0.712155659,0.02653602
186,588225.0,52.65978345,81.04753959,4283.618948,17.41184675,7559.784116,4061.674004,5119.967959,26695.73592,116.504748,717.8169321,0.218212818,0.673506368,57.12142078,167.7093693,0.014884751,0.989464843,28.75601913,0.503772705,0.028075627
187,588415.0,66.3098725,156.3648875,3260.900829,15.79101514,3307.824992,3095.917741,6523.433151,14760.22043,76.8889482,617.7630238,0.195424861,0.416126063,19.68925119,83.37325521,0.007027534,1.279605869,17.58170371,0.320162378,0.023910854
188,588395.0,118.7655486,96.49308939,4872.708588,10.47113529,5934.148548,2651.926109,4980.51519,23985.69643,47.96944734,669.328645,0.231144823,0.46102021,32.45904198,106.5964516,0.012067887,1.06028061,32.24640738,0.754769187,0.024551962
189,588223.0,53.03105621,124.1712989,3242.840011,23.02634502,3468.270581,2034.271612,7559.541102,11916.60567,76.63779065,729.8683956,0.282340398,0.945055049,65.5092442,222.2688973,0.004950436,1.991453751,9.53373485,0.089452927,0.026510325
190,588142.0,92.0019438,65.79155779,3507.654934,24.17877306,5667.647952,3510.207519,11567.4379,30431.95187,86.47414473,675.709108,0.210562919,0.454229078,22.30542407,343.8240943,0.020322297,1.511877774,36.45382441,1.510852994,0.056425469
191,588680.0,63.9146969,81.55449126,4505.032144,30.6924944,3041.347573,4055.390702,8293.769641,21804.7017,161.9032764,1056.813699,0.390731188,0.880860966,57.88823849,184.5014519,0.028786295,1.21481006,23.72842548,0.131851663,0.048548898
192,588679.0,97.4508925,65.65255227,2600.930815,19.62794163,4968.522712,3093.931638,10610.55445,19585.57739,83.16993007,915.6206493,0.332612715,0.723767477,85.5615369,189.2587832,0.029006886,1.442757548,20.15842806,0.120798718,0.026067029
193,588133.0,76.68078742,72.1442092,3340.678316,18.09342948,4815.633889,2580.466082,5609.731746,26334.46844,74.80228461,727.2541223,0.22838695,0.621618583,40.92400844,152.6264788,0.014421307,0.71330676,31.0745928,0.741965252,0.064499447
194,483180.0,69.5027747,47.83122416,1863.645895,22.87136773,4051.184066,1772.574336,7691.396412,12192.07976,54.09863458,308.9372767,0.150717446,0.688478801,25.02495165,56.11835461,0.013867092,0.50794721,14.29188878,0.087789525,0.058323199
195,597115.0,61.68809365,24.10113331,2559.948555,9.557651253,5438.04032,2705.084666,8101.994894,27358.85995,70.67473884,677.2306889,0.179557682,0.422995825,33.73590913,94.39604432,0.011047177,0.61017655,33.02442081,0.565396436,0.040889842
196,483190.0,48.53658,32.1689707,2209.598165,14.13471366,2181.648019,2627.568246,8396.316486,20759.67769,59.51454389,673.2155847,0.168724658,0.361810705,17.33190955,113.6633363,0.016043973,0.295842134,29.92759633,0.059149914,0.035793076
197,483187.0,131.1267118,125.9245912,3648.981511,37.9757577,1741.839911,2593.355026,11480.1214,18268.26592,122.8343501,1003.091895,0.359253167,0.955471135,26.88682353,215.3271118,0.060461207,0.697935578,21.74380919,0.083998772,0.062617368
198,483184.0,52.69362359,61.55992924,2069.169038,25.98539796,2624.084929,2350.078662,7402.17341,19336.67285,81.92337747,582.1962009,0.233046734,0.568837919,33.54052847,110.259042,0.016785225,0.631062803,20.28185079,0.697222961,0.036652152
199,483188.0,111.4864942,44.38457123,3225.072889,15.55933524,2283.28473,1619.680719,10420.06328,15999.02234,78.82764004,456.2452897,0.169485232,0.49685925,35.30374288,95.41516353,0.014862811,0.767645296,16.4420893,0.688231359,0.023213148
200,483186.0,48.98031562,60.42927066,2554.896226,26.12056275,5013.467812,2002.560193,7711.418979,15051.0427,120.7240298,395.977961,0.154267791,0.44636033,52.26098971,92.14434088,0.015951312,0.840417495,16.26675187,0.097223534,0.04750046
