Indv_ID,1,2,4,5,6,7,9,10,11,12,13,14,15,16,19,20,22,23,24,26,27,28,29,30,31,32,33,36,37,39,41,42,44,47,48,49,50,51,52,55,56,57,58,59,60,61,62,63,64,65,67,68,69,71,72,73,74,76,80,82,83,84,85,86,89,91,92,94,95,96,97,98,99,100,101,102,103,104,105,106,107,108,109,110,112,114,115,116,117,118,119,120,121,122,123,125,126,127,128,130,131,132,134,135,136,137,138,139,140,141,143,144,145,146,147,148,149,150,151,152,153,154,155,156,157,158,159,160,161,162,164,165,166,167,169,172,173,174,175,176,177,178,179,180,181,183,184,185,187,189,193,194,196,197,198,200,208,209,210,213,214,215,217,218,219,221,222
ZLi7,-0.203343354,-0.247432354,0.189571646,0.287060646,1.955503646,-0.153341354,0.047248646,9.930307646,-0.367892354,0.435525646,0.135679646,-0.133447354,1.531041646,0.004809646,0.214683646,-0.209894354,0.189551646,0.713785646,0.238890646,1.475185646,0.902181646,0.872178646,0.124246646,0.029296646,-0.392640354,0.597040646,0.211102646,0.775218646,-0.069999354,1.870531646,1.340418646,2.932794646,-0.281661354,0.136179646,-0.208069354,-0.447445354,-0.461362354,-0.236583354,-0.174082354,0.175889646,0.679834646,-0.407863354,0.012744646,0.055937646,-0.195418354,0.237729646,-0.131890354,-0.198285354,4.238015646,-0.384360354,-0.500382354,0.238887646,-0.305562354,-0.072318354,-0.102691354,0.707172646,-0.576335354,-0.077377354,-0.423803354,-0.419644354,-0.455137354,0.029677646,-0.317746354,-0.311374354,-0.323754354,-0.341086354,-0.463585354,-0.288411354,-0.492404354,-0.390309354,-0.418711354,1.131630646,-0.448373354,-0.350770354,-0.202452354,-0.406068354,-0.493615354,-0.465109354,-0.243279354,-0.474261354,-0.389640354,-0.465089354,0.348066646,-0.327296354,-0.533422354,-0.330548354,-0.321582354,-0.252878354,-0.462016354,-0.475097354,-0.350026354,-0.262689354,-0.291546354,-0.010735354,-0.471651354,-0.530694354,-0.548169354,-0.432772354,-0.454008354,-0.731583354,-0.491139354,-0.452512354,-0.460047354,-0.393126354,-0.463406354,-0.497682354,-0.338911354,-0.284830354,-0.471684354,-0.215608354,-0.433410354,-0.416932354,-0.262964354,-0.552062354,-0.396664354,-0.429520354,-0.400155354,0.872292646,-0.253735354,-0.226360354,-0.521449354,-0.379140354,-0.119471354,-0.323830354,-0.458769354,-0.347726354,-0.477295354,1.106726646,-0.421034354,-0.743248354,-0.486142354,-0.219666354,-0.516740354,-0.382154354,-0.270915354,-0.497416354,-0.439321354,-0.305507354,-0.044457354,-0.810497354,-0.711505354,-0.078521354,-0.091050354,-0.118381354,0.171654646,0.062676646,-0.231764354,0.368906646,-0.020592354,-0.487088354,-0.258688354,-0.211399354,-0.355997354,-0.317275354,-0.424185354,-0.178259354,-0.451560354,-0.315638354,-0.363286354,-0.437062354,-0.622710354,-0.150727354,-0.191643354,-0.139678354,-0.462233354,-0.110372354,-0.502417354
ZB11,-0.052892101,-0.996062898,-0.942890572,0.271171021,-1.33348724,-0.917425486,-1.617901551,-1.099988522,1.150070392,-0.532184487,-1.087222006,-0.111308254,0.35121974,1.292882576,-1.116253374,1.754688847,2.189235217,-0.929544798,0.667255797,1.169083838,-0.168735675,0.59674234,0.489920294,1.426054644,-0.986296395,-0.329798267,-0.465670333,0.810085581,0.310577426,-1.30874592,-0.144589738,-1.367114194,0.212770646,1.954901683,1.411715855,1.545667463,-0.124028097,1.00716179,-0.018828234,0.883009817,-1.092230627,-0.36651646,-1.011855454,-0.223386946,0.987111525,-0.346610572,-0.150463509,0.628976405,0.470150981,-0.359713905,-2.081845645,-0.471245899,1.291713184,-0.405614874,1.657856304,-0.682985093,-0.041666597,1.724675155,-0.303946687,-0.701797868,-0.23327641,0.187486446,0.5782944,1.470887987,-0.55009746,-0.955534645,-1.065597755,-0.134530731,-0.981572961,-0.803779833,0.362621186,0.610394391,0.195221546,-0.106884424,0.11638586,3.407456208,-1.080192396,-0.969333556,0.734484256,-1.297957317,0.9517744,-0.218354359,1.349821396,3.046910193,0.821219154,-0.608989742,1.220892853,0.115728414,-0.797506277,0.230859869,1.040109651,-0.68031229,-0.410997594,0.014692479,-1.319521643,-0.753265286,0.334672042,0.12442153,-0.194621408,-0.763962454,-0.265264292,-0.678453327,-0.13342225,0.079577397,-0.496321151,-0.125697755,-1.401123506,-1.271513375,-1.046360129,-0.52946593,-0.099202221,-0.95091185,-0.61904113,-0.561544259,-0.571717711,-0.883295107,-0.232569105,1.573795406,1.288259916,-0.124422541,-0.702103887,-0.715760805,-0.16579956,-1.02698246,-1.085071346,-0.745055222,0.287573522,-0.92967011,-0.983801464,-1.198551683,-1.037688029,0.76944391,0.672249388,0.313130559,0.86465544,-0.59366539,-1.212426365,2.526989701,0.651538181,0.712033619,-0.991440695,-1.083388965,0.372209889,1.759247705,-0.626956449,1.806449826,-0.391060463,-0.688983445,-1.309801818,-0.519460317,-0.997290352,0.225383807,-2.035556442,1.451001459,1.935450702,0.008480863,-1.187000455,1.89326733,-0.050147074,-1.006816512,-0.22822527,0.489274689,2.032275202,0.329403316,1.279287509,-0.513312987,1.892360376
ZNa23,-0.40012162,-0.116439802,-0.018005323,-0.065216605,-0.367588762,-0.192284096,0.129835256,-0.185339459,-0.473472167,-0.040349026,-0.371637396,-0.230587692,-0.32679645,-0.366209421,-0.291047324,-0.119166846,-0.473478086,0.110250938,-0.123537809,-0.051600367,-0.401804009,-0.35146541,-0.023077818,-0.454964992,-0.046595014,-0.41001036,0.166253695,0.136995171,-0.406557047,0.13851372,-0.207293393,-0.035552165,-0.361765503,-0.12355653,0.119470287,-0.203959036,0.087154303,0.142058557,0.399717097,-0.291853419,-0.141008388,-0.343828921,-0.012753825,-0.07701854,0.060827054,-0.109950434,0.62707384,-0.166401578,-0.136000371,0.403736037,14.23125095,-0.414224888,-0.238091395,-0.21587751,-0.171979454,0.195442463,0.112376921,-0.374325305,-0.022008881,0.101881457,0.061745699,-0.214763119,-0.335159713,-0.018690347,-0.217037488,-0.06059434,-0.218846883,-0.434300427,-0.321088504,-0.137302628,-0.40190841,-0.069826373,-0.064660956,0.378311475,-0.157915344,-0.268544633,-0.161293813,0.291274279,-0.091297269,-0.057152773,0.023551009,-0.104287002,0.086849183,0.272899642,-0.204066707,0.084672073,-0.209044543,0.22874856,-0.04689646,0.023304947,0.385588363,-0.156720321,-0.012301464,-0.078141661,0.017330261,0.077613629,-0.268079143,-0.284337787,-0.293909001,-0.145248181,-0.301902544,-0.119179636,0.074765481,0.392541919,0.439670478,0.100861585,0.287282804,-0.029896983,0.038553495,0.020940021,-0.508536377,-0.227689416,-0.212390888,-0.24496195,-0.397859786,-0.434375177,0.327568344,-0.010018067,-0.106550099,-0.129311525,0.134129309,-0.182835804,0.238004775,0.525596444,0.327301888,0.038473751,-0.061524717,-0.433985936,-0.386040178,-0.056796876,0.101970014,-0.341361685,-0.014934488,0.249954053,-0.006932437,-0.028288006,0.185651562,0.548975588,-0.325218533,0.264801922,0.560759807,-0.07247864,-0.405798248,-0.383972299,-0.061713304,-0.050459882,-0.033819446,-0.22892756,0.08547518,0.019662558,-0.045030777,0.463727424,-0.06743142,-0.048924467,0.099544278,0.637123056,-0.211165156,-0.265255979,0.009002995,-0.369381803,-0.060905322,0.060154886,0.098798098,-0.315550003,0.064645025,-0.376611498,-0.508536377
ZMg26,-1.076708238,-1.524713179,-1.563450241,-0.200814951,1.794012137,-0.830648382,-0.331100337,0.118895022,0.254072814,0.298316183,-0.427915686,0.356649718,-0.118057367,1.452976135,-0.335477439,0.642413795,-0.053000538,-1.128812152,0.218107438,0.623768164,-1.382242909,-0.388387988,-0.932978797,0.277098083,-0.862595069,-0.424450183,-0.650202705,0.953925686,0.128382327,0.300096151,-0.67002278,0.083925777,-0.639722176,1.330924107,1.226407983,0.880496859,0.141790404,0.010536726,-0.954944928,0.667740496,-0.65290297,-0.782507983,1.338644188,0.65218551,1.086166591,-0.427878802,-0.420747433,-0.901487766,-0.930277114,-0.143687164,-2.613343074,-0.062421211,-0.333267055,-0.605308647,-0.548605097,1.577717927,0.369030417,2.472350911,-1.18872823,-1.166926837,0.604522557,-0.194027873,-0.282874544,0.764559212,-0.512114619,-0.114385603,-1.240269263,-0.961714674,-1.009730436,-0.202649301,-0.530722447,1.973932474,0.676286486,0.097261157,-0.346813268,0.936826585,-0.863117648,-1.111515186,0.922218828,-0.740129572,0.931174444,0.044806824,1.104073033,1.724874988,0.959624915,-0.117275661,0.238148493,1.775333051,-1.276050591,1.750384031,0.699118253,-1.044705004,-0.234517494,1.255645617,-1.300585758,-0.828924913,0.015814875,0.153840901,0.678392468,-0.795132559,0.43939236,0.020432117,-0.132833597,1.523262384,-0.684241902,-0.685108813,-0.57818037,-0.842937336,-0.985258478,-0.476236847,-0.486062301,-0.948858846,-0.891761233,-0.892247926,-0.179140468,-1.178240743,-0.58749552,1.133026962,0.395168094,0.084303499,-0.518700919,-1.147045392,-0.511552575,-1.45777583,-1.906651113,-1.07802549,0.805862308,-0.255548653,-0.80854266,-0.587959099,-0.833881331,0.902116517,-0.079854047,-0.367215934,-0.020433065,-0.953304273,-0.232217319,0.385740657,-0.265600303,-0.331726048,-0.842575528,0.009254514,-0.815504583,-0.044350504,-0.147260483,1.138422298,-0.61321967,1.219693939,0.173256325,-1.237761853,0.356708439,0.100307793,-1.705768394,2.752584357,1.966661181,2.107565917,-1.049497154,0.526220586,0.472937909,-0.859531596,0.395588885,-0.169529968,0.115886104,1.483963116,0.711966924,-0.64723938,0.434728942
ZAl26,-0.339460573,-0.120256793,0.124484858,0.28458988,2.482158909,-0.088171351,0.069546172,9.865237398,-0.456899248,0.400781426,0.102018099,-0.194764463,1.435440493,-0.016085627,0.271697656,-0.201735093,0.058524407,1.306118382,0.183275837,1.145989982,0.894789851,0.885692751,-0.08798472,-0.089127727,-0.435885256,0.52154093,0.175970491,0.409727834,-0.104100485,1.316808244,1.189735937,2.992959519,-0.447225395,0.5923321,-0.26725395,-0.471532725,-0.403715303,-0.337819916,-0.265997732,-0.008052178,0.729227125,-0.333479135,0.044884881,0.048474664,-0.391614522,-0.003892263,-0.187126938,-0.207121657,4.535109612,-0.327211542,-0.556681603,0.693063874,-0.356567396,-0.135915891,-0.06171387,0.801768293,-0.303228093,-0.142057266,-0.434783545,-0.412315418,-0.048382096,0.075016301,-0.123872555,-0.238868848,-0.403067853,-0.233516945,-0.444607549,-0.275187394,-0.413429509,-0.377396095,-0.341937104,1.082908655,-0.466693495,-0.394768833,-0.292760967,-0.363581797,-0.508451146,-0.445453432,-0.38094614,-0.450884863,-0.363202644,-0.426046465,0.353027312,-0.363865743,-0.299066786,-0.342862959,-0.207409012,-0.271309498,-0.408627033,-0.424740698,-0.342753879,-0.443776661,-0.30877477,0.085874428,-0.481485657,-0.497018173,-0.431513113,-0.413428155,-0.380190978,-0.413825657,-0.428876713,-0.489965891,-0.374725894,-0.414773343,-0.478516533,-0.445088651,-0.016156191,-0.228673234,-0.300039358,-0.261292779,-0.496359319,-0.325854231,-0.261596907,-0.473636231,-0.409066685,-0.426751234,-0.466739801,-0.387824429,-0.32605454,-0.153828422,-0.488527935,-0.423685827,-0.083356598,-0.285970249,-0.423237389,-0.448380232,-0.467945772,1.057659759,-0.398384465,-0.405717137,-0.448043446,-0.299053953,-0.49626666,-0.392014666,-0.370584323,-0.462962802,-0.424169277,-0.23553644,-0.200412684,-0.473710179,-0.414992438,-0.126992909,-0.161253921,-0.246897789,0.109508567,-0.418953979,-0.398906808,0.248361256,-0.12929009,-0.426610689,-0.236043528,-0.227086265,-0.465628185,-0.273568778,-0.380262781,-0.135368883,-0.599440462,-0.278905331,-0.418197014,-0.461141261,-0.396794722,-0.241771703,-0.331842386,0.310709806,-0.40730343,-0.115294908,-0.423502306
ZP31,-1.440502575,-0.197744966,-0.033290477,-0.021847212,-0.815924154,-1.029971154,-0.602152944,0.18959051,1.332205123,0.101931773,-1.026293728,-1.59705104,-1.164274509,-0.442967455,-0.982749668,-0.501309048,-0.196007205,-1.63937127,0.693451298,1.185455091,-0.554848401,-0.584546039,0.122469975,2.98745032,-0.887886749,1.443876305,-0.768919816,1.024448601,-0.807015681,-0.337242107,-0.828221111,-0.262969111,0.486569271,0.842353636,0.310750066,-0.496228125,0.323301138,0.184520457,0.415150447,0.431706224,-1.076952256,0.27850854,-0.509412811,-0.408448526,-0.192396768,-0.27104938,-0.685177264,2.629974508,-0.754549005,1.143899347,-4.07045802,1.812690695,-0.951534339,-0.636425584,-0.560364281,-0.977622954,-0.478098476,-0.194149804,0.819463448,0.01241502,-0.018185341,-0.059294663,0.654386679,-1.080281852,0.022734205,1.396637276,1.226377174,1.451933509,-0.313259868,0.621002722,-0.722304273,2.151873643,1.428586937,-0.874917902,0.46046486,0.398953713,1.572436505,0.552020973,0.940365169,1.556477408,1.098388988,2.00558737,-0.21544661,0.712321764,1.183999695,-0.507747041,1.186295904,0.422006901,0.803336599,1.886417559,0.643899673,0.491920908,-0.533961901,-0.534254273,0.05529632,1.092966502,1.877193509,-0.88686772,-0.520901759,-0.927268018,-0.287209371,0.561866962,-0.174560383,1.00566703,0.315138018,0.446201828,0.734245665,-0.767448449,-1.184855901,-0.786328077,-0.493141425,-1.226848243,-2.038396337,0.641363453,-0.379729209,-0.966927757,-1.113260726,1.212703394,0.039007461,-0.950898279,-0.094153329,-0.448327841,-0.898351765,0.527242642,0.626272643,0.042109865,1.587519654,-1.414640085,-1.052357214,-1.312718896,-0.428201461,-0.549880077,1.030070809,0.291405832,1.179920204,-0.409401106,-0.82979867,-0.6432362,1.30859696,0.2411582,1.394147735,0.289512461,-1.028480884,-1.353584342,-1.279810316,-0.018980133,0.582101478,-0.818679311,-0.970113599,1.200329472,-0.446870081,-0.034112893,0.063675176,-1.394400288,-0.452121967,-0.619109292,2.137350313,-0.617181448,-0.39842347,0.361107492,1.178014697,-0.536951415,0.746320248,3.821616152,0.079214695,0.215260689,-0.394986056
ZS34,-0.496516368,0.839422844,-0.836388565,-0.679629665,-0.663916197,-0.315363179,0.271286099,-1.900719912,2.581120948,-0.090923516,0.597682946,-1.159612964,-0.362327708,1.060414774,0.437336312,-0.793398674,0.763354242,0.874691612,0.282328946,-0.161146998,-0.659261494,1.273590543,1.436011799,1.586504672,-0.512034068,-0.083852385,-0.564613821,0.181556292,-0.667238751,0.163433813,-0.26048249,-0.94163795,2.077322455,2.408406259,1.156136121,-0.318638591,-0.314515601,1.26923588,-0.74729553,-0.407221342,0.508459174,0.435816799,-0.030680813,-0.060374651,1.73809128,1.79681822,0.391783539,2.016144677,-0.542961073,-0.319147364,-3.263471761,2.994772621,-0.319105375,0.63147814,-0.131523943,-0.864407395,1.490024704,0.362635403,-0.209706758,0.064882737,2.119943938,0.059010711,0.543415417,-0.777461222,-0.257915915,-0.16846405,-0.464209831,0.585933514,-1.138593301,-0.626754138,-0.120891741,-0.690714267,-0.459436559,-2.149069425,-0.959385551,0.736387219,0.602654909,-0.622055622,0.356188519,0.913304392,0.762207693,1.439417498,0.752214846,-1.103339276,4.179634768,0.016272557,-0.54878465,-0.38059321,1.855444203,0.998727479,0.676268799,0.159989838,-1.062091719,-0.951107437,0.247223967,0.001384108,0.069598165,-0.242585507,0.148937435,0.492825848,0.477288203,0.654979548,0.265213708,-0.394617605,-0.237243993,-0.624312672,-0.070556924,-1.014590142,-1.428969699,-0.5962512,-0.800364448,-0.769773034,-2.28264619,0.114123403,-1.313884618,-0.737072904,-0.0556545,0.0137571,-0.104491788,-1.219283152,-0.30186182,-0.85490615,-1.270379032,-1.330562285,-0.010876731,-0.296420843,1.115644579,-1.552739605,-0.904935481,-0.052930737,-1.818471313,-0.143119656,-0.109482143,-0.58912902,0.248587411,-1.6636119,-0.572933044,1.388950413,0.459102593,1.653731926,1.48219945,0.11725373,-0.01252594,-1.132815414,-0.360511776,0.607211053,0.472551883,-0.593921811,-1.147029486,0.404694352,-1.046220394,-0.411741671,1.922483729,0.547193572,0.392799855,-0.865353376,2.056438027,-1.151841627,-0.364546436,0.218298383,0.526641262,-0.28041648,0.814122031,2.31186728,0.468528837,0.193452138,0.321680632
ZK39,-1.042335473,-0.397475455,0.148676927,-0.110499004,-0.056406506,-0.909238578,-0.821890027,0.261892685,0.260892306,-0.868524383,-0.837775653,-1.364859202,-0.677299794,-0.897502718,-0.410962754,-1.162967065,-0.46498563,-0.02060385,-0.373733082,-0.133403889,-0.698976948,-0.761452909,-0.647244293,1.179345318,-1.00159719,0.309485419,-1.085621496,-0.005759873,-0.451557973,-0.675272304,-0.849184079,0.012129155,1.418127214,0.33067329,0.683335622,-0.467044294,-0.34610521,-0.125890134,1.558919021,-0.016001628,-0.092165261,0.22907468,-1.468502831,-0.577286509,-0.545538303,-0.573509585,-0.44528804,2.169915212,-1.400514783,0.897788475,-1.772089149,1.854138875,-0.788923509,-0.699545178,-0.490878673,-1.005361647,1.95469173,-0.512763879,-0.089085392,0.224195469,1.818095579,-0.995824219,-0.130565449,-1.197326897,-0.024323792,0.490699635,2.051657388,0.356714367,-0.315283693,0.175449593,-0.896836812,-0.776206856,1.394886584,-0.950851273,0.828153227,-0.713926499,2.810447819,1.055994228,0.635515524,2.926693242,-0.066383342,0.715916679,-1.142908487,-0.775578715,2.069459285,-0.246701118,0.640149134,-0.106172614,0.399194114,-0.579934017,-0.590937209,1.03128822,-0.448822828,-0.5247082,0.094653604,1.353286803,3.234129852,-0.380404754,-0.8533659,0.623521933,-0.261821998,0.475224627,-0.295176563,-0.173784934,0.515616213,-0.133840289,1.781467323,-0.256297873,-0.794930231,-0.294245378,0.073248836,-0.917648522,-0.894946944,0.501058315,1.009978258,-0.526877329,-0.935338614,0.999461657,0.077618244,-0.291235452,-0.106320518,0.095744877,-0.294127099,0.712597758,0.16764303,0.272502969,3.262562692,-0.754670085,-0.473221364,0.300535486,0.029109906,-0.502481265,0.952098592,-0.28605545,0.703628411,0.154900304,-0.624409587,-0.492482571,0.156231258,0.872111132,3.306604941,1.058743568,-0.543308323,-1.090671296,-1.567192726,-0.351219509,0.64685401,-1.022528963,0.598188299,1.274317645,0.277719466,-0.126955131,2.276012004,-1.422363986,0.061252604,-1.136064374,3.095264884,-1.183138947,-0.84619254,0.512328196,1.546353559,-0.237180242,-0.711374361,1.631641488,-0.502251191,0.719264468,-0.167958429
ZCa44,-0.263837125,-0.786417635,-0.590447485,1.006298798,-0.246943556,0.043872204,-0.031965325,0.181257286,0.406749777,1.003165546,0.277318228,0.587466983,1.636181084,1.927250526,0.23687077,1.064138307,1.626959524,-0.77087388,0.328840733,1.680339812,0.861174358,1.78072003,0.752432281,0.759246648,0.197511078,0.572024463,0.287134174,1.516672667,-0.149155838,0.267826355,0.199414349,-0.301802125,-1.002624726,1.464132087,0.608425145,-0.368347215,-0.091269919,0.569478929,-1.214067564,0.905713091,-0.611796272,-0.354563495,1.707071497,0.387008251,1.132231409,0.882851028,0.222334091,-0.90820966,1.002853605,-0.684188344,-2.4052177,-0.311464384,0.905558392,1.026322511,1.267071053,0.840337186,-1.000507054,1.443466365,-0.506076984,-1.5196714,-0.694700984,0.550321198,0.742812112,1.411277464,-0.255658755,-0.015088892,-1.426547981,-0.06264514,0.058753279,-0.607808427,0.589055182,1.614537359,-0.470337153,-0.471248577,-0.801981524,1.458927731,-1.630696491,-1.19562943,0.146262005,-1.485520424,0.519556519,-0.357193281,1.770784066,0.898618193,-0.081360183,-0.243140945,0.680058965,0.943409104,-1.385123992,0.428405768,1.233486278,-1.104840866,-0.045548803,0.107741818,-1.475959454,-1.443220556,-0.76148637,-0.66768836,-0.046442231,-1.185498175,-0.578532092,-0.749097188,-0.424587536,1.035096258,-1.409486437,-1.578823349,-1.198407574,-0.727977299,-0.558402685,-0.310889312,-1.29606218,-0.486263235,-0.460187113,-0.574254313,-0.889139704,-0.62071461,-0.716554762,0.160404666,-0.220851259,-0.149112885,-1.049182969,-1.356875028,-0.064979322,-1.780361809,-1.433714995,-1.285949058,-0.731384575,-0.372883453,-0.300708361,-1.724648028,-0.938836877,0.162949352,-0.010850544,-0.493922748,-0.667317146,-1.192810594,-0.76452172,1.729259007,-0.359984498,-0.724307453,-1.356255306,-0.154805019,0.016787121,0.257817073,1.313304853,0.289231873,-0.1718107,1.068321139,-0.582617128,-1.860901559,-0.398419538,-0.426685442,-1.665027686,2.018449242,1.097392715,0.619949331,-1.340146851,2.135336978,1.183935211,-0.625919049,-0.206879136,0.690586405,1.484673796,0.332449284,1.302183929,0.040343597,0.719270348
ZFe54,-0.29643249,0.120650188,0.313014727,0.370367075,2.219456063,-0.124661565,-0.227267102,9.507147366,-0.248526269,0.319603433,0.41427247,-0.233283854,1.65746392,0.004270353,0.306587887,-0.081501921,0.207749977,1.310675837,0.091165264,1.450561753,0.687392046,1.131481065,0.29781405,-0.004890755,-0.387668977,0.416754007,0.01414689,0.440671753,-0.197649227,2.036589751,1.026001224,2.711778717,-0.348243522,0.540656146,-0.037667057,-0.610897897,-0.507715138,-0.233054313,-0.548082456,-0.273631013,0.472201161,-0.391436552,-0.082584078,0.025333745,-0.416712564,0.000243638,-0.067702263,-0.247841038,3.936365156,-0.46730228,-1.317069444,0.470319707,-0.313671035,-0.012269671,0.313627303,0.785946762,-0.440937844,0.117482237,-0.399839402,-0.410721258,-0.27984778,0.009424418,-0.003973194,-0.346104488,-0.632958753,-0.208059033,-0.66471953,-0.276167848,-0.437550157,-0.526846501,-0.15464317,1.233268574,-0.606438209,-0.461296784,-0.235278299,-0.192149096,-0.849456195,-0.736703137,-0.452572832,-0.741850617,-0.241787741,-0.35651319,0.645513001,-0.366590575,-0.146210507,0.759569016,-0.290437841,-0.321011545,-0.489888979,-0.408832795,-0.053760712,-0.502235525,-0.312729519,0.039087808,-0.673558652,-0.742840166,-0.6390421,-0.589902527,-0.340580006,-0.490014069,-0.455919238,-0.691768646,-0.473237929,-0.487982671,-0.649500718,-0.717807373,-0.413634743,-0.045643379,-0.625992695,-0.093541746,-0.689328437,-0.019954675,-0.034184272,-0.645316389,-0.33430014,-0.501395356,-0.507200986,-0.368284802,-0.313667671,-0.132115478,-0.580055798,-0.326217289,0.24982413,-0.489116468,-0.638019858,-0.590195152,-0.608646587,1.727807848,-0.300442155,-0.457411418,-0.501374076,-0.08954087,-0.39777374,-0.438217188,-0.49148208,-0.180962373,-0.614869378,0.113946636,0.271331778,-0.076680966,-0.179246651,-0.310199388,-0.206272737,-0.008502068,0.37259175,-0.096197053,-0.177069231,0.370949213,-0.396064399,-0.706937811,-0.271603746,-0.280944543,-0.528756287,-0.049300423,-0.499918555,-0.493168281,-0.790295671,-0.386893042,-0.34339206,-0.631587357,-0.519855324,-0.102832964,0.08911022,0.183834774,-0.329032068,-0.423575199,-0.344824414
ZMn55,0.561911028,0.47716073,-0.207568607,0.075637319,0.523475628,1.136883619,0.626292866,0.430074019,-0.345987479,0.65167234,1.699787578,1.227778287,4.560629293,1.404731798,3.626897225,0.254489277,0.017716925,-0.180687705,-0.672452799,0.108730841,3.25422771,2.150577075,-0.06414796,-0.075872595,0.518444801,1.698352084,1.342510224,-0.201237966,-0.132937828,2.391062788,0.515587885,1.838110382,-0.669945363,2.243401491,2.089258152,-0.842050253,-0.628832779,-0.392519967,-0.908454057,0.507203011,0.15394982,-0.190809349,0.486484811,-0.564507546,-0.192938967,2.14254453,0.188416481,-0.849046431,1.784164738,-0.656493954,-1.373779959,1.795406587,-0.290426865,0.122812959,1.223713186,0.104726656,-0.624053545,0.392792133,-0.761828643,-0.807565437,-0.417333556,5.06423404,-0.485272686,-0.089391138,-0.902381652,-0.067243419,-0.684925752,-0.034219718,-0.292525006,-0.732133712,0.27743342,0.723227056,-0.795767272,-0.701767616,-0.966241449,-0.076071923,-1.04787228,-1.101517275,-0.668898205,-1.066202536,-0.529946886,-0.658072547,1.647212448,-0.326851588,-0.697503663,-0.526305793,-0.324675466,-0.408614126,-0.728435433,-0.844688594,0.842476291,-1.000747212,-0.692610552,1.199003162,-1.099810117,-1.117110928,-0.883359756,-0.562037374,-0.802252319,-0.606568429,-0.550292001,-0.728791229,-0.506220099,-0.27632613,-0.865186153,-0.766138281,-0.261400441,-0.360315204,-0.6371398,0.120117723,-0.818968591,-0.482638187,0.537179363,-0.709533319,-0.89508719,-0.803419358,-0.906888712,-0.588826305,-0.392932153,-0.713886724,-1.007428277,-0.767868016,0.078970173,-1.053599212,-0.930904364,-0.891090117,-0.932384537,-0.452032948,-0.397719005,-0.738465721,-0.714381339,1.137428205,-0.540500143,-0.552570097,-0.610397397,-0.600664468,-0.808394758,0.509754337,-0.766894011,0.103154243,-0.545001272,-0.226898487,-0.109544213,1.238351485,0.359845668,-0.360604118,-0.711958955,0.944201729,1.956608159,-0.942379725,-0.521455465,-0.25794427,-0.742095377,0.366294421,-0.464146649,0.15045264,-0.920441339,0.600944895,-0.0996302,-0.805765619,-0.432129577,0.250198639,-0.229574637,1.044505382,-0.266323224,-0.409314584,0.192519587
ZCo59,0.850002948,2.30775342,1.093884395,1.040703455,3.399341582,1.536288454,0.362698704,7.108465848,-0.571343305,0.081103851,2.075121013,-0.188764399,1.913510632,0.668331417,1.305987157,0.113768272,-0.328782283,0.306718438,-0.434302835,1.353193824,1.245871489,0.308395923,-0.492386776,-0.201899675,-0.66539896,0.84180578,-0.463302563,2.012205615,-0.398418424,2.26380959,0.483569395,2.490582102,-1.049637364,0.407276084,0.071008325,-0.712760296,-0.801286196,-0.648666604,-0.773832906,1.108533432,-0.072315754,-0.281831627,0.04990827,-0.200618908,-0.282782269,0.527177372,0.031225081,-0.848323148,2.27822938,-0.759010965,-1.009783427,1.463871841,0.03795166,-0.563824282,0.291209018,0.290062533,-0.147741423,-0.02104602,-0.205830333,-0.583103391,0.028658175,1.41951809,-1.030615242,-0.660748085,2.004914602,-0.502662605,-1.052735719,-0.783526761,-1.229277029,-0.719262457,-0.849423258,0.755827901,-0.184339551,-0.106406262,-0.568219951,-1.011737711,-1.217656551,0.393135323,-0.336016643,-0.270354487,-0.748267494,-0.584475346,-0.320748994,-0.065494659,-0.387057393,-1.127407564,-0.060053352,-0.153400105,-1.019242199,-0.729747007,-0.887018279,-0.561815062,-0.655501568,0.017046891,-0.796403333,-0.575889216,-0.556017902,-0.038229271,-1.143140782,-0.314105554,-0.257387361,-0.443909775,0.123806571,-0.529369471,-0.055696458,0.345835517,-0.466851565,-0.441949129,-0.94714743,-0.175898693,-0.792464734,-0.756588449,-0.068473096,-0.722581035,-0.575193718,-0.786882659,0.107979301,-0.090932723,-0.153735432,-0.401663816,-0.525593745,-0.934327218,-0.556481846,-0.893454391,-0.725040669,0.28119191,-0.134830023,0.216577233,0.457074408,-0.391661676,-0.576426252,0.449134118,-0.562063581,-0.402562277,0.308482049,-0.338895332,-0.852089695,-0.891562147,0.103929763,-0.73174711,-0.665785508,-0.000979746,-0.61484124,-0.330151081,-0.217197106,-1.031986965,-0.948512218,0.205463065,0.826487513,-0.709413051,-0.291644611,0.491800029,-0.709704803,-0.705030353,-0.617244206,-0.280334058,-0.937515816,-0.875799797,-1.303523876,-1.328478741,-1.090848831,0.335111457,0.531728267,0.334111963,-0.179897986,-1.077711232,-0.525669577
ZNi60,1.082790405,0.400042743,0.015846613,0.448989482,6.075937424,0.56215946,0.31825181,5.884277332,-0.504840943,0.546201423,1.286974947,-0.022362586,1.125939448,0.474140192,1.891685655,0.150895693,0.30105487,1.51748241,0.106155962,1.088742074,0.920462405,0.919369287,-0.145341452,-0.496113473,-0.523313002,0.137894781,0.345293202,1.080790973,-0.128555216,1.439568948,1.489647922,1.417463691,-0.585369663,2.063059235,0.261674458,-0.422602214,-0.708789974,-0.203619666,-0.484712247,0.498685214,0.544896155,-0.512670087,-0.11407638,0.199286703,-0.733454572,0.199656498,0.483131299,-0.347454507,2.313367035,-0.797297855,-0.79739389,1.081841714,0.259591283,1.638732247,0.411779651,0.691916519,-0.214717437,0.03382187,-0.664913359,-0.904889265,0.014862456,1.686207287,0.05922041,-0.417011288,0.082452672,-1.226968344,-1.023583735,0.665307673,-1.173766491,-0.861210004,-0.461064624,0.365959448,-0.671565493,-0.286464188,-0.663644985,-0.214838998,-1.29715191,-0.396827202,-0.263986795,-0.712195584,-0.344273552,-0.676720816,0.460360972,0.167946738,-0.276261496,-0.649476937,-0.288177769,-0.382018448,-1.018616132,-1.092913175,-0.576034271,-0.839383211,-0.672524544,0.287161078,-0.840191617,-1.420403213,-0.788578996,-0.332697694,-0.509104136,-0.60053069,-0.290894294,-0.55824468,-0.734833454,-0.074394378,-0.611274099,-0.765508358,-0.682903749,-0.275408811,-0.740999719,-0.441906495,-0.998881525,0.110578856,0.789638152,-0.691415543,-0.645645337,0.330295701,-0.246173088,0.015546851,0.257637363,-0.036051615,-0.544771601,-0.670124278,0.439405439,-1.109722438,-0.67311307,-0.890739379,-1.002655041,-0.250917913,-0.291369543,-0.630945221,-0.636834247,-0.186210808,-0.05383385,-0.498365475,-0.581989006,-0.274333562,-0.990768462,-0.419281651,-0.266906206,-0.300243779,-0.132828047,-0.208631338,-0.547106088,1.399333969,0.02865492,-0.890000461,-0.207300791,0.661890972,0.188032058,-1.29596223,-0.40168119,0.268667465,-1.186972089,0.436498493,-0.113299718,-0.567804607,-1.37818894,-0.103671191,-0.449043475,-0.908655437,-0.654849793,0.307627754,0.121003112,0.523698874,0.248716112,-0.805688929,-0.525397428
ZCu63,-1.209826406,-0.713868268,-0.501431631,0.216089613,-0.007315842,-0.768666258,-0.218782955,1.032583002,1.640100221,-0.049502485,-0.892078432,-0.706611095,-0.988879275,-0.257686196,-0.61374079,-0.114428381,0.161294035,-1.364032524,0.489672254,-0.411114723,-0.913696787,-0.582684316,0.501999749,0.366255942,-0.787715717,0.533400442,-1.376557742,-0.022611747,0.123785946,-0.286426852,-0.754432422,-0.641463158,1.093992323,2.39326419,0.050463099,-0.804069366,0.263387986,0.741677961,1.087522606,-0.392555565,-0.366559163,-0.379575024,-0.775617044,-0.76431868,0.171483095,-0.883462254,-0.25900103,2.278970588,-0.801131981,0.694695056,-4.387326665,0.737217896,0.055001097,0.326344436,0.371036346,-1.342280579,-0.045829997,-0.794611059,-0.092371401,0.970286564,0.704612253,-0.4875718,1.27154724,-1.113360191,-0.188982025,0.952733969,1.25025359,2.42448608,0.454424673,0.429631128,-0.333637728,0.576727528,-0.388776224,-0.440766296,0.203890794,1.17823165,0.635738836,0.338234688,1.846627354,1.604053162,0.560202174,1.189228936,0.139349111,-0.278896164,2.33529999,-0.27935619,1.512518723,0.478890132,0.047934161,0.073975686,0.358229419,0.073983331,-0.531138232,-1.048371526,-0.661844129,1.908566058,3.642015779,-0.843742861,-0.791624614,-0.949033434,-0.363625685,0.039498639,-0.030703655,0.257383989,0.967499479,0.371942649,-0.488906871,-0.951636887,-1.138866745,-0.693281284,-1.103761398,-1.116265559,-1.049727398,0.369865698,-0.524328632,-1.347208468,-0.799436823,0.703328346,0.694780415,-1.352154206,-0.701149785,-0.596408004,-0.908605351,-0.618153138,-0.291870125,-0.980181982,1.773585882,-1.473911448,-1.294283991,-1.576154597,-0.818090988,-0.240248466,1.71255212,-0.076891081,0.492591462,-0.825337162,-0.354262491,0.250970716,1.791421518,0.279253033,1.257611983,1.192931082,-1.396939934,-0.375082016,0.047398282,-0.008929485,0.731729501,-0.890805782,-1.03085377,1.338874218,-0.492089454,-0.045868239,2.150930254,-0.991297741,0.103824376,-1.012467993,0.778609185,-0.521572059,-0.630192634,1.257723014,0.752782677,-0.199161061,0.955240534,0.951593536,1.01206204,-0.331279587,0.290982672
ZZn66,0.643762533,-0.964548029,0.944314765,0.063349847,-0.084063784,-0.68362084,-0.373676694,1.656981779,-0.015726133,-0.362438138,-0.302125091,-0.471486621,0.428208512,-0.577147346,0.371993779,-0.715012358,-0.513448015,-1.196546028,-0.566788402,0.860274269,1.387436511,-0.162643089,-0.837042027,-0.278515648,-0.986077063,0.159817877,-0.850274494,4.363007695,-0.268137565,0.173702583,-0.493541515,-0.231730758,-0.434017891,1.18092377,0.238535539,-1.00321847,-0.601582481,-0.805047001,0.125966301,4.026103039,-0.814453884,0.819140162,-0.317436968,0.397440009,-0.81451104,2.735523323,-0.249521426,-0.42427238,-0.269578496,-0.590265347,-0.204349252,2.220362769,2.117169741,-0.727529239,1.264807609,0.843756149,-0.382395569,-0.136513244,0.619794494,-0.668983299,0.562226787,0.344487561,-0.582414152,0.255632819,5.17311005,-0.262683062,0.074806769,0.920398626,-1.003536817,0.985975525,-0.297133184,-0.213361048,-0.316167721,0.764975636,1.486788577,-0.545148054,-0.765568025,1.487340286,-0.169473209,0.182514506,-0.19633032,0.673169933,-0.69527326,0.297566603,0.964898821,-0.829756261,-0.396956245,1.891810954,-0.222912813,0.048483827,-0.439481741,-0.4773344,0.214588621,-0.336336596,-0.324274163,-0.162435559,-0.350888616,-0.592783875,-0.785513768,0.019715893,-0.989182672,-0.341162971,0.541556849,0.996073135,0.040463614,-0.696116896,0.087196046,0.048938776,-0.194138252,-0.383392766,-0.849456324,0.049701735,-0.383630181,-0.731456706,-0.985735875,0.457451778,-0.108443125,0.653964615,-0.872210138,-0.288394783,-0.752672772,-1.232083988,-0.755710479,-0.458670876,0.478255652,0.38873564,1.209220196,0.345781945,1.295349334,-0.805396948,-0.299619731,0.121811411,-0.866551383,-0.629831154,0.271350361,-1.2560576,-1.079217422,-0.734369255,2.215126351,-0.911573616,-0.391239283,0.928076569,-0.768879602,-1.122601597,0.663848665,-0.956773325,-0.109430527,0.870822131,0.540041286,-0.546176196,-0.446119754,1.069625238,-0.737695004,-1.058888017,-0.223988096,0.594203143,1.625607665,-1.00661525,-1.053735816,-0.606304824,-0.458299329,2.06873102,5.034079212,1.874207721,0.232739671,-0.462406414,-0.630741132
ZAs75,-0.354193151,-0.148505238,-0.107112784,-0.355410467,1.483811008,-0.399359614,-0.248884199,6.288141232,0.695332124,0.049092649,-0.567107068,-0.522404509,0.750871951,-0.20998199,0.023636128,-0.429508142,-0.014724688,0.723367214,-0.172897987,1.894844783,1.78942604,2.677856986,0.446339298,0.589897842,-0.660714729,0.225302233,-0.092413795,1.320257308,-0.436390664,2.213609249,0.37110343,2.190502922,-0.752678175,1.011625972,-0.08955676,-0.03852493,-0.065698657,0.888662041,-0.860693274,0.123018582,0.19382946,-0.744660526,-0.2290661,-0.10706535,-0.597433878,0.055233618,-0.4484246,0.156256813,2.635629134,-0.633076892,-0.689667612,0.580606652,-0.524824013,0.166505051,0.797582449,2.953165652,0.152383643,-0.12912651,-0.167105407,-0.362542832,-0.344568087,-0.155604072,-0.496654393,0.168199971,-0.723741035,-0.165695494,-0.888575433,-0.631528361,-0.642643482,2.398956479,5.259666094,2.217681761,-0.30795903,-0.133143819,-0.258650949,-0.305125098,-0.90831952,-0.903765724,-0.747394684,-0.934612869,-0.589734768,-0.70146111,-0.23065634,-0.061618376,-0.289126602,-0.182939318,0.144417926,-0.470464292,-0.724958761,-0.257664869,2.513811779,0.273481322,-0.343847797,0.169469424,-1.01936912,-0.787371093,-0.928274807,-0.560249284,-0.37387999,-0.365574062,-0.720802628,-0.405999655,-0.288380755,-0.669082403,-0.882586782,-0.866961618,-0.337665119,-0.635966231,-0.429137467,2.287076388,-0.301074054,-0.337052372,-0.130339329,-0.935613465,-0.550714385,-0.593225814,-0.774749557,-0.592304341,-0.351714968,-0.131523729,-0.624167826,-0.457355339,0.032346875,-0.526242104,-0.607956289,-0.499058358,-0.417446196,1.01745147,-0.441450891,-0.623227748,-0.274296763,1.622937203,0.089822469,-0.048352811,-0.483374925,-0.471381062,-0.742835777,-0.05609915,-0.038002755,-0.609692918,-0.508795667,-0.659844574,-0.528555905,-0.503993869,0.240568172,-0.118328496,-0.672965386,0.421837166,-0.375745016,2.213640939,-0.31117345,-0.345847762,-0.704105513,-0.35541701,-0.894348794,-0.280122464,-0.833994902,-0.511823625,-0.663837145,-0.274181451,-0.429373816,-0.32512741,0.258934446,0.268300058,-0.390014653,-0.316422183,-0.233142905
ZRb85,-1.078875263,-0.649630465,-0.501344438,-0.896127081,-0.465944197,-1.177742201,-0.827638895,-0.452718242,-0.756527077,-0.976030682,-0.773905198,-1.011755533,-0.930508408,-1.05512057,0.070762574,-0.697362912,-0.448003229,-0.561890473,-0.574433674,-1.032098411,-1.218261721,-0.957821791,-1.346069243,-0.768183258,-1.414401398,-1.143464991,-1.454376794,-0.541058168,-0.908368578,-1.183954685,-1.118960582,-0.418323415,1.181889628,-0.682612346,0.220140295,0.345584973,-0.457853784,-0.456900826,0.589079006,-0.439922446,0.179722822,-0.265951529,-0.840407248,-0.892079951,-0.665266904,-1.041613485,-1.300999386,0.006257089,-1.019459078,-0.053249376,-1.251548637,-0.565930866,-1.181530338,-1.051403695,-0.910181894,-0.729559611,0.002538252,0.247724531,-0.572016573,0.180157848,0.620227935,-0.612778234,0.429654427,-1.098011876,-0.196412025,-0.59761748,-0.062823185,-0.78186818,-0.584997566,-0.214498431,-0.736654205,-0.914913737,0.453335508,0.166034376,2.069799947,-0.269373435,0.852830414,1.919737235,0.580572251,1.338984387,-0.341626908,0.764570299,-0.960187878,-0.613007234,0.022086961,-0.451578957,-0.111000751,-0.581629493,0.394360723,-0.236476371,-0.442184903,0.729479259,-0.536827406,-0.542265559,0.210754769,1.079369548,3.200485615,1.571792526,-0.498171024,0.638765216,1.451809166,0.719981876,0.534980658,0.06011288,1.788355736,2.867010833,0.065810004,0.026030977,-0.802356439,0.744790465,0.823408797,-0.603127144,0.061599069,1.526367926,4.339477505,-0.613553612,0.237158793,0.744591979,-0.355085747,-0.972485773,0.858388784,-0.2008706,-0.147679739,1.878513099,0.590969126,0.218874911,1.491556265,-0.672736991,-0.64609793,-0.14004331,-0.0592317,-0.386985701,0.883235315,0.115696088,0.465027375,0.618963463,-0.312652994,-0.551076942,0.869852963,0.763104964,0.956536044,1.889879731,0.424471249,0.553624966,-0.71788657,-0.018248574,0.229925932,0.087210719,0.279605554,4.856930753,0.048823204,1.72852284,1.441835513,-0.33492166,0.909406587,-0.482924372,1.565872163,-1.039314855,-0.670777067,-0.181691477,0.545950505,-0.436183959,-1.002177429,-0.565332338,-0.837961779,-0.040971497,0.696350696
ZSr88,-0.991246486,-1.104258943,-0.57591096,0.974356614,0.63025667,-0.524023263,-0.272924699,0.142048152,0.846132447,0.492891514,-0.489634913,0.038925137,1.103476302,1.895741868,-0.226619328,1.041215506,1.515930389,-0.441619576,0.589314778,1.920420348,0.5887796,1.238752109,0.518876033,1.342642329,0.053806802,0.6570794,-0.313688519,1.987320107,0.211577453,0.603239194,-0.027638968,-0.227053474,-1.213367803,2.503011715,0.973021627,-0.223032133,-0.13667175,0.594209135,-1.135398522,1.406715752,-1.024661969,-0.45398364,1.631356517,0.116122097,1.245791569,0.527704319,-0.489820491,-1.17839312,0.573809852,-0.464037807,-2.155724895,0.375992768,0.574765247,0.684201523,0.481713314,0.485295059,0.197534924,1.658563654,-0.592940216,-1.501945968,0.022681563,-0.106134728,0.492376056,1.045017989,-0.336510207,0.241016109,-1.44957016,-0.507652207,-0.051964544,-0.569472553,0.271830378,1.821425297,0.352637135,-0.565758273,-0.726774477,1.230760035,-1.721453743,-0.580851854,0.740849874,-1.032411568,0.859865265,-0.147672063,1.484591592,1.372297851,1.055594799,-0.340489727,0.950623707,0.87085547,-1.433407861,0.815436379,1.391590164,-1.129613195,-0.20815014,0.244496972,-1.589883497,-0.972912749,-0.304061946,-0.169294922,-0.119551689,-0.859280582,-0.447508631,-0.667744863,-0.159070749,1.202971186,-1.258705001,-1.475710916,-0.334683195,-1.155740928,-0.547025272,-0.378841835,-1.17880411,-0.858814443,-0.925358555,-0.925921019,-0.598356188,-1.071255274,-1.170007968,0.343523131,-0.292812566,-0.486105229,-0.801051949,-1.41647001,-0.497665654,-1.733412536,-1.695477637,-1.237102656,0.23879929,-0.718528617,-0.660331789,-1.604160651,-1.257579054,0.226128666,0.002704739,-0.462650522,-0.650719908,-1.0268545,-0.803679934,1.433017571,-0.489409167,-0.038506249,-0.98793837,-0.149852773,-0.136773782,-0.015196331,0.807229331,0.730545022,-0.395756101,0.875849743,-0.404178532,-1.999509654,-0.469644507,-0.554335323,-1.547533907,1.674638759,1.190109325,0.767591234,-1.346688158,1.823515365,0.912290538,-0.916624826,0.494605324,0.253629378,0.73011357,1.296396938,1.36455349,0.187132456,0.870819576
ZMo98,-1.31096123,-0.340063514,0.003575603,0.044428016,0.511095456,-0.462419797,-0.768994751,4.85987225,-0.30135591,0.455997532,-0.73539857,-0.862399882,0.368037587,0.048023549,-0.934812153,0.144615971,-0.112210687,-0.660981596,1.085762421,1.044941671,-0.250444068,-0.344561075,0.581530282,2.384732912,0.284760733,0.942185896,0.097777124,0.560537794,-0.386179135,0.212722674,0.27925704,1.329797996,1.175781694,0.815520692,0.085425924,0.241089127,3.442418852,0.210987203,1.021349241,0.017466754,-0.015315857,1.501307357,0.73646579,0.510189922,-0.879070938,0.136698546,1.93846993,1.956110196,-0.152073643,2.178448353,-2.946364171,0.794211489,0.339307987,-0.200848587,-0.393617303,-0.778684043,-0.798185159,-1.17114528,1.122244296,0.152262543,-0.191941004,-0.550520636,0.43846446,0.802021984,-0.42446145,0.871186465,-0.434368022,1.251076659,-0.109896543,0.11429633,0.010748438,0.381680432,-0.91508657,-0.984612248,-0.53339357,-0.536475816,0.033117392,-1.120985303,-0.439607193,-0.252135189,-0.84151531,-0.275283923,-1.3827631,-0.197937408,0.396910558,-0.458394439,0.364424853,0.481679222,0.414889472,-0.356723899,-0.589327677,-0.165890732,-0.447910159,-0.992736281,0.152451359,0.419001623,-0.340221587,-1.640260155,-0.617541228,-1.026124626,-1.356392716,-0.797343937,-1.334533786,-0.356674465,-0.999517265,-0.235780389,1.564843445,0.413644347,-0.000147195,-0.945092192,-0.3292568,-0.971104008,-1.088826438,1.026831701,-1.002236561,0.516836673,-0.949762309,-0.032017677,-0.017057332,0.399815645,-0.602328085,-1.122760698,-0.472684717,-0.394265173,0.805279591,-0.356530438,0.715678419,-0.852614944,-0.423561702,0.427806615,0.303583696,-0.884550483,-0.257787641,-0.949301391,1.535107713,-0.736017013,-0.324524167,-0.570150375,-0.508099984,0.708561591,-0.180131313,-0.726027505,-1.194960598,-1.915452298,-0.758038114,-0.342887703,-0.121148793,-1.115035177,-0.884385661,-0.580816064,-0.251118058,-0.875116815,0.054884971,-0.402992903,-0.387576921,-0.978216103,2.251544036,-0.226750756,1.407343822,2.462071911,1.362886761,-0.024730023,1.800756739,1.469661232,2.180532487,0.718800304,-0.649953483
