,chr,pos,lod
1_465241,1,0,0.347440637
c1.loc1,1,1,0.326003201
c1.loc2,1,2,0.296411566
c1.loc3,1,3,0.260726439
1_465237,1,3.915001,0.225328331
c1.loc4,1,4,0.225330319
1_465283,1,4.059002,0.225331698
1_979448,1,4.995003,0.236110062
c1.loc5,1,5,0.231698509
1_972545,1,5.293004,0.520409183
1_1002947,1,5.712005,0.32675359
1_1002957,1,5.864006,0.331455821
1_974823,1,5.871007,0.331455921
c1.loc6,1,6,0.311630043
c1.loc7,1,7,0.127829056
1_1388796,1,7.099008,0.111618984
1_1248864,1,7.263009,0.417380913
1_1552607,1,7.60901,0.420104335
1_1552625,1,7.609011,0.420162962
c1.loc8,1,8,0.423037087
c1.loc9,1,9,0.42943881
1_1956021,1,9.720012,0.433143689
c1.loc10,1,10,0.421059951
c1.loc11,1,11,0.205683136
1_2275959,1,11.738013,0.40091335
c1.loc12,1,12,0.423067079
c1.loc13,1,13,0.494247559
1_3046147,1,13.435014,0.516160401
c1.loc14,1,14,0.509111754
1_3170463,1,14.186015,0.506519257
1_3145449,1,14.449016,0.524408941
1_3205026,1,14.729017,0.740897481
1_3268220,1,14.817018,0.730064053
c1.loc15,1,15,0.76734054
1_3232043,1,15.074019,0.782434714
c1.loc16,1,16,0.826977948
1_3738134,1,16.80702,0.833123514
c1.loc17,1,17,0.847562868
c1.loc18,1,18,0.916823359
c1.loc19,1,19,0.972499861
c1.loc20,1,20,1.011290777
c1.loc21,1,21,1.03179557
1_4279304,1,21.077021,1.032614852
c1.loc22,1,22,0.92475993
c1.loc23,1,23,0.776837718
c1.loc24,1,24,0.594872093
c1.loc25,1,25,0.388014983
c1.loc26,1,26,0.186259349
c1.loc27,1,27,0.04126016
c1.loc28,1,28,0.001767685
c1.loc29,1,29,0.07603122
c1.loc30,1,30,0.226762459
c1.loc31,1,31,0.404098404
c1.loc32,1,32,0.573521897
c1.loc33,1,33,0.719980008
7_7311056,1,33.364022,0.766542883
c1.loc34,1,34,0.799944441
c1.loc35,1,35,0.8512596
c1.loc36,1,36,0.899235117
c1.loc37,1,37,0.941883362
c1.loc38,1,38,0.9772497
c1.loc39,1,39,1.003636588
c1.loc40,1,40,1.019824347
c1.loc41,1,41,1.025236683
c1.loc42,1,42,1.020008384
c1.loc43,1,43,1.00493918
c1.loc44,1,44,0.981350431
c1.loc45,1,45,0.950885853
c1.loc46,1,46,0.915304699
c1.loc47,1,47,0.876306471
11_7995636,1,47.189023,0.868740694
c1.loc48,1,48,0.977883138
c1.loc49,1,49,1.108308442
c1.loc50,1,50,1.226522491
c1.loc51,1,51,1.325734844
c1.loc52,1,52,1.401464273
3_20634638,1,52.012024,1.402215212
18_3644857,1,52.520025,1.217772744
11_7995637,1,52.770026,1.217529423
c1.loc53,1,53,1.137347721
c1.loc54,1,54,0.751401868
1_12207498,1,54.309027,0.632774487
c1.loc55,1,55,0.495937014
c1.loc56,1,56,0.01115789
c1.loc57,1,57,1.133430108
c1.loc58,1,58,1.125819479
14_16990480,1,58.475028,1.093093557
1_16852366,1,58.634029,1.095058185
c1.loc59,1,59,1.002428732
18_33759636,1,59.82903,0.745755895
c1.loc60,1,60,0.770582397
1_17586659,1,60.200031,0.796571595
1_18503714,1,60.699032,0.964302902
1_18231605,1,60.886033,1.148211937
c1.loc61,1,61,1.187622701
1_19075514,1,61.152034,1.230504609
1_19145591,1,61.270035,1.359025138
c1.loc62,1,62,1.297301663
1_19658001,1,62.586036,1.190620445
1_19658214,1,62.656037,1.194960248
1_19637644,1,62.776038,1.362835702
c1.loc63,1,63,1.372268203
1_19817756,1,63.337039,1.369921135
1_20356240,1,63.78704,1.546026006
c1.loc64,1,64,1.560280743
1_19614222,1,64.750041,1.398030255
c1.loc65,1,65,1.397723818
1_20669875,1,65.163042,1.361468962
c1.loc66,1,66,1.412600675
1_20743986,1,66.848043,1.42407123
1_20954387,1,66.848044,1.422027652
c1.loc67,1,67,1.419682372
1_21209235,1,67.285045,1.411841888
1_20779520,1,67.817046,0.679725866
c1.loc68,1,68,0.705429897
c1.loc69,1,69,0.854652778
c1.loc70,1,70,1.011702478
c1.loc71,1,71,1.167642674
c1.loc72,1,72,1.312124213
c1.loc73,1,73,1.435420662
c1.loc74,1,74,1.530517859
c1.loc75,1,75,1.594379583
1_23969825,1,75.800047,1.62346345
c1.loc76,1,76,1.609431413
1_23481368,1,76.117048,1.598407486
1_23828951,1,76.367049,1.471167466
14_1026438,2,0,0.178807718
c2.loc1,2,1,0.178314087
c2.loc2,2,2,0.176853221
c2.loc3,2,3,0.174246587
c2.loc4,2,4,0.17032814
c2.loc5,2,5,0.164964892
c2.loc6,2,6,0.158080864
c2.loc7,2,7,0.149680722
c2.loc8,2,8,0.139867629
c2.loc9,2,9,0.128849356
c2.loc10,2,10,0.116928359
c2.loc11,2,11,0.10447536
c2.loc12,2,12,0.091890819
c2.loc13,2,13,0.079562425
c2.loc14,2,14,0.067827712
c2.loc15,2,15,0.056948624
c2.loc16,2,16,0.047100765
c2.loc17,2,17,0.038375959
c2.loc18,2,18,0.030794161
2_950882,2,18.523001,0.027289901
c2.loc19,2,19,0.021052581
c2.loc20,2,20,0.006330696
c2.loc21,2,21,0.002708661
c2.loc22,2,22,0.101980549
c2.loc23,2,23,0.28156057
c2.loc24,2,24,0.261615155
c2.loc25,2,25,0.217052925
c2.loc26,2,26,0.18792676
2_2154912,2,26.415002,0.179273141
2_2285122,2,26.743003,0.187560779
2_2239200,2,26.775004,0.189946251
2_2273409,2,26.775005,0.189946267
c2.loc27,2,27,0.204574835
2_2363256,2,27.104006,0.209844964
c2.loc28,2,28,0.295641205
2_2798731,2,28.890007,0.44677728
c2.loc29,2,29,0.237635042
2_2938083,2,29.109008,0.148909687
2_2972467,2,29.786009,0.089585501
c2.loc30,2,30,0.082399266
c2.loc31,2,31,0.144741038
2_3268584,2,31.53701,0.148239039
c2.loc32,2,32,0.450569815
c2.loc33,2,33,0.663001954
c2.loc34,2,34,0.107649617
2_3614447,2,34.069011,0.099595835
2_3953244,2,34.936012,0.111839025
2_3794440,2,34.952013,0.112180566
2_3671868,2,34.953014,0.10077005
c2.loc35,2,35,0.101700191
2_3835305,2,35.226015,0.106049168
c2.loc36,2,36,0.097334928
2_4212916,2,36.725016,0.088903564
c2.loc37,2,37,0.050669232
2_4268719,2,37.072017,0.060963581
2_4350101,2,37.980018,0.062689394
c2.loc38,2,38,0.062256076
c2.loc39,2,39,0.040274898
2_4568638,2,39.431019,0.031498414
c2.loc40,2,40,0.028229049
c2.loc41,2,41,0.02237458
c2.loc42,2,42,0.016685633
c2.loc43,2,43,0.011499489
c2.loc44,2,44,0.007117916
c2.loc45,2,45,0.003750424
c2.loc46,2,46,0.001482712
2_5186881,2,46.03102,0.001430353
c2.loc47,2,47,0.000272986
c2.loc48,2,48,4.28E-05
c2.loc49,2,49,0.000921333
c2.loc50,2,50,0.002965964
c2.loc51,2,51,0.006143524
c2.loc52,2,52,0.010328433
c2.loc53,2,53,0.015319181
c2.loc54,2,54,0.020868495
c2.loc55,2,55,0.026718501
2_6114707,2,55.100021,0.027305433
c2.loc56,2,56,0.029017479
c2.loc57,2,57,0.030921236
c2.loc58,2,58,0.032777645
c2.loc59,2,59,0.034530605
c2.loc60,2,60,0.036119346
c2.loc61,2,61,0.037483142
c2.loc62,2,62,0.038567102
c2.loc63,2,63,0.039328144
c2.loc64,2,64,0.039739966
c2.loc65,2,65,0.039795946
c2.loc66,2,66,0.039509335
c2.loc67,2,67,0.038910781
c2.loc68,2,68,0.03804387
c2.loc69,2,69,0.03695972
c2.loc70,2,70,0.035711708
14_23184626,2,70.071022,0.035619074
3_1058124,3,0,0.166085677
3_1055879,3,0.487001,0.170370116
c3.loc1,3,1,0.122226989
3_1055953,3,1.007002,0.12160372
3_1055923,3,1.175003,0.145139735
3_1001036,3,1.461004,0.168265634
c3.loc2,3,2,0.228920133
3_1584324,3,2.976005,0.29928323
c3.loc3,3,3,0.319374636
3_1544948,3,3.207006,0.067976961
3_1598999,3,3.336007,0.029473794
c3.loc4,3,4,0.01503369
3_1773587,3,4.673008,0.004631154
c3.loc5,3,5,0.00168437
c3.loc6,3,6,0.06126482
c3.loc7,3,7,0.057745441
3_2108695,3,7.229009,0.052118709
3_2108599,3,7.56901,0.065996175
3_2206148,3,7.967011,0.025462118
c3.loc8,3,8,0.026664786
c3.loc9,3,9,0.075949352
3_2403699,3,9.021012,0.077200555
c3.loc10,3,10,0.048492907
c3.loc11,3,11,0.025276746
3_2505539,3,11.139013,0.022620522
3_2502610,3,11.532014,0.016825777
3_2518657,3,11.883015,0.008903781
c3.loc12,3,12,0.008908306
c3.loc13,3,13,0.008892709
c3.loc14,3,14,0.008757247
c3.loc15,3,15,0.008472389
c3.loc16,3,16,0.008017014
c3.loc17,3,17,0.007387296
c3.loc18,3,18,0.006603731
c3.loc19,3,19,0.005711854
c3.loc20,3,20,0.004774281
3_3553194,3,20.116016,0.004666559
c3.loc21,3,21,0.010513554
c3.loc22,3,22,0.006162551
3_4196288,3,22.350017,0.003663227
c3.loc23,3,23,0.000264181
c3.loc24,3,24,0.007199232
6_6610169,3,24.502018,0.009941608
c3.loc25,3,25,0.009352066
6_6610309,3,25.106019,0.008727872
3_4201050,3,25.33702,0.002491667
3_4228313,3,25.493021,0.003929126
3_4214165,3,25.692022,0.018247266
c3.loc26,3,26,0.01093954
c3.loc27,3,27,1.972742404
3_4355551,3,27.033023,1.968244472
c3.loc28,3,28,2.146711235
c3.loc29,3,29,2.095807074
c3.loc30,3,30,0.73481079
3_5306858,3,30.948024,1.95E-05
c3.loc31,3,31,0.134014288
3_5278777,3,31.476025,2.861946813
3_5596857,3,31.779026,2.956536492
c3.loc32,3,32,2.930858765
3_5417721,3,32.414027,2.325854748
c3.loc33,3,33,2.032543635
3_5645733,3,33.148028,1.948439686
c3.loc34,3,34,1.901518763
6_2131773,3,34.650029,1.831876897
c3.loc35,3,35,1.778224321
7_23037623,3,35.17603,1.744284555
c3.loc36,3,36,1.69112361
c3.loc37,3,37,0.008674447
3_6059142,3,37.919031,0.060069122
c3.loc38,3,38,0.063574007
c3.loc39,3,39,0.064770362
c3.loc40,3,40,0.00205574
3_6405665,3,40.074032,0.002643263
c3.loc41,3,41,0.002588178
c3.loc42,3,42,0.00063842
c3.loc43,3,43,0.000339177
c3.loc44,3,44,0.001011075
3_7287592,3,44.351033,0.001151438
c3.loc45,3,45,0.005009804
c3.loc46,3,46,0.082191065
3_7815481,3,46.106034,0.071906924
c3.loc47,3,47,0.002124464
3_8423519,3,47.215035,0.005171982
c3.loc48,3,48,0.032498895
3_8423518,3,48.041036,0.03436669
3_8423520,3,48.162037,0.034367245
3_8423542,3,48.428038,0.034367257
3_8895621,3,48.777039,0.034524986
3_8895655,3,48.84204,0.026997729
c3.loc49,3,49,0.018287919
3_9224644,3,49.417041,0.003241413
5_2392618,3,49.555042,0.002849771
5_2392650,3,49.879043,0.002704304
c3.loc50,3,50,0.019822647
3_9044978,3,50.193044,0.079223392
c3.loc51,3,51,0.05236806
c3.loc52,3,52,0.024863417
c3.loc53,3,53,0.007525866
3_12277519,3,53.060045,0.006835737
12_11308873,3,53.380046,0.012114138
3_14322343,3,53.725047,0.007897881
c3.loc54,3,54,0.001290655
2_14258457,3,54.333048,7.09E-05
3_16163489,3,54.666049,3.14E-06
3_16707449,3,54.90305,0.046124614
c3.loc55,3,55,0.060225758
2_14258463,3,55.315051,0.115958992
c3.loc56,3,56,0.166982101
c3.loc57,3,57,0.045793736
18_29169855,3,57.167052,0.011843244
c3.loc58,3,58,0.125313212
3_19326619,3,58.115053,0.110712189
13_28441420,3,58.225054,0.111196083
3_8220547,3,58.678055,0.070389789
c3.loc59,3,59,0.06606685
c3.loc60,3,60,0.045746016
c3.loc61,3,61,0.012300722
c3.loc62,3,62,0.010663885
c3.loc63,3,63,0.075600625
c3.loc64,3,64,0.106815383
c3.loc65,3,65,0.11525981
16_10945438,3,65.295056,0.116185655
4_405578,4,0,0.539814575
c4.loc1,4,1,0.511182282
c4.loc2,4,2,0.47346969
c4.loc3,4,3,0.428342936
c4.loc4,4,4,0.378375122
4_936532,4,4.541001,0.350511477
4_1048504,4,4.690002,0.471683807
c4.loc5,4,5,0.42541206
c4.loc6,4,6,0.214706388
4_1554457,4,6.230003,0.168391151
4_1659787,4,6.332004,0.593497277
4_1800655,4,6.675005,0.54370077
4_1800675,4,6.909006,0.480141826
4_2007610,4,6.909007,0.477164983
c4.loc7,4,7,0.448955803
c4.loc8,4,8,0.031109895
4_2581004,4,8.537008,0.211229337
4_2538171,4,8.873009,0.323416625
c4.loc9,4,9,0.364347158
c4.loc10,4,10,0.758647219
c4.loc11,4,11,1.197954472
4_3300210,4,11.10001,1.239378972
4_2873313,4,11.454011,1.352652788
4_2898086,4,11.503012,1.338457715
4_2929017,4,11.744013,1.293161184
4_2940289,4,11.906014,0.613278381
4_2933638,4,11.906015,0.613279414
c4.loc12,4,12,0.582919109
4_2928994,4,12.148016,1.212531239
c4.loc13,4,13,1.181868455
c4.loc14,4,14,1.105560375
c4.loc15,4,15,0.995332999
4_4501570,4,15.400017,0.945481881
c4.loc16,4,16,1.100220442
4_4708744,4,16.662018,1.246927953
c4.loc17,4,17,1.237096213
4_4796041,4,17.516019,1.198815091
c4.loc18,4,18,1.003342941
4_5019318,4,18.98402,0.528834177
c4.loc19,4,19,0.512348549
4_5014773,4,19.657021,1.142794394
c4.loc20,4,20,1.102620947
c4.loc21,4,21,0.971304946
c4.loc22,4,22,0.826601999
4_5372975,4,22.590022,0.739343511
c4.loc23,4,23,0.732515916
c4.loc24,4,24,0.647045133
c4.loc25,4,25,0.126691852
c4.loc26,4,26,0.217571632
c4.loc27,4,27,0.468526454
4_5882334,4,27.818023,0.548569071
c4.loc28,4,28,0.53350319
4_6149524,4,28.734024,0.447316156
c4.loc29,4,29,0.439456941
4_6565198,4,29.802025,0.217943546
c4.loc30,4,30,0.164870365
c4.loc31,4,31,0.293782824
c4.loc32,4,32,0.60840631
4_7134433,4,32.672026,0.593305865
4_7134434,4,32.943027,0.587909221
c4.loc33,4,33,0.587892633
4_7246826,4,33.145028,0.587793283
4_7599190,4,33.894029,0.734853631
c4.loc34,4,34,0.707052541
4_7599189,4,34.08603,0.683934446
c4.loc35,4,35,0.732511004
c4.loc36,4,36,0.783298201
c4.loc37,4,37,0.830450139
4_9646484,4,37.914031,0.869474142
c4.loc38,4,38,0.916654789
4_10392639,4,38.986032,0.36916145
c4.loc39,4,39,0.370085484
4_11235175,4,39.989033,0.428581479
c4.loc40,4,40,0.428904834
4_11594995,4,40.609034,0.188430128
4_11595005,4,40.609035,0.150420294
c4.loc41,4,41,0.31221127
4_14109806,4,41.316036,0.357545871
c4.loc42,4,42,0.34236381
c4.loc43,4,43,0.313063335
4_16592499,4,43.575037,0.29339375
4_16137623,4,43.735038,0.234015637
c4.loc44,4,44,0.226315271
c4.loc45,4,45,0.194198119
4_17146101,4,45.551039,0.175360226
c4.loc46,4,46,0.103032479
4_17757436,4,46.96504,0.224889859
c4.loc47,4,47,0.22855322
4_17758080,4,47.182041,0.246158927
c4.loc48,4,48,0.026226094
c4.loc49,4,49,0.264140203
4_18151654,4,49.051042,0.265309375
4_18365919,4,49.922043,0.22696738
c4.loc50,4,50,0.668914998
4_18355345,4,50.104044,0.018760491
c4.loc51,4,51,0.011159281
c4.loc52,4,52,0.004776874
4_18795496,4,52.183045,0.003902169
4_19141999,4,52.380046,0.009196374
4_19250728,4,52.725047,0.007640273
c4.loc53,4,53,0.006733252
4_18994424,4,53.096048,0.006419904
4_19442596,4,53.485049,0.005282356
4_19401514,4,53.87605,0.082365456
4_19406406,4,53.959051,0.082363768
c4.loc54,4,54,0.084919612
4_19711551,4,54.267052,0.102427026
c4.loc55,4,55,0.034600163
4_19859950,4,55.987053,0.112077516
c4.loc56,4,56,0.112077565
4_19879705,4,56.345054,0.112078874
c4.loc57,4,57,0.13681151
4_20280256,4,57.392055,0.152017356
4_20147449,4,57.410056,0.257534894
c4.loc58,4,58,0.285590107
4_20590317,4,58.104057,0.290241246
4_20573221,4,58.279058,0.293601635
c4.loc59,4,59,0.30153347
c4.loc60,4,60,0.304815857
c4.loc61,4,61,0.297939198
c4.loc62,4,62,0.281476441
4_21296318,4,62.092059,0.279569041
4_21405666,4,62.52406,0.330527773
c4.loc63,4,63,0.123995067
4_21626265,4,63.018061,0.119385714
c4.loc64,4,64,0.21435383
c4.loc65,4,65,0.330383311
4_21750541,4,65.253062,0.36103035
c4.loc66,4,66,0.244925498
4_22218751,4,66.687063,0.105728942
c4.loc67,4,67,0.106540141
c4.loc68,4,68,0.108818103
c4.loc69,4,69,0.110532395
c4.loc70,4,70,0.111623229
4_24242954,4,70.283064,0.111811764
4_24432121,4,70.419065,0.169616381
4_24378472,4,70.617066,0.071313408
5_2074950,5,0,0.359812263
c5.loc1,5,1,0.434680554
c5.loc2,5,2,0.219741888
c5.loc3,5,3,0.012332368
5_1161567,5,3.993001,0.07913874
c5.loc4,5,4,0.079138871
5_1162334,5,4.299002,0.079144466
c5.loc5,5,5,0.20443843
5_2565607,5,5.843003,0.412536263
c5.loc6,5,6,0.633949068
5_2074832,5,6.431004,0.022092959
c5.loc7,5,7,0.032844905
5_2528223,5,7.222005,0.036516128
c5.loc8,5,8,0.073669654
c5.loc9,5,9,0.140348767
c5.loc10,5,10,0.224319321
5_3532366,5,10.295006,0.25125161
c5.loc11,5,11,0.15469738
c5.loc12,5,12,0.268727613
5_4053044,5,12.450007,0.285231298
c5.loc13,5,13,0.285680178
c5.loc14,5,14,0.285720772
c5.loc15,5,15,0.284678124
c5.loc16,5,16,0.282481853
5_4631768,5,16.698008,0.280248557
5_4540238,5,16.704009,0.061405899
c5.loc17,5,17,0.060821702
5_4559240,5,17.06001,0.060701817
c5.loc18,5,18,0.028518858
c5.loc19,5,19,0.000248306
c5.loc20,5,20,0.215314176
c5.loc21,5,21,0.503813506
c5.loc22,5,22,0.41683896
c5.loc23,5,23,0.348442953
5_5437370,5,23.311011,0.333917264
5_5331857,5,23.566012,0.267882816
c5.loc24,5,24,0.210512704
c5.loc25,5,25,0.099705652
5_5707625,5,25.600013,0.051843129
c5.loc26,5,26,0.052058121
c5.loc27,5,27,0.027185349
5_6614908,5,27.266014,0.033178454
5_6614898,5,27.906015,0.000291054
c5.loc28,5,28,8.90E-07
5_6441001,5,28.352016,0.011601146
c5.loc29,5,29,0.001349974
5_6531869,5,29.064017,0.001951059
5_6617970,5,29.322018,0.00212425
5_6599359,5,29.457019,0.001392992
5_6614897,5,29.75302,0.00153429
c5.loc30,5,30,0.010673261
5_6661247,5,30.912021,0.116248447
c5.loc31,5,31,0.098982304
c5.loc32,5,32,5.19E-06
5_6915516,5,32.347022,0.012121663
c5.loc33,5,33,0.013400912
c5.loc34,5,34,0.015132293
5_7259488,5,34.696023,0.016080528
c5.loc35,5,35,0.008846224
c5.loc36,5,36,0.044391268
5_7797055,5,36.089024,0.042402541
c5.loc37,5,37,0.14369475
5_7648545,5,37.038025,0.148787894
c5.loc38,5,38,0.087655199
5_8221736,5,38.185026,0.105809991
c5.loc39,5,39,0.075784675
c5.loc40,5,40,0.044036419
c5.loc41,5,41,0.02016564
9_10450468,5,41.965027,0.005849587
c5.loc42,5,42,0.005720316
c5.loc43,5,43,2.24E-06
c5.loc44,5,44,0.029498953
4_2304110,5,44.804028,0.020379133
c5.loc45,5,45,0.019501899
c5.loc46,5,46,0.012652151
c5.loc47,5,47,0.001444793
c5.loc48,5,48,0.012039256
c5.loc49,5,49,0.031841556
c5.loc50,5,50,0.036056411
5_13857691,5,50.826029,0.03645543
c5.loc51,5,51,0.031869636
14_13969350,5,51.79703,0.013110539
c5.loc52,5,52,0.028560672
c5.loc53,5,53,0.331598418
5_20559462,5,53.447031,0.174052376
c5.loc54,5,54,0.492086003
c5.loc55,5,55,1.254776941
5_17868504,5,55.716032,0.404126742
c5.loc56,5,56,0.646020209
5_20828664,5,56.915033,0.004946786
c5.loc57,5,57,0.006504263
5_20828599,5,57.576034,0.02214994
c5.loc58,5,58,0.016783707
c5.loc59,5,59,0.018858792
5_21825284,5,59.080035,0.019460282
5_21488186,5,59.854036,0.011873242
c5.loc60,5,60,0.075550675
16_11684812,5,60.665037,0.265035198
5_21554189,5,60.878038,0.13319289
c5.loc61,5,61,0.142432257
5_21614867,5,61.073039,0.147294898
5_21757082,5,61.30004,0.128541314
5_21772363,5,61.445041,0.116083634
5_21825371,5,61.450042,0.116083344
5_21771926,5,61.450043,0.116083257
5_21771956,5,61.452044,0.116083141
5_21771573,5,61.534045,0.15516403
5_21859222,5,61.547046,0.154928852
11_13522595,5,61.671047,0.073932833
5_21729658,5,61.767048,0.073820329
c5.loc62,5,62,0.314963656
11_13522623,5,62.013049,0.308863228
5_22809424,5,62.90905,0.288138897
c5.loc63,5,63,0.120820986
5_22788793,5,63.062051,0.077622993
5_23042530,5,63.248052,0.072034946
5_23042550,5,63.419053,0.071896377
5_23224383,5,63.580054,0.055966045
5_23612814,5,63.580055,0.055966009
5_23230814,5,63.596056,0.054151553
5_23663249,5,63.908057,0.042910468
c5.loc64,5,64,0.052553244
c5.loc65,5,65,0.20789463
5_21771593,5,65.009058,0.20950668
c5.loc66,5,66,0.104667284
c5.loc67,5,67,0.029746871
5_21825406,5,67.023059,0.028568953
c5.loc68,5,68,0.020581279
c5.loc69,5,69,0.012408548
c5.loc70,5,70,0.005717984
c5.loc71,5,71,0.001553856
5_21614858,5,71.27706,0.000888537
6_1645621,6,0,0.799417705
c6.loc1,6,1,0.466939028
6_1668270,6,1.023001,0.481615518
c6.loc2,6,2,0.428240575
6_1563285,6,2.995002,0.372605143
c6.loc3,6,3,0.379263476
6_1655948,6,3.204003,0.136250908
6_1655949,6,3.307004,0.136260655
c6.loc4,6,4,0.193860352
c6.loc5,6,5,0.380135707
c6.loc6,6,6,0.1744775
c6.loc7,6,7,0.018586901
6_2534068,6,7.326005,0.008137108
c6.loc8,6,8,0.075558909
c6.loc9,6,9,0.714119203
6_2687012,6,9.130006,0.762160894
6_2776728,6,9.616007,0.00504591
c6.loc10,6,10,0.008666477
6_3039125,6,10.483008,0.013871498
6_3234810,6,10.858009,0.023380845
c6.loc11,6,11,0.018731542
c6.loc12,6,12,4.30E-06
c6.loc13,6,13,0.029670798
c6.loc14,6,14,0.142233033
c6.loc15,6,15,0.334764089
c6.loc16,6,16,0.538928537
c6.loc17,6,17,0.685522047
c6.loc18,6,18,0.762761639
6_22228152,6,18.17501,0.770584401
c6.loc19,6,19,0.291596518
c6.loc20,6,20,0.842344892
6_22228270,6,20.856011,1.108372124
c6.loc21,6,21,1.101406589
c6.loc22,6,22,1.04787186
6_22050337,6,22.604012,1.011986559
6_22050299,6,22.997013,0.840837598
c6.loc23,6,23,0.840837706
6_21778477,6,23.331014,0.840849734
c6.loc24,6,24,0.732733171
c6.loc25,6,25,0.027143301
c6.loc26,6,26,1.105901885
6_20918375,6,26.142015,1.117276252
c6.loc27,6,27,1.02324569
6_20468363,6,27.057016,1.047900223
c6.loc28,6,28,1.232499276
6_20137860,6,28.591017,1.326986021
c6.loc29,6,29,1.11579344
6_20047472,6,29.078018,1.217005442
c6.loc30,6,30,1.16380622
c6.loc31,6,31,1.063098103
c6.loc32,6,32,0.885913828
c6.loc33,6,33,0.598612327
c6.loc34,6,34,0.240425098
c6.loc35,6,35,0.013057459
c6.loc36,6,36,0.058889646
c6.loc37,6,37,0.252186945
c6.loc38,6,38,0.448868066
c6.loc39,6,39,0.6038682
c6.loc40,6,40,0.718362213
c6.loc41,6,41,0.802578344
c6.loc42,6,42,0.86549735
6_17440350,6,42.052019,0.86829124
6_15944134,6,42.59702,0.966080886
c6.loc43,6,43,0.955210849
6_16634982,6,43.184021,0.948780174
c6.loc44,6,44,1.018105168
6_15776658,6,44.255022,1.03919997
6_15165723,6,44.649023,1.01871691
6_15528859,6,44.790024,1.373514691
c6.loc45,6,45,1.343563216
6_15122181,6,45.101025,1.327601493
6_15528810,6,45.299026,1.238283717
6_14849036,6,45.846027,1.316355163
6_15006120,6,45.926028,1.316355969
6_14939923,6,45.928029,1.316624346
c6.loc46,6,46,1.286064652
6_14347553,6,46.93503,1.638384141
c6.loc47,6,47,1.632640251
11_12184299,6,47.279031,1.606350851
6_13625090,6,47.607032,1.162920967
13_3252887,6,47.650033,1.13608818
6_13690422,6,47.796034,1.0615336
c6.loc48,6,48,1.000090115
13_3252918,6,48.604035,0.839900711
c6.loc49,6,49,0.812126826
c6.loc50,6,50,0.63037571
c6.loc51,6,51,0.137977967
c6.loc52,6,52,0.103994924
c6.loc53,6,53,0.418245528
c6.loc54,6,54,0.583066804
6_14058724,6,54.061036,0.589677017
c6.loc55,6,55,0.697266947
c6.loc56,6,56,0.77970458
c6.loc57,6,57,0.80787628
c6.loc58,6,58,0.781492063
15_6425116,6,58.498037,0.75352744
7_353165,7,0,0.008380518
7_1647443,7,0.898001,0.011833896
c7.loc1,7,1,0.013429451
7_1430410,7,1.679002,0.041685086
c7.loc2,7,2,0.009638596
7_1424107,7,2.218003,0.003488581
7_1303754,7,2.366004,0.001088461
7_1424125,7,2.604005,0.001418914
7_1268198,7,2.776006,0.005495905
7_1268187,7,2.838007,0.005240243
c7.loc3,7,3,0.009405504
7_1457898,7,3.252008,0.018104209
c7.loc4,7,4,0.019327969
c7.loc5,7,5,0.020585452
7_1751364,7,5.078009,0.020662042
7_1750802,7,5.36001,0.020662172
c7.loc6,7,6,0.023859307
c7.loc7,7,7,0.036201777
7_2244945,7,7.223011,0.038780735
7_2244958,7,7.223012,0.03878153
c7.loc8,7,8,0.002172953
7_2645359,7,8.229013,3.51E-05
7_2682789,7,8.753014,0.142318505
c7.loc9,7,9,0.13866876
7_2809369,7,9.318015,0.132171623
7_3202715,7,9.858016,0.196992681
c7.loc10,7,10,0.123110209
7_3306878,7,10.100017,0.078802843
7_3138930,7,10.327018,0.070980035
c7.loc11,7,11,0.070069627
c7.loc12,7,12,0.036933801
c7.loc13,7,13,0.024319514
c7.loc14,7,14,0.049217005
7_3854357,7,14.304019,0.052096122
7_3764300,7,14.38502,0.055525751
7_3747700,7,14.385021,0.055730475
7_3764272,7,14.511022,0.059763221
c7.loc15,7,15,0.126523171
7_3830152,7,15.025023,0.13049288
7_3965728,7,15.380024,0.072234958
c7.loc16,7,16,0.047037436
7_4079385,7,16.802025,0.021631236
c7.loc17,7,17,0.023546438
c7.loc18,7,18,0.034183159
c7.loc19,7,19,0.045450692
7_4510977,7,19.382026,0.049627913
c7.loc20,7,20,0.064545836
7_4643491,7,20.125027,0.066755309
c7.loc21,7,21,0.142766542
c7.loc22,7,22,0.164976904
7_4949128,7,22.849028,0.011391375
c7.loc23,7,23,0.027585292
c7.loc24,7,24,0.191730846
7_5357607,7,24.537029,0.084834585
c7.loc25,7,25,0.090139239
c7.loc26,7,26,0.101124315
c7.loc27,7,27,0.110860441
c7.loc28,7,28,0.118835916
7_6652023,7,28.57703,0.122496187
c7.loc29,7,29,0.107285762
7_6634749,7,29.256031,0.098106607
c7.loc30,7,30,0.108557789
c7.loc31,7,31,0.144444018
c7.loc32,7,32,0.001945457
c7.loc33,7,33,0.03887766
7_7755409,7,33.802032,0.050524502
7_7755454,7,33.815033,0.050524466
c7.loc34,7,34,0.064536541
c7.loc35,7,35,0.169270565
7_8215497,7,35.590034,0.248713893
7_8168271,7,35.590035,0.249320814
7_8390890,7,35.831036,0.284138173
c7.loc36,7,36,0.289080333
c7.loc37,7,37,0.311158435
7_8554831,7,37.082037,0.312337414
7_8554894,7,37.395038,0.315150932
c7.loc38,7,38,0.314349105
7_9416119,7,38.161039,0.314063802
7_9420884,7,38.35404,0.013122619
7_9813672,7,38.354041,0.000134709
7_9745059,7,38.542042,0.289804667
c7.loc39,7,39,0.29014306
7_10079728,7,39.749043,0.262509245
c7.loc40,7,40,0.257116048
c7.loc41,7,41,0.226571301
7_15777027,7,41.304044,0.215079598
7_11861082,7,41.526045,0.258295586
c7.loc42,7,42,0.224300267
5_15180588,7,42.188046,0.200203873
5_15179728,7,42.550047,0.14152399
14_13756275,7,42.618048,0.140140066
c7.loc43,7,43,0.165340138
7_14050263,7,43.129049,0.173782243
7_14489532,7,43.29105,0.205160278
5_12303093,7,43.653051,0.212013288
7_14622472,7,43.921052,0.094116212
c7.loc44,7,44,0.083235922
c7.loc45,7,45,0.369559369
13_22848818,7,45.317053,0.309444824
13_22848812,7,45.682054,0.303833881
7_15258740,7,45.915055,0.001901649
c7.loc46,7,46,0.002752096
7_15242101,7,46.092056,0.003852367
13_22848755,7,46.372057,0.016911068
c7.loc47,7,47,0.013760366
7_15776974,7,47.051058,0.01346626
7_15778116,7,47.389059,0.181436509
7_15884505,7,47.98406,0.4433527
c7.loc48,7,48,0.377219298
7_16441841,7,48.077061,0.17561608
7_16441835,7,48.307062,0.175952513
c7.loc49,7,49,0.490122013
c7.loc50,7,50,0.044754314
7_16954016,7,50.256063,0.015869011
7_17223558,7,50.964064,0.012081428
c7.loc51,7,51,0.012470423
7_17314392,7,51.367065,0.016586597
7_17581695,7,51.743066,0.149426638
7_17594500,7,51.811067,0.067010274
c7.loc52,7,52,0.056707588
c7.loc53,7,53,0.015428823
c7.loc54,7,54,8.90E-05
7_18010855,7,54.546068,0.002608521
c7.loc55,7,55,0.002140601
7_18010428,7,55.043069,0.0020984
c7.loc56,7,56,0.067203719
7_18193924,7,56.05607,0.061875133
7_18468778,7,56.907071,0.068909894
c7.loc57,7,57,0.02999032
7_18705890,7,57.280072,0.163015774
7_18701268,7,57.610073,0.172528212
c7.loc58,7,58,0.20811221
c7.loc59,7,59,0.383603741
c7.loc60,7,60,0.005884558
7_19269959,7,60.465074,0.020592961
7_19116701,7,60.962075,0.020647676
c7.loc61,7,61,0.025063086
c7.loc62,7,62,1.113337339
7_19365013,7,62.037076,0.958007397
c7.loc63,7,63,0.322321428
7_20565682,7,63.499077,0.114263154
c7.loc64,7,64,0.112081463
7_19909355,7,64.243078,0.110975436
7_20077523,7,64.277079,0.100505311
7_19909369,7,64.44808,0.113976176
c7.loc65,7,65,0.171962241
7_19372163,7,65.606081,0.054655003
c7.loc66,7,66,0.056733155
c7.loc67,7,67,0.061383385
c7.loc68,7,68,0.064853884
7_21352302,7,68.536082,0.06616091
7_21462173,7,68.767083,0.117868098
c7.loc69,7,69,0.128136377
c7.loc70,7,70,0.171507065
7_22112819,7,70.260084,0.181681972
c7.loc71,7,71,0.193483648
7_22619808,7,71.965085,0.195808428
c7.loc72,7,72,0.195937507
c7.loc73,7,73,0.196585879
7_22862695,7,73.201086,0.195993728
7_22862634,7,73.475087,0.177200335
7_22862669,7,73.836088,0.185942214
c7.loc74,7,74,0.189931963
c7.loc75,7,75,0.001839127
7_23346134,7,75.864089,0.117009349
c7.loc76,7,76,0.121225751
7_23663930,7,76.74609,0.144821524
7_23667371,7,76.929091,0.143837683
c7.loc77,7,77,0.082526235
7_23627038,7,77.006092,0.087513815
7_23660773,7,77.064093,0.086910771
7_23670192,7,77.244094,0.002921003
c7.loc78,7,78,0.014304504
7_23821859,7,78.083095,0.015574563
c7.loc79,7,79,0.031465952
7_24102596,7,79.698096,0.046790975
7_24109701,7,79.948097,0.191505462
c7.loc80,7,80,0.186812133
7_24435151,7,80.532098,0.115179618
7_24369801,7,80.713099,0.03509285
c7.loc81,7,81,0.044790968
7_24554592,7,81.0421,0.046214613
c7.loc82,7,82,0.003837132
7_24726492,7,82.084101,0.007732471
c7.loc83,7,83,0.005204574
c7.loc84,7,84,0.017353436
7_25259422,7,84.117102,0.017506237
7_25394517,7,84.207103,0.012545845
16_627306,7,84.353104,0.014096923
c7.loc85,7,85,0.023959957
c7.loc86,7,86,0.057261749
c7.loc87,7,87,0.106249477
c7.loc88,7,88,0.090266178
c7.loc89,7,89,0.053834812
7_26234696,7,89.832105,0.03637188
c7.loc90,7,90,0.035294707
c7.loc91,7,91,0.003534649
7_26497710,7,91.021106,0.005516896
7_26756221,7,91.826107,0.012113667
c7.loc92,7,92,0.017152356
7_26805971,7,92.284108,0.027008686
c7.loc93,7,93,0.004298293
c7.loc94,7,94,0.006020987
c7.loc95,7,95,0.048954804
c7.loc96,7,96,0.129353031
7_26481209,7,96.159109,0.144910759
8_379062,8,0,0.03008312
8_4283686,8,0.270001,0.015829151
c8.loc1,8,1,0.031354243
c8.loc2,8,2,0.060606989
8_783956,8,2.051002,0.062296342
c8.loc3,8,3,0.054884719
8_1494384,8,3.404003,0.140996043
c8.loc4,8,4,0.001854908
1_19614277,8,4.848004,0.129826694
c8.loc5,8,5,0.123006845
c8.loc6,8,6,0.050399126
8_3986606,8,6.510005,0.11772479
c8.loc7,8,7,0.124809826
c8.loc8,8,8,0.042655808
13_21475121,8,8.387006,0.060403184
c8.loc9,8,9,0.089562683
16_11684819,8,9.696007,0.070092387
c8.loc10,8,10,0.059342175
8_5458329,8,10.162008,0.04049102
18_29169874,8,10.394009,0.039251217
14_6058764,8,10.56601,0.035175824
8_5958731,8,10.638011,0.035175749
c8.loc11,8,11,0.037342173
c8.loc12,8,12,0.043103057
c8.loc13,8,13,0.048137187
8_7684687,8,13.059012,0.04840114
c8.loc14,8,14,0.037119546
8_8774626,8,14.394013,0.029829271
8_8735510,8,14.481014,0.007203853
c8.loc15,8,15,0.001641034
c8.loc16,8,16,0.00859224
c8.loc17,8,17,0.111096853
c8.loc18,8,18,0.403334043
c8.loc19,8,19,0.510683119
c8.loc20,8,20,0.430162478
c8.loc21,8,21,0.355304496
c8.loc22,8,22,0.305473103
8_10714473,8,22.336015,0.292920279
c8.loc23,8,23,0.354562156
c8.loc24,8,24,0.029770236
8_10943902,8,24.660016,0.016918646
c8.loc25,8,25,0.008653806
c8.loc26,8,26,0.030089643
8_11018236,8,26.848017,0.043835532
c8.loc27,8,27,0.052660212
c8.loc28,8,28,0.126274277
8_11455801,8,28.823018,0.195463124
c8.loc29,8,29,0.196274489
c8.loc30,8,30,0.194237075
8_11536729,8,30.627019,0.001101146
8_11631412,8,30.69802,0.227518097
c8.loc31,8,31,0.003080491
8_11720093,8,31.774021,0.107342106
c8.loc32,8,32,0.031362336
8_11785640,8,32.136022,0.025212237
8_11965187,8,32.373023,0.063197617
8_11941598,8,32.954024,0.10035975
c8.loc33,8,33,0.096679106
c8.loc34,8,34,0.011842952
c8.loc35,8,35,0.31743615
8_12499893,8,35.958025,0.28340453
c8.loc36,8,36,0.285271169
c8.loc37,8,37,0.392181409
c8.loc38,8,38,0.082080537
8_13225232,8,38.874026,0.154699366
c8.loc39,8,39,0.147132133
c8.loc40,8,40,0.073851214
c8.loc41,8,41,0.001238846
c8.loc42,8,42,0.2760861
c8.loc43,8,43,1.105508415
c8.loc44,8,44,1.025946829
c8.loc45,8,45,0.85714905
c8.loc46,8,46,0.752502326
8_14130229,8,46.163027,0.739845329
c8.loc47,8,47,0.821590907
c8.loc48,8,48,0.836621464
8_15083730,8,48.205028,0.828038484
c8.loc49,8,49,0.818723839
c8.loc50,8,50,0.3739212
8_15113520,8,50.997029,0.671031495
c8.loc51,8,51,0.671163279
c8.loc52,8,52,0.707246352
8_15398994,8,52.41203,0.716598209
c8.loc53,8,53,0.974894577
c8.loc54,8,54,0.510743433
8_16566791,8,54.102031,0.299907452
8_15729357,8,54.947032,0.121707415
c8.loc55,8,55,0.114873721
8_16566760,8,55.436033,0.065130886
c8.loc56,8,56,0.07629363
8_16442631,8,56.674034,0.088135053
c8.loc57,8,57,0.087989459
c8.loc58,8,58,0.025880532
c8.loc59,8,59,0.059490772
8_16801786,8,59.578035,0.06998482
8_16981196,8,59.930036,0.070472629
c8.loc60,8,60,0.086539567
8_17047597,8,60.171037,0.032674813
8_17054594,8,60.320038,0.032335585
8_17054558,8,60.320039,0.032261327
c8.loc61,8,61,0.02931274
8_17357144,8,61.35004,0.027073728
c8.loc62,8,62,0.058963492
c8.loc63,8,63,0.129846653
8_18216431,8,63.332041,0.157674352
8_18216563,8,63.435042,0.156687741
8_18216338,8,63.469043,0.189421646
c8.loc64,8,64,0.182008837
c8.loc65,8,65,0.168735694
8_18585590,8,65.468044,0.162945108
c8.loc66,8,66,0.204420285
8_18738682,8,66.432045,0.237744723
8_18953709,8,66.868046,0.256430366
c8.loc67,8,67,0.227097354
8_19192553,8,67.910047,0.404454743
c8.loc68,8,68,0.266542964
8_19508944,8,68.130048,0.117329777
8_19705375,8,68.801049,0.391988173
c8.loc69,8,69,0.169021172
8_19854900,8,69.80705,0.256912123
8_19845271,8,69.862051,0.250449691
8_19851783,8,69.873052,0.502592052
c8.loc70,8,70,0.480222027
8_19843901,8,70.004053,0.479509798
8_19854886,8,70.591054,0.62570723
c8.loc71,8,71,0.740091419
c8.loc72,8,72,0.111860846
8_20584042,8,72.052055,0.093990096
8_20168985,8,72.716056,0.231336573
c8.loc73,8,73,0.161937723
8_20771932,8,73.595057,0.050563171
8_20877285,8,73.891058,0.118908974
c8.loc74,8,74,0.128898502
c8.loc75,8,75,0.150029153
8_21184644,8,75.217059,0.148290075
c8.loc76,8,76,0.16126404
c8.loc77,8,77,0.049929606
8_21718474,8,77.02206,0.050766408
8_22458376,8,77.345061,0.053651499
8_22239521,8,77.353062,0.053651462
8_22239410,8,77.566063,0.053651216
8_21929790,8,77.753064,0.051498362
c8.loc78,8,78,0.088917059
8_22223668,8,78.146065,0.11412252
9_324342,9,0,0.060483258
9_295085,9,1.00E-06,0.060482499
c9.loc1,9,1,0.060482514
9_477631,9,1.774002,0.060482525
c9.loc2,9,2,0.064855102
c9.loc3,9,3,6.15E-05
9_1015666,9,3.777003,0.025335459
c9.loc4,9,4,0.042603143
9_1015662,9,4.147004,0.056287116
9_1139384,9,4.732005,0.035144241
c9.loc5,9,5,0.03523688
c9.loc6,9,6,0.035601937
9_1518031,9,6.415006,0.035760755
9_1337702,9,6.420007,0.00891068
9_1510241,9,6.426008,0.008913003
c9.loc7,9,7,0.019855297
9_1900860,9,7.764009,0.065124521
c9.loc8,9,8,0.040487605
9_1911192,9,8.16601,0.028893328
c9.loc9,9,9,0.068722351
9_2071722,9,9.311011,0.087444054
c9.loc10,9,10,0.542510372
9_2191771,9,10.607012,6.40E-05
c9.loc11,9,11,0.000253837
9_2258942,9,11.304013,0.000481222
9_2360272,9,11.842014,0.002420046
9_2309792,9,11.906015,0.002420287
c9.loc12,9,12,0.006168274
9_2451516,9,12.262016,0.043018388
9_2457292,9,12.262017,0.043018381
9_2597721,9,12.621018,0.23923033
9_2648758,9,12.673019,0.232229327
c9.loc13,9,13,0.244689167
9_2906757,9,13.09602,0.191194631
c9.loc14,9,14,0.023504218
9_3040244,9,14.056021,0.020491803
9_3092684,9,14.401022,0.022913299
c9.loc15,9,15,0.025986641
c9.loc16,9,16,0.033320449
c9.loc17,9,17,0.044867463
c9.loc18,9,18,0.061197361
c9.loc19,9,19,0.071100806
c9.loc20,9,20,0.05249073
c9.loc21,9,21,0.026024252
c9.loc22,9,22,0.011457757
c9.loc23,9,23,0.004984883
c9.loc24,9,24,0.002123134
9_4644074,9,24.322023,0.001595393
c9.loc25,9,25,0.008244537
9_4309244,9,25.360024,0.013331521
9_4435056,9,25.650025,0.011044985
9_4309247,9,25.868026,0.055025797
9_4309174,9,25.975027,0.071381602
c9.loc26,9,26,0.078751981
9_4365902,9,26.075028,0.103217378
9_4644056,9,26.955029,0.03928797
c9.loc27,9,27,0.039205873
9_5014479,9,27.92303,0.036778067
c9.loc28,9,28,0.029269899
9_5180578,9,28.112031,0.011326163
9_5375340,9,28.699032,0.03553056
c9.loc29,9,29,0.133314385
9_5447233,9,29.427033,0.065061615
9_5446175,9,29.466034,0.065062203
9_5530650,9,29.780035,0.130963045
9_5615541,9,29.832036,0.130965913
c9.loc30,9,30,0.239686994
9_5640620,9,30.459037,0.00827836
c9.loc31,9,31,0.034079433
9_5862176,9,31.089038,0.039469062
9_5862207,9,31.362039,0.039144523
5_17373234,9,31.80204,0.057147533
c9.loc32,9,32,0.048161229
c9.loc33,9,33,0.222620968
9_6811093,9,33.413041,0.157488671
9_6817429,9,33.815042,0.170589943
9_6817423,9,33.957043,0.132535717
c9.loc34,9,34,0.132783229
c9.loc35,9,35,0.121240038
c9.loc36,9,36,0.010689163
c9.loc37,9,37,0.068830653
1_5944415,9,37.797044,0.084200908
c9.loc38,9,38,0.07915893
c9.loc39,9,39,0.034440694
c9.loc40,9,40,0.091816586
c9.loc41,9,41,0.221085845
9_9634404,9,41.663045,0.199299666
9_9508977,9,41.672046,0.203113944
9_9860758,9,41.985047,0.151576315
c9.loc42,9,42,0.169693526
9_9860779,9,42.029048,0.205348842
9_9618615,9,42.438049,0.145133095
c9.loc43,9,43,0.044803361
9_9890624,9,43.31505,0.013094991
c9.loc44,9,44,0.018598335
c9.loc45,9,45,0.028527197
c9.loc46,9,46,0.040614427
c9.loc47,9,47,0.054681703
c9.loc48,9,48,0.070438425
c9.loc49,9,49,0.087500948
9_13452526,9,49.660051,0.099223581
9_13475986,9,49.870052,0.05201836
c9.loc50,9,50,0.048577856
9_13407438,9,50.029053,0.047756937
4_9020164,9,50.164054,0.090274294
4_9020146,9,50.264055,0.101292225
c9.loc51,9,51,0.089036524
9_16384147,9,51.643056,0.077355846
c9.loc52,9,52,0.047231739
9_19000027,9,52.309057,0.026786588
9_18875795,9,52.309058,0.026780058
9_18814030,9,52.339059,0.025097896
9_18999992,9,52.38206,0.052064217
9_18999985,9,52.385061,0.05237651
9_18884162,9,52.481062,0.052376818
9_18105931,9,52.638063,0.059261532
9_18504306,9,52.918064,0.059429468
c9.loc53,9,53,0.125015823
9_19514025,9,53.114065,0.252579326
9_18504305,9,53.464066,0.005057923
c9.loc54,9,54,0.106020018
9_19305720,9,54.241067,0.242992019
c9.loc55,9,55,0.227234122
12_16438392,9,55.765068,0.197916424
5_4011139,9,55.947069,0.197907061
c9.loc56,9,56,0.188219855
c9.loc57,9,57,0.03997802
c9.loc58,9,58,0.002459121
6_2606840,9,58.13507,0.006657164
c9.loc59,9,59,0.062466582
9_21899628,9,59.998071,0.070970218
c9.loc60,9,60,0.07095754
c9.loc61,9,61,0.031949641
9_22901811,9,61.500072,0.048324142
9_22710038,9,61.739073,0.048319807
c9.loc62,9,62,0.010114424
9_22583120,9,62.003074,0.009832613
17_17189416,10,0,0.00733368
c10.loc1,10,1,0.009408387
17_17189427,10,1.238001,0.009857366
c10.loc2,10,2,0.025241551
17_17189406,10,2.459002,0.035780989
c10.loc3,10,3,0.02016966
c10.loc4,10,4,0.002685678
c10.loc5,10,5,0.001618057
c10.loc6,10,6,0.017435742
c10.loc7,10,7,0.049090851
10_1472990,10,7.407003,0.065896043
10_1773484,10,7.407004,0.066298959
c10.loc8,10,8,0.094439682
17_17189484,10,8.281005,0.109021446
17_17189505,10,8.429006,0.084973763
c10.loc9,10,9,0.088155243
10_2674703,10,9.536007,0.090285922
c10.loc10,10,10,0.136153494
10_3167847,10,10.890008,0.24306076
c10.loc11,10,11,0.248729626
c10.loc12,10,12,0.298219666
c10.loc13,10,13,0.339032045
10_3457871,10,13.091009,0.342125291
10_3606765,10,13.16901,0.342125655
c10.loc14,10,14,0.348537322
10_4125692,10,14.624011,0.34698764
c10.loc15,10,15,0.372046032
c10.loc16,10,16,0.440172185
c10.loc17,10,17,0.506803293
c10.loc18,10,18,0.568037246
c10.loc19,10,19,0.620556739
10_4750953,10,19.402012,0.638580025
10_4750952,10,19.530013,0.638726486
c10.loc20,10,20,0.643763837
c10.loc21,10,21,0.651322829
c10.loc22,10,22,0.654186886
10_5004674,10,22.546014,0.653694726
10_5021135,10,22.712015,0.020303598
c10.loc23,10,23,1.26E-05
c10.loc24,10,24,0.09880988
c10.loc25,10,25,0.198195177
c10.loc26,10,26,0.259882582
c10.loc27,10,27,0.299138067
10_6012894,10,27.359016,0.309737548
c10.loc28,10,28,0.267918738
10_6379523,10,28.117017,0.25940655
10_6123501,10,28.212018,0.264718053
10_6554496,10,28.366019,0.127655041
10_6554504,10,28.60002,0.139214056
c10.loc29,10,29,0.103526019
10_6643681,10,29.326021,0.076728543
10_6575670,10,29.338022,0.076728127
10_6623163,10,29.397023,0.088739106
c10.loc30,10,30,0.089081474
10_6775625,10,30.485024,0.089350859
c10.loc31,10,31,0.150197208
10_6815784,10,31.225025,0.126342899
c10.loc32,10,32,0.181820536
c10.loc33,10,33,0.261918574
14_11932152,10,33.019026,0.263476576
c10.loc34,10,34,0.176537581
10_7251956,10,34.229027,0.15472142
c10.loc35,10,35,0.138604317
c10.loc36,10,36,0.117232426
c10.loc37,10,37,0.096175271
c10.loc38,10,38,0.076268763
10_7527239,10,38.205028,0.07242759
c10.loc39,10,39,0.115040947
c10.loc40,10,40,0.293124846
c10.loc41,10,41,0.205318084
c10.loc42,10,42,0.026245794
10_8789892,10,42.891029,0.004598793
c10.loc43,10,43,0.001770147
10_9149678,10,43.70003,0.015830121
c10.loc44,10,44,0.064144505
c10.loc45,10,45,1.063863463
10_9452744,10,45.302031,0.47852105
c10.loc46,10,46,1.196961862
10_10285849,10,46.149032,0.982812006
10_10610196,10,46.893033,0.035943751
c10.loc47,10,47,0.035942445
10_10306263,10,47.094034,0.035941297
c10.loc48,10,48,0.026109458
10_11553498,10,48.060035,0.027621046
10_11441542,10,48.146036,0.026714304
10_11379770,10,48.372037,0.05373999
10_11589012,10,48.557038,0.070839631
10_11291449,10,48.559039,0.070839651
10_11167342,10,48.89604,0.070850667
c10.loc49,10,49,0.068903055
10_12449653,10,49.255041,0.064220951
10_12569867,10,49.542042,0.016415149
10_12594470,10,49.613043,0.016415914
10_12552639,10,49.627044,0.01645507
c10.loc50,10,50,0.008459059
c10.loc51,10,51,0.000810247
10_14426187,10,51.001045,0.000818117
10_13783633,10,51.046046,0.002306854
10_14466053,10,51.103047,0.003157891
10_15002500,10,51.103048,0.003164726
10_15467726,10,51.731049,0.021022205
7_12353338,10,51.80205,0.035880047
10_16658094,10,51.802051,0.035879955
c10.loc52,10,52,0.162128496
10_16779731,10,52.179052,0.023252647
10_18826068,10,52.469053,0.015682917
10_18826064,10,52.531054,0.004178045
7_12353398,10,52.655055,0.003769514
c10.loc53,10,53,0.010116026
10_20737450,10,53.221056,0.015688581
13_5471375,10,53.258057,0.01568867
2_8725891,10,53.258058,0.015688672
13_5471383,10,53.260059,0.015688677
13_5471332,10,53.45606,0.015669341
10_20611879,10,53.500061,0.015639838
10_20707746,10,53.786062,0.015268532
10_20981430,10,53.987063,0.016158239
c10.loc54,10,54,0.016649049
10_21670072,10,54.270064,0.028561485
13_5471339,10,54.903065,0.037107149
c10.loc55,10,55,0.056397125
10_21960308,10,55.452066,0.19281392
c10.loc56,10,56,0.213374575
10_23225064,10,56.106067,0.217415379
10_23054248,10,56.475068,0.203094043
c10.loc57,10,57,0.049447887
c10.loc58,10,58,0.000466402
2_8725898,10,58.232069,7.65E-06
c10.loc59,10,59,0.037997977
c10.loc60,10,60,0.208256553
c10.loc61,10,61,0.488981829
10_18476283,10,61.54407,0.661027848
11_1163932,11,0,0.035489468
11_1126416,11,0.225001,0.00059211
11_1115551,11,0.280002,0.000591938
c11.loc1,11,1,0.007400781
c11.loc2,11,2,0.029874869
c11.loc3,11,3,0.066485761
c11.loc4,11,4,0.114306046
11_1894334,11,4.087003,0.118822159
11_1986937,11,4.758004,0.113999232
11_1986918,11,4.758005,0.113688811
c11.loc5,11,5,0.111638598
c11.loc6,11,6,0.101461908
c11.loc7,11,7,0.089198452
11_2786379,11,7.354006,0.084569733
11_2567246,11,7.484007,0.073946464
11_2635800,11,7.639008,0.073945436
c11.loc8,11,8,0.081463061
11_2641316,11,8.104009,0.083307771
11_2824566,11,8.64101,0.091120027
c11.loc9,11,9,0.032746357
11_3203201,11,9.604011,0.13314187
11_3203200,11,9.936012,0.058630675
c11.loc10,11,10,0.057047982
c11.loc11,11,11,0.030972981
11_3397963,11,11.593013,0.017451246
c11.loc12,11,12,0.039948068
11_3512096,11,12.421014,0.061759964
c11.loc13,11,13,0.06367997
c11.loc14,11,14,0.066534056
c11.loc15,11,15,0.068680001
11_3881659,11,15.635015,0.069634636
c11.loc16,11,16,1.189118103
11_3960142,11,16.429016,0.216850576
c11.loc17,11,17,0.151060483
11_3961147,11,17.051017,0.145518703
11_3968886,11,17.151018,0.079079995
c11.loc18,11,18,0.005289037
c11.loc19,11,19,0.016122286
c11.loc20,11,20,0.07380144
11_4262470,11,20.665019,0.117795172
c11.loc21,11,21,0.112829689
c11.loc22,11,22,0.039273192
c11.loc23,11,23,0.03486812
11_5248499,11,23.80902,0.075518508
c11.loc24,11,24,0.07493043
c11.loc25,11,25,0.070526672
c11.loc26,11,26,0.062512329
c11.loc27,11,27,0.04774676
c11.loc28,11,28,0.023750561
c11.loc29,11,29,0.001947061
c11.loc30,11,30,0.005759937
c11.loc31,11,31,0.024915533
c11.loc32,11,32,0.041295788
c11.loc33,11,33,0.052087799
11_7658208,11,33.672021,0.05704339
c11.loc34,11,34,0.061097209
c11.loc35,11,35,0.074339511
c11.loc36,11,36,0.088210693
c11.loc37,11,37,0.101704209
c11.loc38,11,38,0.113660864
c11.loc39,11,39,0.123055616
11_8491093,11,39.358022,0.125647331
c11.loc40,11,40,0.156847528
c11.loc41,11,41,0.209152602
c11.loc42,11,42,0.25661981
11_10139335,11,42.293023,0.267917269
11_10200766,11,42.589024,0.477211524
11_10723619,11,42.847025,0.446012107
c11.loc43,11,43,0.219760055
11_10098037,11,43.128026,0.020829891
11_11180265,11,43.715027,0.057706718
c11.loc44,11,44,0.021465728
13_27900927,11,44.564028,0.301975031
c11.loc45,11,45,0.345916591
16_11684841,11,45.267029,0.365061123
c11.loc46,11,46,0.580305123
11_12400032,11,46.45803,0.646216595
c11.loc47,11,47,0.472877926
11_15610309,11,47.538031,0.284165425
11_13317200,11,47.688032,0.064911007
c11.loc48,11,48,0.060942498
c11.loc49,11,49,0.232481003
c11.loc50,11,50,1.22519673
11_16950881,11,50.412033,1.384653223
11_16950921,11,50.447034,1.383638107
11_16994412,11,50.785035,1.625008239
c11.loc51,11,51,1.663019731
c11.loc52,11,52,1.80359125
11_17389325,11,52.030036,1.806700861
11_17717016,11,52.962037,1.727371876
c11.loc53,11,53,1.760944467
11_17754467,11,53.503038,2.16470547
c11.loc54,11,54,0.078473818
11_18049437,11,54.187039,1.10395665
c11.loc55,11,55,0.487682317
c11.loc56,11,56,0.136057973
c11.loc57,11,57,1.190312872
c11.loc58,11,58,1.624170638
11_18420076,11,58.52004,0.119305295
c11.loc59,11,59,0.179281272
c11.loc60,11,60,0.431790902
c11.loc61,11,61,0.318982016
11_18826423,11,61.299041,0.234052668
c11.loc62,11,62,0.234553783
11_19011905,11,62.053042,0.161165186
11_19116758,11,62.704043,0.090929828
c11.loc63,11,63,0.08747868
11_19250220,11,63.603044,0.003101259
c11.loc64,11,64,0.017814756
11_19921290,11,64.492045,0.046679241
11_19776604,11,64.492046,0.046678935
c11.loc65,11,65,0.034052727
11_19642439,11,65.836047,0.019794457
15_12434095,12,0,0.183928695
c12.loc1,12,1,0.173141975
c12.loc2,12,2,0.15889265
c12.loc3,12,3,0.139946279
c12.loc4,12,4,0.114942865
c12.loc5,12,5,0.083179628
c12.loc6,12,6,0.046783083
c12.loc7,12,7,0.014198581
c12.loc8,12,8,6.56E-06
c12.loc9,12,9,0.013443746
c12.loc10,12,10,0.04718749
c12.loc11,12,11,0.085961035
c12.loc12,12,12,0.119934803
c12.loc13,12,13,0.146422003
c12.loc14,12,14,0.166167249
12_978329,12,14.882001,0.179223575
c12.loc15,12,15,0.066061703
12_929948,12,15.469002,0.612113816
c12.loc16,12,16,0.576974317
c12.loc17,12,17,0.493997146
c12.loc18,12,18,0.398373808
c12.loc19,12,19,0.302815862
12_1419004,12,19.080003,0.295586337
c12.loc20,12,20,0.290383032
c12.loc21,12,21,0.282844166
c12.loc22,12,22,0.273384154
c12.loc23,12,23,0.262128395
c12.loc24,12,24,0.249288622
c12.loc25,12,25,0.235149692
c12.loc26,12,26,0.220048122
12_2334526,12,26.986004,0.204570118
c12.loc27,12,27,0.204058788
c12.loc28,12,28,0.004798857
c12.loc29,12,29,0.272964105
12_2403026,12,29.232005,0.268385649
12_2469104,12,29.348006,0.213533003
12_2981790,12,29.561007,0.211332549
c12.loc30,12,30,0.25667311
12_3105811,12,30.554008,0.31973416
12_3110039,12,30.558009,0.196975218
12_3179312,12,30.57401,0.197027948
c12.loc31,12,31,0.199351219
12_3447252,12,31.526011,0.201063925
12_3447346,12,31.551012,0.247976028
12_3699557,12,31.660013,0.248335279
12_3019711,12,31.703014,0.236901284
c12.loc32,12,32,0.243433673
c12.loc33,12,33,0.263105515
c12.loc34,12,34,0.279400591
c12.loc35,12,35,0.292888715
c12.loc36,12,36,0.304076042
12_4613176,12,36.411015,0.308086586
c12.loc37,12,37,0.331408969
c12.loc38,12,38,0.062743772
12_5294374,12,38.322016,0.105605932
c12.loc39,12,39,0.129792173
c12.loc40,12,40,0.166043695
12_5896657,12,40.162017,0.171706357
c12.loc41,12,41,0.171572667
c12.loc42,12,42,0.168373482
c12.loc43,12,43,0.157971971
c12.loc44,12,44,0.132988139
c12.loc45,12,45,0.086591903
c12.loc46,12,46,0.031537208
c12.loc47,12,47,0.00190543
c12.loc48,12,48,0.004461804
c12.loc49,12,49,0.020540228
12_7196407,12,49.573018,0.030552091
c12.loc50,12,50,0.315810424
12_7330666,12,50.032019,0.30169964
12_7244381,12,50.11102,0.273792693
12_7358119,12,50.263021,0.272560488
12_7335993,12,50.348022,0.175208345
12_7493227,12,50.631023,0.188359751
12_7477385,12,50.672024,0.188520686
12_7475661,12,50.672025,0.188581937
c12.loc51,12,51,0.189173267
c12.loc52,12,52,0.182772857
12_7624197,12,52.663026,0.172115762
c12.loc53,12,53,0.200501384
c12.loc54,12,54,0.072284657
12_8349621,12,54.098027,0.079105858
15_6360197,12,54.296028,0.058647511
c12.loc55,12,55,0.045059917
c12.loc56,12,56,0.026075753
12_8818263,12,56.536029,0.017314886
12_8947470,12,56.53603,0.017178873
c12.loc57,12,57,0.010912817
12_9516170,12,57.229031,0.00833663
17_18379544,12,57.790032,0.029472696
c12.loc58,12,58,0.031010946
c12.loc59,12,59,0.038317289
18_733003,12,59.016033,0.038430109
12_14664264,12,59.361034,0.101514854
c12.loc60,12,60,0.119491663
c12.loc61,12,61,0.148799256
12_15504477,12,61.317035,0.158070518
c12.loc62,12,62,0.076761089
12_15850063,12,62.379036,0.12704068
12_16125941,12,62.584037,0.052186291
c12.loc63,12,63,0.055416391
12_16572773,12,63.663038,0.058087321
c12.loc64,12,64,0.059548709
12_16438432,12,64.002039,0.059552831
12_18695236,12,64.71804,0.113361884
12_18695326,12,64.869041,0.09450606
12_18681104,12,64.869042,0.093309459
c12.loc65,12,65,0.078232816
12_19084187,12,65.371043,0.04214474
12_19784289,12,65.592044,0.065168671
12_19084193,12,65.988045,0.121226716
c12.loc66,12,66,0.122843572
c12.loc67,12,67,0.111275883
c12.loc68,12,68,0.081474291
12_12560779,12,68.179046,0.078370164
c12.loc69,12,69,0.086639459
c12.loc70,12,70,0.09380898
c12.loc71,12,71,0.096664168
c12.loc72,12,72,0.095158878
12_17488466,12,72.182047,0.094489233
c12.loc73,12,73,0.07822468
c12.loc74,12,74,0.058769914
c12.loc75,12,75,0.040622043
c12.loc76,12,76,0.024745745
c12.loc77,12,77,0.012140248
c12.loc78,12,78,0.003707812
c12.loc79,12,79,0.000107181
c12.loc80,12,80,0.001631485
c12.loc81,12,81,0.008150176
c12.loc82,12,82,0.019135522
c12.loc83,12,83,0.033764105
c12.loc84,12,84,0.05105892
c12.loc85,12,85,0.070030387
12_22693791,12,85.494048,0.079693118
13_140385,13,0,0.009087659
13_356900,13,0.245001,0.054455767
13_162256,13,0.506002,0.030976161
c13.loc1,13,1,0.10402504
13_604670,13,1.734003,0.984003372
c13.loc2,13,2,0.104658805
13_565207,13,2.344004,0.001211324
13_1065337,13,2.879005,0.000588773
c13.loc3,13,3,0.000532233
13_823167,13,3.032006,0.000517698
13_869743,13,3.046007,0.009085399
c13.loc4,13,4,0.010220737
13_1324279,13,4.083008,0.010312398
13_1598802,13,4.782009,0.010269781
c13.loc5,13,5,0.165030487
13_1794138,13,5.11801,0.061009146
13_1806897,13,5.314011,0.062417747
13_1962259,13,5.517012,0.043743005
c13.loc6,13,6,0.04959222
c13.loc7,13,7,0.073599701
c13.loc8,13,8,0.128554036
c13.loc9,13,9,0.029201151
13_3077997,13,9.826013,0.001092319
13_2952137,13,9.990014,0.00557156
13_2952132,13,9.990015,0.005571486
c13.loc10,13,10,0.006217852
15_11266966,13,10.464016,0.000263754
c13.loc11,13,11,0.000237449
c13.loc12,13,12,0.0058251
13_3570968,13,12.733017,0.014272279
c13.loc13,13,13,0.018372367
c13.loc14,13,14,0.056169986
c13.loc15,13,15,0.000879763
13_3806593,13,15.083018,0.000581344
c13.loc16,13,16,0.006133308
c13.loc17,13,17,0.049589641
c13.loc18,13,18,0.150960571
c13.loc19,13,19,0.075680926
c13.loc20,13,20,0.043488443
13_4498222,13,20.636019,0.034398441
c13.loc21,13,21,0.052706103
13_4586207,13,21.89702,0.110805706
c13.loc22,13,22,0.116371571
13_4610235,13,22.163021,0.12508107
c13.loc23,13,23,0.11863598
c13.loc24,13,24,0.022596524
c13.loc25,13,25,0.109660845
13_4932145,13,25.564022,0.120783595
c13.loc26,13,26,0.005989197
c13.loc27,13,27,0.34797468
13_4986214,13,27.140023,0.332742458
c13.loc28,13,28,0.292332983
13_5276826,13,28.722024,0.252228809
13_5255723,13,28.906025,0.172573879
c13.loc29,13,29,0.168879377
c13.loc30,13,30,0.12329642
c13.loc31,13,31,0.067967575
c13.loc32,13,32,0.015178109
c13.loc33,13,33,0.005075896
c13.loc34,13,34,0.085826378
c13.loc35,13,35,0.223963386
c13.loc36,13,36,0.337130652
c13.loc37,13,37,0.402298283
c13.loc38,13,38,0.434494717
6_14512838,13,38.466026,0.442768962
c13.loc39,13,39,0.435614564
c13.loc40,13,40,0.369443357
c13.loc41,13,41,0.084743791
c13.loc42,13,42,0.063848579
c13.loc43,13,43,0.212155179
13_8989360,13,43.374027,0.244935704
c13.loc44,13,44,0.143834019
13_9501435,13,44.994028,0.281376887
c13.loc45,13,45,0.281087455
c13.loc46,13,46,0.198577587
c13.loc47,13,47,0.004969927
13_26948388,13,47.085029,2.13E-05
13_14163869,13,47.38503,0.657993945
13_14380095,13,47.714031,0.672688552
c13.loc48,13,48,0.642036985
c13.loc49,13,49,0.120258358
c13.loc50,13,50,0.59241825
13_18523593,13,50.495032,0.686076794
c13.loc51,13,51,0.594340939
13_19655621,13,51.060033,0.577459623
10_13467454,13,51.325034,0.322941295
13_16256792,13,51.597035,0.371749288
4_8216601,13,51.751036,0.371763471
13_18364012,13,51.950037,0.198458829
c13.loc52,13,52,0.185043403
13_18394324,13,52.035038,0.175804537
13_18442717,13,52.048039,0.175806595
13_18428906,13,52.06004,0.331407606
13_18395415,13,52.257041,0.315897805
13_18442724,13,52.326042,0.294589477
13_15184627,13,52.339043,0.297086995
c13.loc53,13,53,0.324906405
13_18442742,13,53.041044,0.333604285
18_25163018,13,53.324045,0.366790794
c13.loc54,13,54,0.250932413
13_18443304,13,54.839046,0.128618485
c13.loc55,13,55,0.130982502
c13.loc56,13,56,0.140758152
c13.loc57,13,57,0.139643597
13_18015965,13,57.564047,0.134367138
c13.loc58,13,58,0.126686643
c13.loc59,13,59,0.10792299
c13.loc60,13,60,0.088293674
c13.loc61,13,61,0.068735137
c13.loc62,13,62,0.050310174
c13.loc63,13,63,0.034032475
c13.loc64,13,64,0.020686327
c13.loc65,13,65,0.01070495
2_16557251,13,65.853048,0.00490806
14_788160,14,0,0.219635577
c14.loc1,14,1,0.176803171
14_789628,14,1.537001,0.153712976
c14.loc2,14,2,0.164072999
c14.loc3,14,3,0.191762589
c14.loc4,14,4,0.228385891
c14.loc5,14,5,0.275018095
c14.loc6,14,6,0.32612385
c14.loc7,14,7,0.357786279
c14.loc8,14,8,0.330411731
c14.loc9,14,9,0.243810369
c14.loc10,14,10,0.151382057
c14.loc11,14,11,0.086283537
c14.loc12,14,12,0.047527099
c14.loc13,14,13,0.025646291
c14.loc14,14,14,0.013434192
14_2427325,14,14.074002,0.012789587
c14.loc15,14,15,0.012362754
c14.loc16,14,16,0.011861031
c14.loc17,14,17,0.011317745
c14.loc18,14,18,0.010734436
c14.loc19,14,19,0.010113886
c14.loc20,14,20,0.00946022
c14.loc21,14,21,0.008778943
c14.loc22,14,22,0.008076877
c14.loc23,14,23,0.007362009
c14.loc24,14,24,0.00664323
c14.loc25,14,25,0.005929988
c14.loc26,14,26,0.005231873
c14.loc27,14,27,0.004558171
c14.loc28,14,28,0.003917434
c14.loc29,14,29,0.003317106
c14.loc30,14,30,0.002763225
c14.loc31,14,31,0.002260255
c14.loc32,14,32,0.001811016
c14.loc33,14,33,0.001416733
c14.loc34,14,34,0.001077177
c14.loc35,14,35,0.000790865
c14.loc36,14,36,0.000555301
c14.loc37,14,37,0.000367225
c14.loc38,14,38,0.000222859
c14.loc39,14,39,0.000118125
14_17769206,14,39.075003,0.000111808
c14.loc40,14,40,0.001056015
c14.loc41,14,41,0.015720166
c14.loc42,14,42,0.09563557
c14.loc43,14,43,0.138748793
c14.loc44,14,44,0.090079717
c14.loc45,14,45,0.063211299
14_21742023,14,45.530004,0.055035427
14_21640995,14,45.959005,0.0522277
c14.loc46,14,46,0.052023651
14_22044025,14,46.492006,0.04959258
14_22370251,14,46.984007,0.070031337
c14.loc47,14,47,0.07008041
14_22615934,14,47.397008,0.071260125
14_22624839,14,47.583009,0.064488895
c14.loc48,14,48,0.063997289
14_23172805,14,48.34001,0.063593051
14_22847911,14,48.346011,0.051185615
14_23019416,14,48.624012,0.051195794
14_22959921,14,48.664013,0.14743748
14_22894022,14,48.668014,0.109324871
14_22370253,14,48.668015,0.10935206
c14.loc49,14,49,0.114476983
14_23352956,14,49.522016,0.119858543
c14.loc50,14,50,0.094592672
c14.loc51,14,51,0.016851357
14_23880342,14,51.954017,0.297351879
c14.loc52,14,52,0.023232803
14_23909249,14,52.294018,0.234010288
14_24204390,14,52.970019,0.205592041
c14.loc53,14,53,0.206762713
14_24890333,14,53.40702,0.218845141
14_25272508,14,53.890021,0.218794919
c14.loc54,14,54,0.763373693
14_25092532,14,54.058022,0.577691335
c14.loc55,14,55,0.626626767
c14.loc56,14,56,0.676423095
c14.loc57,14,57,0.714721856
c14.loc58,14,58,0.727852221
c14.loc59,14,59,0.702140777
c14.loc60,14,60,0.632915076
c14.loc61,14,61,0.531006319
c14.loc62,14,62,0.417767039
c14.loc63,14,63,0.31269998
c14.loc64,14,64,0.226043434
c14.loc65,14,65,0.15961761
c14.loc66,14,66,0.110844247
c14.loc67,14,67,0.075890061
c14.loc68,14,68,0.05118119
c14.loc69,14,69,0.033870123
c14.loc70,14,70,0.021841236
c14.loc71,14,71,0.013572627
18_8615788,14,71.003023,0.013552349
c14.loc72,14,72,0.022420019
c14.loc73,14,73,0.034266902
c14.loc74,14,74,0.049424315
c14.loc75,14,75,0.068178451
c14.loc76,14,76,0.09069921
c14.loc77,14,77,0.116988885
c14.loc78,14,78,0.14683647
c14.loc79,14,79,0.179789094
c14.loc80,14,80,0.215152095
c14.loc81,14,81,0.252025189
c14.loc82,14,82,0.289374051
c14.loc83,14,83,0.326126789
c14.loc84,14,84,0.361277137
c14.loc85,14,85,0.393974114
c14.loc86,14,86,0.423582367
c14.loc87,14,87,0.449706371
c14.loc88,14,88,0.472181033
c14.loc89,14,89,0.491037905
c14.loc90,14,90,0.506458571
c14.loc91,14,91,0.518725606
18_30394020,14,91.276024,0.521580942
15_584182,15,0,0.0058964
c15.loc1,15,1,0.00819913
c15.loc2,15,2,0.010257474
15_1295408,15,2.488001,0.011033739
c15.loc3,15,3,0.019573573
7_24118155,15,3.559002,0.030834258
11_9111461,15,3.831003,0.01568971
c15.loc4,15,4,0.017207724
7_24118186,15,4.179004,0.018886808
7_24118142,15,4.427005,0.045380476
7_24118140,15,4.519006,0.044607936
1_2235327,15,4.791007,0.014221945
15_623717,15,4.910008,0.012780218
c15.loc5,15,5,0.011662076
15_1566689,15,5.063009,0.010748098
1_18231603,15,5.61601,0.013191653
c15.loc6,15,6,0.008519971
15_8526421,15,6.979011,0.000677569
c15.loc7,15,7,0.000319378
4_2353337,15,7.420012,0.083940212
15_8116244,15,7.775013,0.08536973
15_8116687,15,7.901014,0.060141254
c15.loc8,15,8,0.062463874
3_20635769,15,8.459015,0.049210296
c15.loc9,15,9,0.045734736
15_10755949,15,9.567016,0.041915087
15_10442826,15,9.768017,0.014649863
15_10756104,15,9.911018,0.014650831
15_10186090,15,9.925019,0.01356607
15_10186035,15,9.92602,0.014234739
c15.loc10,15,10,0.016847328
15_10186056,15,10.069021,0.019455722
c15.loc11,15,11,0.024617791
15_11136572,15,11.487022,0.030221339
15_11421756,15,11.743023,0.020016438
c15.loc12,15,12,0.018689264
c15.loc13,15,13,0.013729405
c15.loc14,15,14,0.00933245
c15.loc15,15,15,0.00569414
c15.loc16,15,16,0.00294012
15_12062802,15,16.257024,0.002386032
c15.loc17,15,17,0.001257831
c15.loc18,15,18,0.000273521
c15.loc19,15,19,6.03E-06
15_12895307,15,19.324025,7.08E-05
c15.loc20,15,20,0.00234867
c15.loc21,15,21,0.01816293
c15.loc22,15,22,0.04912328
c15.loc23,15,23,0.094275054
c15.loc24,15,24,0.151358701
15_14533795,15,24.363026,0.174279831
c15.loc25,15,25,0.003770278
c15.loc26,15,26,0.508071623
15_14731292,15,26.099027,0.492711862
c15.loc27,15,27,0.96154452
15_14731291,15,27.287028,1.102607561
15_14769191,15,27.967029,0.207021432
c15.loc28,15,28,0.206065889
c15.loc29,15,29,0.176967489
c15.loc30,15,30,0.148624943
c15.loc31,15,31,0.121679616
15_15021372,15,31.78603,0.101909661
15_15021617,15,31.842031,0.23589126
15_15021352,15,31.964032,0.235864381
c15.loc32,15,32,0.235452964
15_15021354,15,32.075033,0.234559275
15_15178910,15,32.957034,0.120698552
c15.loc33,15,33,0.118654502
c15.loc34,15,34,0.059344554
c15.loc35,15,35,0.000215442
c15.loc36,15,36,0.237687502
15_16029159,15,36.631035,0.541815516
15_16040730,15,36.890036,0.106231949
c15.loc37,15,37,0.105006717
c15.loc38,15,38,0.084487547
c15.loc39,15,39,0.040296339
c15.loc40,15,40,0.001804251
c15.loc41,15,41,0.009561562
c15.loc42,15,42,0.031725761
c15.loc43,15,43,0.048901921
15_17244726,15,43.719037,0.057626469
c15.loc44,15,44,0.07831607
c15.loc45,15,45,0.176780665
c15.loc46,15,46,0.293469018
15_17070863,15,46.208038,0.316792496
c15.loc47,15,47,0.099587749
15_17483645,15,47.737039,0.130014538
c15.loc48,15,48,0.145479957
c15.loc49,15,49,0.202677924
15_17430418,15,49.18604,0.212155247
c15.loc50,15,50,0.145777682
15_17643598,15,50.158041,0.079556896
15_17988326,15,50.814042,0.225208605
c15.loc51,15,51,0.199196451
15_18026300,15,51.384043,0.149568506
c15.loc52,15,52,0.115641427
15_18206886,15,52.371044,0.095348077
c15.loc53,15,53,0.103574759
15_18370664,15,53.820045,0.113047353
c15.loc54,15,54,0.098761288
c15.loc55,15,55,0.50181923
c15.loc56,15,56,0.316302967
15_18517444,15,56.095046,0.30697555
c15.loc57,15,57,0.290955161
15_18608900,15,57.354047,0.279692924
c15.loc58,15,58,0.26517658
c15.loc59,15,59,0.242553278
15_18878924,15,59.369048,0.234274775
15_18842271,15,59.466049,0.000374584
c15.loc60,15,60,1.97E-05
c15.loc61,15,61,0.001542109
c15.loc62,15,62,0.004110537
15_20179402,15,62.77305,0.006159574
c15.loc63,15,63,0.01633324
15_9531842,15,63.189051,0.049914018
15_20179424,15,63.395052,0.05277107
15_20170942,15,63.557053,0.041892486
15_20030090,15,63.742054,0.04140514
c15.loc64,15,64,0.035263751
c15.loc65,15,65,0.015199357
15_19735466,15,65.515055,0.007968514
16_157517,16,0,0.04050244
16_455568,16,0.578001,0.004126631
c16.loc1,16,1,0.00621997
c16.loc2,16,2,0.016580414
c16.loc3,16,3,0.018659387
16_1261805,16,3.022002,0.018444606
16_1333864,16,3.279003,0.006845576
c16.loc4,16,4,0.000244842
c16.loc5,16,5,0.028638833
16_1892455,16,5.424004,0.053322823
16_1746297,16,5.795005,0.009524561
c16.loc6,16,6,11.52805994
16_1892475,16,6.543006,10.71646802
16_1969901,16,6.682007,5.706560585
16_2379655,16,6.933008,5.760125197
c16.loc7,16,7,4.122466976
16_2385727,16,7.285009,8.765904378
16_2379703,16,7.32501,8.729471165
c16.loc8,16,8,11.0138296
16_2745439,16,8.433011,13.77410225
c16.loc9,16,9,14.11181701
c16.loc10,16,10,14.47388006
16_2848590,16,10.912012,14.52713801
c16.loc11,16,11,14.58342848
c16.loc12,16,12,15.00393183
16_6132138,16,12.950013,14.98383469
c16.loc13,16,13,14.98976462
12_9628169,16,13.671014,5.887734046
c16.loc14,16,14,0.038035211
16_6692998,16,14.077015,1.090160146
16_7987236,16,14.660016,14.60765217
16_8000271,16,14.750017,14.72389805
16_7987237,16,14.755018,13.76480899
c16.loc15,16,15,13.8382552
16_8286852,16,15.056019,13.81822243
16_8826314,16,15.74402,13.70561872
16_8826303,16,15.744021,13.70561611
16_12759313,16,15.745022,13.7053854
c16.loc16,16,16,0.064810936
16_13270028,16,16.266023,0.358030091
16_12991446,16,16.277024,0.19223159
18_2673641,16,16.277025,0.19223165
16_12991399,16,16.911026,0.035855284
c16.loc17,16,17,0.035372013
c16.loc18,16,18,0.028410677
c16.loc19,16,19,0.020176356
c16.loc20,16,20,0.012800758
c16.loc21,16,21,0.007367392
16_14618393,16,21.251027,0.006328204
c16.loc22,16,22,0.00117323
c16.loc23,16,23,0.032922498
14_29773707,16,23.107028,0.038381869
16_15267213,16,23.379029,0.84937935
16_15782111,16,23.69203,0.882210311
c16.loc24,16,24,0.849598135
16_15758000,16,24.492031,0.108865131
c16.loc25,16,25,0.279074016
c16.loc26,16,26,0.045138647
16_16104084,16,26.178032,0.033721828
16_16131634,16,26.306033,0.051358636
c16.loc27,16,27,0.014846457
16_16802809,16,27.775034,0.025590646
c16.loc28,16,28,0.058159255
16_16925966,16,28.119035,0.079598058
16_16473163,16,28.148036,0.056420123
16_16925729,16,28.414037,0.078789969
16_16501694,16,28.474038,0.105253477
c16.loc29,16,29,0.112286921
c16.loc30,16,30,0.125681876
c16.loc31,16,31,0.138656409
c16.loc32,16,32,0.150782299
c16.loc33,16,33,0.161682859
c16.loc34,16,34,0.171071996
c16.loc35,16,35,0.178777463
c16.loc36,16,36,0.184744906
c16.loc37,16,37,0.189024812
c16.loc38,16,38,0.191748233
c16.loc39,16,39,0.193098301
c16.loc40,16,40,0.193283358
c16.loc41,16,41,0.192515278
16_19163230,16,41.017039,0.192495322
c16.loc42,16,42,0.265078252
c16.loc43,16,43,0.339151849
16_19341592,16,43.83004,0.394628495
c16.loc44,16,44,0.397941489
c16.loc45,16,45,0.415536737
c16.loc46,16,46,0.428705387
c16.loc47,16,47,0.436370025
c16.loc48,16,48,0.437833007
c16.loc49,16,49,0.432921187
c16.loc50,16,50,0.422026015
c16.loc51,16,51,0.406023145
c16.loc52,16,52,0.38610139
16_22011457,16,52.773041,0.368879473
c16.loc53,16,53,0.415723766
16_22011402,16,53.542042,0.500659507
c16.loc54,16,54,0.499599831
c16.loc55,16,55,0.369218596
c16.loc56,16,56,0.141577319
c16.loc57,16,57,0.35119019
16_22941421,16,57.416043,0.37895047
c16.loc58,16,58,0.287583594
16_22799541,16,58.701044,0.189683914
c16.loc59,16,59,0.168973411
16_22866474,16,59.923045,0.212044241
c16.loc60,16,60,0.214634343
16_22987098,16,60.148046,0.219536891
16_22920672,16,60.265047,0.339306524
16_23083281,16,60.265048,0.339306347
16_23165275,16,60.270049,0.344891167
16_23286165,16,60.43805,0.305128703
16_22904679,16,60.587051,0.193973494
c16.loc61,16,61,0.179158659
16_22941350,16,61.124052,0.173035393
c16.loc62,16,62,0.060889005
c16.loc63,16,63,0.274379052
16_22788989,16,63.383053,0.279063394
c16.loc64,16,64,0.172335899
c16.loc65,16,65,0.133784212
c16.loc66,16,66,0.278863138
16_22831506,16,66.068054,0.282011216
17_1417093,17,0,0.007899235
17_1438660,17,0.736001,0.066384039
c17.loc1,17,1,0.069386856
c17.loc2,17,2,0.081037902
c17.loc3,17,3,0.09272318
17_1975198,17,3.267002,0.095780366
c17.loc4,17,4,0.346666291
17_2342835,17,4.358003,0.208439796
c17.loc5,17,5,0.224976338
c17.loc6,17,6,0.009240264
c17.loc7,17,7,0.080161776
17_3203160,17,7.475004,0.094549138
c17.loc8,17,8,0.077729362
17_3203223,17,8.104005,0.074202405
c17.loc9,17,9,0.067789814
c17.loc10,17,10,0.056336147
17_3342329,17,10.445006,0.050346734
c17.loc11,17,11,0.088640217
17_3326415,17,11.061007,0.087171252
c17.loc12,17,12,0.08261989
c17.loc13,17,13,0.076990115
c17.loc14,17,14,0.070660082
c17.loc15,17,15,0.063794242
c17.loc16,17,16,0.056603657
c17.loc17,17,17,0.049324732
c17.loc18,17,18,0.042193275
c17.loc19,17,19,0.035419668
c17.loc20,17,20,0.029170331
17_4680459,17,20.807008,0.024596594
c17.loc21,17,21,0.019663513
17_4662348,17,21.991009,0.0005639
c17.loc22,17,22,7.76E-07
17_4705953,17,22.26201,0.125568327
17_4956753,17,22.973011,0.113180859
c17.loc23,17,23,0.113181127
17_4956656,17,23.462012,0.113185726
17_5274825,17,23.999013,0.210815154
c17.loc24,17,24,0.210842633
c17.loc25,17,25,0.250805769
c17.loc26,17,26,0.317003355
c17.loc27,17,27,0.079807099
c17.loc28,17,28,0.00814253
c17.loc29,17,29,0.041739942
17_6070934,17,29.432014,0.052371266
c17.loc30,17,30,0.058122856
17_6188141,17,30.201015,0.060211487
17_6188116,17,30.465016,0.103818148
c17.loc31,17,31,0.102949646
c17.loc32,17,32,0.10011421
17_6321831,17,32.368017,0.098696049
17_6321866,17,32.614018,0.001787702
c17.loc33,17,33,0.027699975
c17.loc34,17,34,0.302213917
c17.loc35,17,35,0.699479085
c17.loc36,17,36,0.8672652
c17.loc37,17,37,0.877186196
c17.loc38,17,38,0.844210287
c17.loc39,17,39,0.806769332
9_5597458,17,39.159019,0.8012009
c17.loc40,17,40,0.732589424
c17.loc41,17,41,0.032891315
17_8037279,17,41.95302,0.171873167
c17.loc42,17,42,0.173091772
c17.loc43,17,43,0.000289864
17_7638933,17,43.723021,0.044673249
c17.loc44,17,44,0.045825164
17_8305398,17,44.285022,0.046974754
17_8072555,17,44.343023,0.01719847
c17.loc45,17,45,0.006324836
c17.loc46,17,46,3.96E-05
c17.loc47,17,47,0.003378184
c17.loc48,17,48,0.012797763
c17.loc49,17,49,0.025384565
c17.loc50,17,50,0.039146212
c17.loc51,17,51,0.052882786
c17.loc52,17,52,0.065949164
c17.loc53,17,53,0.078046934
17_11143956,17,53.378024,0.08231752
c17.loc54,17,54,0.022923772
14_1062270,17,54.089025,0.01697475
17_13853401,17,54.887026,0.160110637
c17.loc55,17,55,0.083834912
17_12823809,17,55.358027,0.014492576
17_14324035,17,55.358028,0.013873958
17_13830724,17,55.462029,0.008882338
17_11826776,17,55.50803,0.009295215
17_14473090,17,55.580031,0.023079431
17_11667467,17,55.882032,0.017819807
c17.loc56,17,56,0.018110008
17_11143952,17,56.445033,0.019220414
17_11116954,17,56.668034,0.021587969
17_11143079,17,56.828035,0.021893588
17_11302767,17,56.999036,0.022345342
c17.loc57,17,57,0.022344286
17_10742594,17,57.179037,0.022140896
17_10615072,17,57.910038,0.092089414
c17.loc58,17,58,0.088318539
17_10264975,17,58.783039,0.049900049
c17.loc59,17,59,0.000776262
17_10049130,17,59.18804,0.042183282
c17.loc60,17,60,0.067093273
17_10144584,17,60.101041,0.069989161
c17.loc61,17,61,0.057672784
c17.loc62,17,62,0.032125122
17_10144597,17,62.705042,0.050435647
c17.loc63,17,63,0.050535848
17_10144636,17,63.312043,0.050641966
18_324293,18,0,0.738023743
c18.loc1,18,1,0.706569846
18_579797,18,1.714001,0.681898853
c18.loc2,18,2,0.374303755
18_618487,18,2.075002,0.601169359
18_828637,18,2.680003,0.565252267
18_836242,18,2.832004,0.663439724
c18.loc3,18,3,0.666692029
18_1309328,18,3.807005,0.673247215
c18.loc4,18,4,0.667899658
18_1431949,18,4.479006,0.648201955
c18.loc5,18,5,0.574066681
18_1494233,18,5.015007,0.571478683
c18.loc6,18,6,0.144491174
18_2127192,18,6.861008,0.368021105
c18.loc7,18,7,0.320904576
c18.loc8,18,8,0.285527743
18_2411542,18,8.767009,0.468445314
18_2451204,18,8.90401,0.446365749
c18.loc9,18,9,0.441785243
c18.loc10,18,10,0.337237711
c18.loc11,18,11,0.021541972
c18.loc12,18,12,0.538215146
c18.loc13,18,13,0.56154635
18_3204282,18,13.118011,0.561281536
c18.loc14,18,14,0.60938552
18_3434842,18,14.000012,0.609385912
c18.loc15,18,15,0.628416061
18_3969218,18,15.756013,0.637720734
18_3929237,18,15.756014,0.637723376
c18.loc16,18,16,0.635372963
c18.loc17,18,17,0.47894004
c18.loc18,18,18,0.005215985
18_4242136,18,18.954015,0.136538625
18_4242113,18,18.954016,0.136535353
c18.loc19,18,19,0.144888707
18_4722205,18,19.627017,0.238156286
18_4745279,18,19.808018,0.508741505
c18.loc20,18,20,0.211464845
c18.loc21,18,21,0.106506872
c18.loc22,18,22,0.32293513
18_5579688,18,22.326019,0.371717679
18_5497681,18,22.32702,0.371717702
c18.loc23,18,23,0.384258243
18_5751362,18,23.249021,0.383103947
18_5751342,18,23.249022,0.381437495
18_5772976,18,23.417023,0.378817531
18_6314445,18,23.894024,0.009910814
c18.loc24,18,24,0.002178636
18_6217818,18,24.107025,2.33E-07
18_6314471,18,24.110026,0.003420453
18_6012747,18,24.120027,0.002574181
c18.loc25,18,25,0.054406494
c18.loc26,18,26,0.403804159
c18.loc27,18,27,0.289093348
18_6960348,18,27.981028,0.174737552
c18.loc28,18,28,0.175672909
c18.loc29,18,29,0.265559365
c18.loc30,18,30,0.582665331
c18.loc31,18,31,0.042564973
c18.loc32,18,32,0.002478634
18_7537686,18,32.246029,0.005845112
c18.loc33,18,33,0.054534949
18_7985014,18,33.86303,0.001996798
c18.loc34,18,34,0.003839578
18_8085976,18,34.900031,0.0288908
c18.loc35,18,35,0.027624719
18_8277038,18,35.488032,0.021428488
c18.loc36,18,36,0.312835401
18_8194661,18,36.283033,0.056565835
c18.loc37,18,37,0.034179069
c18.loc38,18,38,0.010990553
c18.loc39,18,39,0.000555677
18_8777894,18,39.091034,0.000269107
18_9346614,18,39.463035,0.000115885
18_8699674,18,39.861036,0.011163162
c18.loc40,18,40,0.011597859
c18.loc41,18,41,0.019408018
c18.loc42,18,42,0.005377004
c18.loc43,18,43,0.001155754
18_10047642,18,43.559037,0.002234293
c18.loc44,18,44,0.005389629
c18.loc45,18,45,0.017698785
c18.loc46,18,46,0.036020882
18_10262453,18,46.238038,0.040979496
c18.loc47,18,47,0.065499061
c18.loc48,18,48,0.017292986
c18.loc49,18,49,0.002819895
18_11386975,18,49.145039,0.003741176
c18.loc50,18,50,0.004381717
c18.loc51,18,51,0.005073125
18_11630980,18,51.32804,0.005274933
c18.loc52,18,52,0.014902169
18_11898340,18,52.805041,0.031441655
c18.loc53,18,53,0.013895103
18_12003070,18,53.304042,0.031565957
c18.loc54,18,54,0.053789565
c18.loc55,18,55,0.094618908
18_12438733,18,55.037043,0.096287852
18_12534875,18,55.600044,0.150335788
c18.loc56,18,56,0.134960334
c18.loc57,18,57,0.097301169
18_13366020,18,57.269045,0.087817519
18_12964756,18,57.291046,0.053671498
18_12996420,18,57.914047,0.038435452
c18.loc58,18,58,0.039289824
c18.loc59,18,59,0.056119984
c18.loc60,18,60,0.077158332
c18.loc61,18,61,0.00530402
c18.loc62,18,62,0.000703939
18_14371273,18,62.355048,0.001818471
c18.loc63,18,63,0.012617219
c18.loc64,18,64,0.163694353
c18.loc65,18,65,0.383907923
c18.loc66,18,66,0.14607795
18_18139384,18,66.752049,0.095190234
c18.loc67,18,67,0.090596023
c18.loc68,18,68,0.05730698
c18.loc69,18,69,0.000987985
c18.loc70,18,70,0.069231768
c18.loc71,18,71,0.119471881
18_21230127,18,71.50805,0.127469291
c18.loc72,18,72,0.052269941
c18.loc73,18,73,0.194113891
18_21334642,18,73.284051,0.19525684
c18.loc74,18,74,0.210539678
18_22194501,18,74.760052,0.222056608
18_22297665,18,74.990053,0.224342628
c18.loc75,18,75,0.227274523
18_22203144,18,75.176054,0.277421518
c18.loc76,18,76,0.69319865
c18.loc77,18,77,0.047419745
18_22644155,18,77.091055,0.054644456
c18.loc78,18,78,0.129778713
18_22988807,18,78.043056,0.133844049
c18.loc79,18,79,0.18258934
c18.loc80,18,80,0.237445067
18_23783676,18,80.217057,0.24944873
5_19945775,18,80.849058,0.119446357
c18.loc81,18,81,0.114395654
18_25133870,18,81.529059,0.094988475
c18.loc82,18,82,0.0533647
c18.loc83,18,83,0.150339676
18_26379096,18,83.07106,0.148241651
18_26379031,18,83.256061,0.121098883
18_26379028,18,83.360062,0.133954475
4_5602625,18,83.360063,0.135219689
c18.loc84,18,84,0.226081747
18_7980299,18,84.058064,0.234993801
11_13522588,18,84.058065,0.23631311
18_27884812,18,84.325066,0.278327723
c18.loc85,18,85,0.350680897
c18.loc86,18,86,0.457330803
c18.loc87,18,87,0.541838917
18_30104235,18,87.161067,0.552049051
18_30236055,18,87.747068,0.150762659
c18.loc88,18,88,0.225267474
18_30633102,18,88.059069,0.24308144
18_30983069,18,88.28407,0.243090591
18_31643827,18,88.522071,0.263410444
18_31196694,18,88.684072,0.261258229
c18.loc89,18,89,0.245160127
c18.loc90,18,90,0.105772667
18_31624802,18,90.973073,0.328082437
c18.loc91,18,91,0.323638523
c18.loc92,18,92,0.084494962
c18.loc93,18,93,0.438085653
c18.loc94,18,94,1.125096244
18_33541595,18,94.293074,1.105384392
18_34196269,18,94.924075,0.82430174
c18.loc95,18,95,0.80631708
c18.loc96,18,96,0.188902586
c18.loc97,18,97,0.194073479
c18.loc98,18,98,0.516951783
18_32916101,18,98.432076,0.587275861
c18.loc99,18,99,0.569166224
c18.loc100,18,100,0.529927907
c18.loc101,18,101,0.481746489
c18.loc102,18,102,0.425932684
c18.loc103,18,103,0.364928358
c18.loc104,18,104,0.302024484
c18.loc105,18,105,0.240795493
c18.loc106,18,106,0.184439513
c18.loc107,18,107,0.1352664
c18.loc108,18,108,0.094485943
10_20190838,18,108.923077,0.064493397
19_276443,19,0,0.740176926
19_136813,19,0.059001,0.322061824
19_311288,19,0.363002,0.317103955
19_373464,19,0.750003,0.317276316
19_373415,19,0.825004,0.317274046
c19.loc1,19,1,0.291366203
c19.loc2,19,2,0.423067758
19_977527,19,2.125005,0.418390992
19_975503,19,2.182006,0.415632129
19_802793,19,2.370007,0.437741437
c19.loc3,19,3,0.419458885
19_1064690,19,3.269008,0.411130018
c19.loc4,19,4,0.433757059
c19.loc5,19,5,0.463825851
c19.loc6,19,6,0.492184137
c19.loc7,19,7,0.518227123
19_1480246,19,7.027009,0.51888691
19_1680291,19,7.38001,0.754070325
19_1647097,19,7.653011,0.770627252
c19.loc8,19,8,0.731536092
19_2254968,19,8.517012,0.646499825
c19.loc9,19,9,0.904692261
19_2254967,19,9.044013,0.928859757
19_2485359,19,9.913014,0.528218254
c19.loc10,19,10,0.517321002
c19.loc11,19,11,0.192794934
c19.loc12,19,12,0.685167245
19_2620424,19,12.826015,0.795659684
c19.loc13,19,13,0.647607165
14_7861478,19,13.498016,0.385320754
19_2950525,19,13.768017,0.35423346
19_2858461,19,13.770018,0.296623598
19_2700589,19,13.775019,0.29677722
19_2893225,19,13.77502,0.296771201
c19.loc14,19,14,0.303720295
19_3118561,19,14.861021,0.330862165
c19.loc15,19,15,0.324467012
c19.loc16,19,16,0.276530192
c19.loc17,19,17,0.227779819
19_3521182,19,17.618022,0.198515245
c19.loc18,19,18,0.188868532
c19.loc19,19,19,0.162125442
19_3825228,19,19.023023,0.161501679
19_3856362,19,19.391024,0.385619141
c19.loc20,19,20,0.219249627
19_4169366,19,20.221025,0.190811502
c19.loc21,19,21,0.280685938
19_4470797,19,21.199026,0.304074565
c19.loc22,19,22,0.229130983
19_4595419,19,22.063027,0.220481886
19_4808939,19,22.633028,0.424016629
c19.loc23,19,23,0.404418668
c19.loc24,19,24,0.123671545
c19.loc25,19,25,0.063282302
19_5258336,19,25.586029,0.155555646
c19.loc26,19,26,0.70184264
19_5231343,19,26.18703,0.619996511
c19.loc27,19,27,0.55295695
c19.loc28,19,28,0.456177651
19_5427713,19,28.034031,0.45277872
19_5544664,19,28.318032,0.512599869
19_5641219,19,28.359033,0.50746083
19_5641220,19,28.456034,0.50145623
19_5641192,19,28.482035,0.500613311
c19.loc29,19,29,0.494315337
c19.loc30,19,30,0.471309427
19_5920926,19,30.103036,0.468225915
19_5994593,19,30.376037,0.434501181
19_6156679,19,30.516038,0.48640571
19_6179023,19,30.983039,0.463570907
c19.loc31,19,31,0.465304365
19_6246524,19,31.34504,0.481066606
19_6294575,19,31.486041,0.525790733
c19.loc32,19,32,1.071989847
19_6523035,19,32.687042,0.239582717
c19.loc33,19,33,0.21773284
19_6680681,19,33.702043,0.170508186
c19.loc34,19,34,0.176692191
19_6813931,19,34.998044,0.19008407
c19.loc35,19,35,0.19008321
c19.loc36,19,36,0.070699737
19_6943573,19,36.134045,0.029086646
19_7230123,19,36.634046,0.063001573
c19.loc37,19,37,0.054535308
19_7199434,19,37.912047,0.031514653
c19.loc38,19,38,0.030645683
c19.loc39,19,39,0.003146514
19_7518191,19,39.505048,0.045633186
c19.loc40,19,40,0.178835412
19_7471962,19,40.218049,0.248029186
19_7471904,19,40.28705,0.32437349
19_7443849,19,40.287051,0.336844047
19_7785608,19,40.647052,0.365864047
c19.loc41,19,41,0.666156636
19_7844158,19,41.435053,0.480824754
6_16319086,19,41.695054,0.494391019
19_7844116,19,41.798055,0.090435789
19_7836361,19,41.962056,0.091691603
c19.loc42,19,42,0.0942201
c19.loc43,19,43,0.007013399
19_8705749,19,43.297057,0.022010839
c19.loc44,19,44,0.030095565
c19.loc45,19,45,0.043546896
c19.loc46,19,46,0.058671422
19_9663426,19,46.868058,0.072508854
c19.loc47,19,47,0.076924087
c19.loc48,19,48,0.126529972
c19.loc49,19,49,0.013242533
19_10529799,19,49.101059,0.015090442
19_10665441,19,49.23506,0.024064673
c19.loc50,19,50,0.13878054
19_11545366,19,50.303061,0.037101845
18_26865534,19,50.739062,0.004224952
19_17019728,19,50.938063,0.004913526
c19.loc51,19,51,0.01090197
19_17018490,19,51.367064,0.071063034
19_17018516,19,51.616065,0.088368455
c19.loc52,19,52,0.10979683
c19.loc53,19,53,0.239156639
19_18512448,19,53.440066,0.323760979
18_21436418,19,53.724067,0.02103675
c19.loc54,19,54,0.011517735
11_14759071,19,54.246068,0.005345344
14_3753753,19,54.767069,0.011877398
c19.loc55,19,55,6.92E-05
5_9904142,19,55.03707,1.37E-05
c19.loc56,19,56,0.027624156
12_17420694,19,56.008071,0.028088692
19_21023274,19,56.868072,0.00481932
c19.loc57,19,57,0.005808203
19_21176547,19,57.262073,0.008024403
c19.loc58,19,58,0.045923951
19_23616892,19,58.742074,0.111476616
c19.loc59,19,59,0.106149725
19_23864743,19,59.929075,0.084582273
c19.loc60,19,60,0.04601788
19_24491792,19,60.372076,0.531777767
c19.loc61,19,61,0.213058308
15_6360233,19,61.470077,0.11787016
