IVNO,genus_species,B11,Na23,Mg26,Al27,P31,S34,K39,Ca44,Fe54,Mn55,Co59,Ni60,Cu63,Zn66,As75,Rb85,Sr88,Mo98,Cd111
318684,Vitis_acerifolia,91.82872738,79.43602165,1912.748061,5.882494867,3371.07036,2574.70672,9940.165174,14466.39822,78.71280012,438.453718,0.182501749,0.579481069,27.98308763,78.41356109,0.006585143,4.862208748,22.39168315,0.413513579,0.023319086
588141,Vitis_acerifolia,58.20602176,40.65257977,1566.902969,5.856940141,3544.08132,2189.611721,9653.263267,8230.55057,54.14381486,236.2126671,0.091405792,0.244902997,23.98394366,54.92309501,0.009039899,2.714894673,13.82409929,0.304084047,0.020963084
588646,Vitis_acerifolia,63.90144939,57.63608651,2274.547638,6.819170062,5495.366871,2614.728325,13967.89758,12394.6114,55.2496616,259.6902364,0.086835084,0.519296556,41.15356857,58.57507285,0.004803139,2.461506174,14.48861994,0.401304275,0.06851824
588378,Vitis_acerifolia,72.83957327,72.56335702,1190.390687,5.091528431,3078.075354,1765.972055,7978.4108,6200.788479,41.96787313,319.1732607,0.111686803,0.236067926,14.94978157,70.74757402,0.009074974,2.569613638,6.336152865,0.178759884,0.015921996
1583,Vitis_acerifolia,66.85064792,34.50811178,2073.380089,8.013733899,5045.403214,2840.104738,10526.67726,8710.188433,50.25605212,329.6463036,0.132228953,0.490120361,69.0278815,74.56196348,0.017069203,2.16931186,9.09821252,0.101519047,0.024884464
588459,Vitis_acerifolia,83.47371064,62.10617216,1351.389081,6.09328897,2804.050119,2538.942315,10562.89123,8610.542365,66.69559057,349.5399646,0.169621936,0.401278664,28.38502321,75.16108763,0.004986316,5.604253038,8.842249777,0.443254517,0.020659605
588448,Vitis_acerifolia,53.07686778,35.15264308,1323.182972,6.081406566,5176.050614,2275.388272,10183.87247,12944.84939,51.41261086,255.6353867,0.091549533,0.233493009,30.53909062,56.6038963,0.004564735,3.997850103,12.68156765,0.306731422,0.033728486
588144,Vitis_acerifolia,56.18584076,60.20424343,1112.413445,8.337840403,4137.543567,1955.46454,11905.18301,7398.509371,26.18536189,231.4732543,0.087363302,0.199151816,21.14399655,60.77209416,0.007968962,5.137632617,6.716987176,0.318212292,0.014496944
588325,Vitis_acerifolia,46.75581553,81.06714259,1232.338474,6.879284527,3755.011565,2191.161631,13501.09137,6293.469535,38.76209187,320.0816652,0.12398189,0.257177846,20.2655417,70.6448398,0.009361044,4.680314465,6.786861154,0.267174465,0.022915881
588393,Vitis_acerifolia,62.65807152,115.180427,1288.766264,8.833836394,4360.74561,2494.736935,13498.67272,8514.843025,67.81151714,399.0752809,0.149547925,0.27944897,20.0008331,67.55747783,0.010668463,5.529679196,13.43727179,0.393369141,0.012188515
588324,Vitis_acerifolia,63.31203244,69.05056875,1264.015801,5.44715951,3951.544634,1883.052625,11168.01026,7144.590752,38.87935708,259.5798574,0.097468231,0.213492013,22.05820154,57.13984036,0.006561374,1.970782755,13.92359885,0.314160756,0.008990759
588442,Vitis_acerifolia,105.1160522,95.11428079,1021.285949,6.066182356,2633.712735,1436.040661,10017.21917,7344.607401,59.59302889,277.5252671,0.107107684,0.278195389,20.82664137,136.8905504,0.008535676,2.678056634,8.870846172,0.357215628,0.027813612
237621,Vitis_aestivalis,71.87349385,45.22903277,1603.546242,8.159919594,4393.409341,2711.498166,13767.93049,9717.877932,64.50716906,307.7186642,0.128909356,0.373840641,58.6936289,67.03161834,0.009478355,2.295907381,11.7957517,0.557182035,0.033418537
588677,Vitis_aestivalis,72.88227542,122.3658932,2292.764998,7.836160484,5635.994827,3378.717882,14987.08229,12600.28993,67.35440563,456.3218706,0.21128524,1.209762889,110.6168662,95.42371256,0.02223058,4.048935131,15.07766237,0.105839245,0.028504664
483143,Vitis_aestivalis,72.12981082,38.26540629,2069.397212,7.536045363,4193.772751,2281.503959,9101.275592,10749.97866,62.30029482,179.8286617,0.082572424,0.558884369,45.73090454,73.87645842,0.014042672,1.02646228,12.4859198,0.064029279,0.048779451
588626,Vitis_aestivalis,53.03813623,71.88974067,1093.294211,8.732758374,4342.121917,1904.224498,15354.0556,7953.29944,47.62584567,412.2698757,0.14278819,0.552394453,45.91829475,92.47213689,0.0183212,1.795848706,9.149404561,0.2173221,0.039669791
483138,Vitis_aestivalis,74.31376049,87.31690356,1778.3748,10.45831177,4732.487345,2774.719967,12109.55412,10777.66884,31.00866123,419.1779127,0.158769552,0.788978984,54.94654811,114.7094792,0.006945985,2.35312121,12.59046471,0.040699563,0.078271879
483130,Vitis_aestivalis,60.84106972,39.62121265,2125.709321,7.897159021,5215.649556,2788.598849,11668.15254,12144.87918,40.55784883,185.0485323,0.079231401,0.333672455,63.15715397,76.41358848,0.008009374,1.538147865,16.86599403,0.044831226,0.044140849
588199,Vitis_cinerea,135.5963819,247.354037,2899.076006,34.13983118,8001.357537,4063.417387,23984.95249,7637.784859,83.22021955,981.3262148,0.483105007,6.063470594,115.3786752,266.202852,0.072776585,16.67806875,7.428182496,0.306074624,0.037654555
588198,Vitis_cinerea,75.6160053,146.91271,2584.498737,11.48946118,6837.658995,3798.687464,17603.45818,10094.83999,74.04549705,412.4531804,0.257390384,1.526185567,76.8865897,110.8872936,0.010281561,6.410246412,14.08194963,0.676236725,0.025632043
588205,Vitis_cinerea,38.47781381,67.11022129,2132.286334,26.88091626,6626.689111,2375.067396,16438.67187,7902.634776,74.43316981,417.1548012,0.196843228,0.588266059,68.42937445,116.6124149,0.016085848,4.533410171,8.902794407,0.292822327,0.045991233
588200,Vitis_cinerea,135.9007668,267.4735444,2204.461159,138.2929643,6043.594046,3289.947415,14743.2708,11030.81351,76.39272722,370.983711,0.156268661,1.70272198,114.2879476,117.2428994,0.025177509,5.944547245,25.98987793,0.680430637,0.028458555
588186,Vitis_cinerea,100.7975852,114.1149183,1722.753289,12.78153166,7273.270354,4205.672885,17526.69139,14172.63812,64.15025855,564.3504159,0.218391916,1.245106185,130.2582301,132.9239786,0.015285464,2.369060674,17.38777108,2.056017856,0.050010628
588221,Vitis_cinerea,61.86328977,79.546963,1843.262828,14.76396987,5340.074226,4763.335797,9594.108316,20869.84355,74.43554779,664.9936823,0.260369875,1.114592139,100.1401398,145.7465697,0.013212321,1.102365786,22.24971765,2.538132737,0.070236649
588398,Vitis_cinerea,75.50450961,47.55456831,1953.506571,9.482507417,5067.438356,2453.139697,17398.48335,7291.269891,84.49127199,323.8589149,0.142409888,1.623132619,108.6617685,110.9872895,0.008541296,2.231305272,8.324750207,0.433751813,0.049052271
588218,Vitis_cinerea,148.1019989,209.68168,1648.758727,9.546046366,6630.905993,3052.25096,21014.12127,7999.73416,68.14061862,396.9946601,0.193542522,3.993645564,133.2740949,143.515412,0.017752107,5.618386146,7.527115708,1.497094571,0.055894133
588154,Vitis_cinerea,72.04533018,53.89623751,2418.67231,6.845230207,5929.695235,3176.740334,13643.03521,14651.01882,71.08695985,435.3061276,0.142220305,1.304498742,90.9122757,73.54695218,0.02240035,2.023240458,18.28306828,0.946497383,0.039563241
588356,Vitis_cinerea,192.1668887,209.8765636,1874.958079,20.79181685,7116.098531,3287.019887,17732.63684,9276.233646,79.01463336,779.1461632,0.334745407,2.589202461,121.5702029,150.9337698,0.016120395,3.398622281,7.633351538,0.341725878,0.05260942
588208,Vitis_cinerea,106.9024777,193.3786979,3350.167258,11.65287516,8888.987244,4113.366765,25203.9819,16690.55553,131.8196029,511.4983668,0.259259392,4.76988756,242.6283865,212.7441431,0.034964688,5.975816468,18.52852318,1.144002136,0.047408322
588197,Vitis_cinerea,75.23532052,106.2458827,2031.804793,11.69396828,5649.151073,2769.395036,19120.5466,7756.920164,82.30590127,416.6194973,0.201417162,2.753996634,65.37171806,101.4172711,0.008468129,3.215783607,6.900581816,1.170494946,0.032072219
588219,Vitis_cinerea,57.78404947,80.41541033,2771.742388,10.11199753,7288.330523,3852.677805,19388.33265,10838.85528,111.660534,605.2409811,0.261786818,3.329523089,112.243392,140.5115305,0.019029065,3.624997418,11.35654164,1.557458447,0.030789154
588217,Vitis_cinerea,60.37431811,35.97953648,2995.496303,7.24567991,3975.992191,2470.940214,9347.380184,18423.00681,56.13453942,294.7346481,0.108355551,0.320827425,50.19225811,46.90270294,0.009536218,1.578589285,22.37876934,0.827634301,0.014224936
588134,Vitis_cinerea,64.51712383,72.75138365,2238.246552,12.30610033,6468.795614,3461.138963,23960.14448,16101.74248,73.62886703,372.3314228,0.179614794,2.07141331,161.6190967,159.337211,0.023213551,2.046515879,18.77272466,1.232433141,0.045034991
588685,Vitis_cinerea,66.86798398,115.3312855,2162.541946,10.17963449,4262.462373,3789.909646,14605.91578,13269.86602,73.51177408,581.5785924,0.224681994,1.973487396,96.4984602,114.8865904,0.014213808,3.285661719,16.8003941,1.327940532,0.051453091
588575,Vitis_cinerea,57.48893105,55.81093226,2485.900813,10.73886978,6645.30566,2847.227281,15042.3393,10717.33797,69.25147437,438.7712399,0.244494843,2.055630202,106.9123612,111.4530982,0.018026335,2.169414337,11.62328362,2.670900204,0.07841742
588466,Vitis_cinerea,73.02082157,53.34319117,2141.76796,15.72805595,5774.863564,2841.825195,12640.95601,10965.60139,70.00375546,375.3647719,0.154603148,0.664811451,171.4882042,89.39777412,0.010069245,2.473506659,12.6991203,0.83329439,0.031303408
171,Vitis_cinerea,62.06690195,58.15302531,1419.958057,6.636970519,4836.164015,3448.651141,10429.14217,12623.35382,94.50756684,412.6163947,0.149079166,0.305129088,66.99234417,71.20221446,0.007862285,0.955552996,15.11661524,0.07628128,0.048612897
588678,Vitis_cinerea,83.94050279,42.11547701,1860.901013,17.39680893,5991.352952,2498.044564,14463.50177,8623.213032,45.24875194,468.3084223,0.19456546,2.048286092,119.0570202,95.99096891,0.009099414,2.940320779,8.809371259,1.472539144,0.034681184
597232,Vitis_cinerea,102.9748183,237.7586524,1415.138246,14.33408973,4650.787236,2008.277773,19620.09611,4721.118173,62.34243974,319.8814554,0.155166546,3.056189355,64.11170489,135.4319927,0.009363019,3.710014245,2.632807936,0.553735741,0.062167006
588460,Vitis_cinerea,75.01358224,67.78864805,2074.464398,10.56401784,6297.150172,2945.718748,12453.11468,13047.28309,59.69598452,300.3074695,0.177389964,1.600640533,115.8905345,105.4484669,0.010562458,4.898746505,14.69247542,0.764656313,0.030400974
588143,Vitis_cinerea,68.06986603,89.43088415,2425.612214,71.47252698,7475.625261,3847.094206,19609.57731,18619.64461,88.45059585,511.1629355,0.228257914,1.840141935,106.72502,131.5594488,0.014106795,3.091294196,18.90960621,1.227714755,0.056628663
588328,Vitis_cinerea,78.88668831,62.23488288,2751.237021,9.883483809,6311.67185,2647.410542,15041.01186,12985.9516,111.2984169,436.1527303,0.195196416,3.234824916,82.35187288,110.5120097,0.011347283,2.243284474,14.15714462,1.111412386,0.048426564
588329,Vitis_cinerea,70.18026208,146.9715784,1746.106332,27.71011438,5513.500573,3434.431977,19232.08634,7378.957931,59.21926213,1018.219999,0.364506927,4.049743696,90.0781895,151.9018121,0.021929113,3.009539007,6.900315192,0.498052725,0.039555778
588372,Vitis_cinerea,99.47541404,192.2054316,1703.960342,15.16199547,8350.835138,2411.577961,28250.98704,9618.412211,104.604327,205.6157556,0.096790069,1.706058858,134.0576837,73.44029397,0.008600617,2.57256299,10.48503494,0.937205707,0.036083864
588352,Vitis_cinerea,28.55530997,194.2147064,1779.735816,19.32791479,7168.006154,3198.42679,17019.4398,14526.28536,60.0511454,608.0370148,0.216037558,2.474801091,121.5039145,137.3315199,0.010545292,2.698692439,16.74181167,0.486150254,0.038429053
588220,Vitis_cinerea,98.19227625,109.7615238,3214.756306,8.552421584,7523.930533,3527.006007,14940.93727,16223.39609,100.2648221,464.8832159,0.20380022,1.665844298,113.9625611,109.8729896,0.006929154,3.15686089,28.38271328,1.045646558,0.030190985
588222,Vitis_cinerea,72.21954181,42.44746655,2411.924336,7.143196545,4744.816774,2886.524802,16728.58196,17463.63599,98.59629284,432.2206044,0.197694605,1.87032317,91.65673773,79.77087566,0.011155578,2.008140976,24.0650759,0.73239755,0.05349128
588173,Vitis_labrusca,87.47530392,80.37437729,2642.215587,10.01691278,5579.696638,3214.305989,16723.7138,8251.404561,47.77849487,328.5776893,0.178343799,1.026119689,87.30855467,102.3158305,0.02944153,3.405331592,8.299341364,0.049008015,0.04231173
588182,Vitis_labrusca,88.39594838,53.46013903,2522.89963,9.445219966,4008.869153,2718.122668,15209.5669,8734.608391,56.87563373,258.7569631,0.116646918,0.796253035,73.15619959,74.38219474,0.011417516,2.159620015,10.60014625,0.086700521,0.030475146
588165,Vitis_labrusca,61.80240713,132.0036193,2352.428192,11.73032837,6507.320685,3247.678662,20174.17887,6102.788201,49.21199406,462.5707012,0.180854712,0.976062358,56.8265164,142.8143638,0.020163537,4.427941608,5.244837341,0.048222271,0.034322477
588128,Vitis_labrusca,63.28515668,123.8270098,2123.581283,8.141942146,4714.001743,3689.834411,11358.46633,8317.018516,63.33510874,337.0089845,0.13895204,0.5527694,72.40440363,72.55296804,0.019781025,2.222615665,17.36207675,1.131480917,0.038672631
483160,Vitis_labrusca,84.787597,107.6236097,2473.731566,10.29277296,5147.082623,3789.223849,14205.75443,11929.54198,53.15580997,598.0530991,0.233964574,1.083462699,102.0935817,131.9311952,0.017379712,1.962255718,14.1319378,0.060756039,0.050424778
483161,Vitis_labrusca,55.5507748,52.84345834,2573.489492,6.920760664,4284.152263,3195.192842,13860.74174,13167.90177,50.74119722,356.4895417,0.145429915,0.73670448,61.78329733,69.57007727,0.017110887,2.423038303,17.51007705,0.023488223,0.030931703
483148,Vitis_labrusca,65.75783347,49.10253508,2686.685914,6.312350915,3952.393638,2336.161664,15079.75406,10589.56644,50.90386685,274.5583151,0.095964975,0.728307389,71.26252261,67.64278659,0.007314564,0.981097275,12.46532552,0.037844985,0.031690284
483164,Vitis_labrusca,63.21326828,80.09293691,2398.060986,8.17515334,5546.270209,2690.521883,12913.94138,9045.016839,48.07575872,429.6121127,0.263533686,0.992328418,85.44885767,97.54403058,0.019867893,2.629517494,9.65905402,0.037189636,0.026676812
588584,Vitis_labrusca,84.01577549,50.97248251,2445.259624,13.94625338,3726.47062,2957.963838,12173.74248,14243.54509,72.42182399,665.0219482,0.244333716,1.158517825,40.81301413,124.970211,0.026780738,0.63386811,15.41889918,0.067445678,0.035441739
588648,Vitis_labrusca,56.11947895,49.73381191,2326.64917,7.029696136,3815.3261,2280.184449,14920.81224,9436.361772,42.70419916,240.4487245,0.089294908,0.43048212,62.98369645,50.68662951,0.011733998,1.167735831,11.07084446,0.078606464,0.025294198
594349,Vitis_labrusca,97.90772465,243.6786345,1853.726359,11.43872205,6312.145984,2375.425072,19981.79147,4207.283911,47.19036354,227.1166067,0.123486878,0.668269334,89.01310963,107.2900358,0.017649845,7.214419736,3.985415478,0.289691941,0.02424014
588583,Vitis_labrusca,136.636439,149.1838221,1653.896838,14.00103432,5983.794777,2873.772373,21528.99107,3035.756156,37.82874336,242.6251332,0.097237904,1.349292304,64.09662228,82.89294537,0.05281574,2.956854305,2.887550689,0.107060852,0.036710393
588585,Vitis_labrusca,102.1250278,76.10099173,1905.937473,7.828185621,4049.294877,2224.326165,15748.8254,7496.205509,49.23725564,297.9908043,0.107914614,0.839572085,69.13608995,69.65468165,0.010432194,1.837175543,7.932057273,0.038406763,0.031034877
1587,Vitis_labrusca,51.53317148,58.70889367,1425.871961,7.751765686,4295.993502,1968.62629,12023.07203,3271.240395,32.95398436,306.9561366,0.116600172,0.294396155,38.00477911,61.77382704,0.010628712,2.360343662,4.035479187,0.099528358,0.01699537
483162,Vitis_labrusca,77.67077926,87.75234959,1646.637702,8.067415521,3101.600312,2097.610834,13813.43927,10199.17509,29.2603666,373.0180288,0.129817661,0.464048767,54.21467776,89.91285303,0.030032717,1.154013051,11.65631088,0.071037948,0.035862769
483151,Vitis_labrusca,65.96467136,87.53884196,1940.077116,9.772107321,4461.513693,2528.032114,15037.95314,10732.39169,48.38919259,469.5629182,0.169350485,0.650776595,60.29937341,91.3446342,0.021277602,2.327368032,12.28066261,0.067920544,0.058780755
483159,Vitis_labrusca,73.48291743,114.6426008,2676.871133,13.25811338,5333.184617,2470.761614,20690.89146,6100.844602,37.00580093,218.3120171,0.098790639,1.350471363,78.8206043,97.50810767,0.014322355,2.770539042,6.465898714,0.051945636,0.022574372
588658,Vitis_labrusca,49.29167781,57.81152395,2312.910953,9.574558514,4849.992246,1975.471239,16373.71368,7895.869555,28.04353502,215.1227509,0.093215519,0.39233606,48.78376096,68.8218858,0.0072819,1.62664669,8.338556061,0.065584014,0.038179575
588675,Vitis_labrusca,53.74349013,145.7823416,1884.714734,9.326902859,5819.728601,2166.953643,15475.97033,6472.435175,22.51959407,236.8911795,0.089843719,0.43667712,59.8429146,54.15423387,0.005636928,2.378141011,8.028840241,0.436591821,0.017698343
588647,Vitis_labrusca,90.90732155,96.41131803,1873.819049,12.59951823,4634.323064,2155.167085,21588.43542,8754.186546,40.80389534,215.2056473,0.112627091,1.090555902,87.11279561,100.8910474,0.029437572,2.667817567,10.08633866,0.080514545,0.038137711
588277,Vitis_labrusca,37.70730958,42.86835547,2013.806373,7.195710396,4074.191791,2178.43926,14995.33813,7634.411477,30.92189067,277.0273305,0.100519734,0.359725613,56.99538916,63.92037835,0.007582771,2.097578773,10.33092426,0.046833674,0.035218709
597172,Vitis_labrusca,49.74570488,57.08772614,2005.742912,9.002957999,4977.659088,1895.213608,14139.69985,6470.84518,22.22053025,135.6452504,0.062128364,0.28180686,45.79055388,67.5627543,0.007820214,2.752792949,5.446304227,0.100136439,0.02877681
597203,Vitis_labrusca,45.1039986,49.83464886,2626.562191,13.20738773,4049.407104,1952.720553,8433.219748,9354.330303,37.94519452,201.3882728,0.091136079,0.425889659,39.06958115,87.86027559,0.010510304,1.59185764,9.318677576,0.071068163,0.035425887
597228,Vitis_labrusca,36.90570802,32.29358603,2660.562802,6.348964686,5723.332309,2940.068376,11268.3837,11524.77891,30.63528097,285.0593653,0.102272619,0.340169723,46.92762719,58.32333238,0.007425892,0.621387524,18.67856832,0.752595617,0.01982017
588138,Vitis_labrusca,82.5766824,73.84388706,1865.670716,7.514179292,5099.094238,2600.613006,16807.00025,8539.24569,45.42994437,246.0184717,0.150058206,2.706726594,69.89272161,92.57324189,0.0244867,2.940042627,8.874236223,0.071390488,0.037635039
588307,Vitis_labrusca,63.85313052,74.10737666,2330.606003,6.64571926,4308.36688,2549.736693,13734.8802,7693.77665,31.24033078,291.0790492,0.117054262,0.571569875,63.62751305,65.33897107,0.007319453,2.665312637,10.29852834,0.080391332,0.050031601
483157,Vitis_labrusca,86.5048513,320.6877332,2070.50697,10.34095136,5544.922884,2417.959379,14133.99722,7731.062411,47.23259132,298.4725093,0.092774356,0.506382454,42.53498057,61.95433619,0.007227205,0.99190252,7.370878728,0.014580001,0.027587913
483154,Vitis_labrusca,61.48570326,44.52934635,2407.852731,6.794131313,2782.815816,2244.802192,12916.4276,16226.38713,50.73203813,435.0379674,0.134445031,0.532736914,30.37288558,77.91149907,0.010820928,0.936231412,24.16872737,0.037291481,0.056975179
588169,Vitis_labrusca,59.16692328,29.40244293,2600.301049,10.12988362,3614.30656,2161.41714,6750.655271,15596.50871,48.65365088,324.3860979,0.135435261,0.300390414,34.14691558,83.2564763,0.007088268,1.50138917,19.55830866,0.608099287,0.022522785
483152,Vitis_labrusca,80.00336387,70.64283059,1819.004941,6.66695319,4226.776464,1974.500521,13851.85067,7808.181272,36.14780241,253.3634733,0.093354273,0.526667776,48.86623045,73.00916278,0.015603818,1.692581086,8.213389438,0.022468082,0.026132189
483149,Vitis_labrusca,83.60198936,90.49725689,2454.489868,12.70968443,5034.12593,3118.33977,14433.68201,11734.53418,56.11214633,392.6893274,0.134765316,0.743503514,67.44954429,98.61478681,0.014635336,2.086761869,10.2900319,0.037999953,0.037408003
483150,Vitis_labrusca,43.22094161,39.41326264,1947.139844,7.56614304,4192.7712,2122.557077,13516.50561,6929.25159,35.4505842,263.7803168,0.11138216,0.481731613,63.39755051,53.63997352,0.013646553,1.375305216,10.2346188,0.045464072,0.042046253
483147,Vitis_labrusca,99.95532473,51.18135383,2413.380275,29.62210775,3560.921156,2577.537614,12243.38088,11929.283,39.58035691,366.3799513,0.144853451,0.976663719,45.24477941,85.16331497,0.014428525,1.63536251,14.76711885,0.047488137,0.032502344
483155,Vitis_labrusca,47.05625948,56.92328768,2362.935068,12.01010479,3462.551721,2203.511797,14404.72256,9205.641604,43.22625555,359.1406761,0.160314951,0.631319222,48.1118183,100.3034051,0.015514364,1.061760185,12.40859435,0.054565366,0.023715563
588194,Vitis_labrusca,98.96835992,108.5989595,2205.373085,10.31581667,4769.953958,2476.448746,15492.42795,7082.110977,44.28674122,474.1715407,0.191724506,0.830098878,79.45980013,86.48672142,0.013993181,2.295715249,7.824519017,0.259675406,0.02419908
483163,Vitis_labrusca,78.13184112,61.51866313,1853.196175,10.49248496,6485.694443,2368.072316,19760.32846,5570.35847,28.61302367,275.6379873,0.108378017,0.278745018,59.84042708,79.58285395,0.008071964,2.810057931,4.669094774,0.153212806,0.027358533
483153,Vitis_labrusca,59.81147362,56.23057038,2317.869073,5.981537812,4665.637889,2171.973665,13112.287,14429.39943,37.66750317,276.042566,0.122993179,0.641675292,70.66917557,85.55920465,0.008313495,1.316039008,20.10698437,0.050545576,0.032801284
483146,Vitis_labrusca,68.31708729,48.34664553,3379.208431,8.046230966,3253.586731,2205.532442,9952.271701,13872.86114,54.49996774,254.8105021,0.13445414,0.958915042,69.4289479,83.11206157,0.017536637,0.980315984,16.18321938,0.040424061,0.046529789
483133,Vitis_labrusca,70.91121978,71.09961605,3387.951949,8.55099916,3705.053629,1878.919961,11535.9346,14892.16651,55.05936109,335.8199609,0.189425661,0.958537744,67.80889678,143.2219928,0.028072215,1.055402427,16.84436543,0.058328045,0.043870131
483145,Vitis_labrusca,73.72419005,54.72013759,2416.373066,9.213838382,4685.978654,2079.128539,16180.48066,7040.29905,41.45290158,299.1885254,0.118892019,0.447530335,60.78201591,69.87875663,0.011445103,1.326961144,6.927090818,0.038087289,0.024198402
588201,Vitis_palmata,70.53371601,70.54076707,1546.479497,9.068725651,4723.956988,2456.763421,15194.91913,4548.262052,53.41783764,371.4428339,0.513871389,7.295041016,47.35218911,81.78697145,0.012142974,4.606316093,4.800275741,0.109894763,0.048740378
588152,Vitis_palmata,54.85324899,89.87428836,1663.781235,16.15603687,6490.444175,2639.491908,14870.78226,3652.701359,36.78037331,383.6987896,0.249897984,5.63079499,48.55859972,79.43071975,0.01085305,4.759913825,2.51304538,0.171765445,0.039812609
588155,Vitis_palmata,46.25386115,62.40715239,1397.620075,49.06371172,6150.334065,2633.175762,16341.14765,4615.170002,47.38442442,379.2102728,0.18538796,1.69569831,39.21910235,98.65065417,0.035508556,4.650406899,7.287772995,0.25841302,0.023035472
588233,Vitis_palmata,37.83617347,78.0908047,1891.019551,8.900523371,6416.419905,2966.014297,10327.02818,15688.37414,54.07409125,641.8777183,0.281332978,1.540934313,40.38317119,91.87174143,0.016726806,1.418562177,18.0351814,0.113570895,0.017110662
588467,Vitis_palmata,47.42054207,95.0969034,1524.5322,9.896355801,5001.952233,2159.279445,17149.44998,2711.149264,29.58577858,448.4790613,0.222504938,3.333457607,40.39659075,73.40062181,0.002345477,2.785010576,2.098886524,0.128118373,0.022032305
588440,Vitis_riparia,75.26325387,74.945504,1044.325781,6.974645353,3029.610948,2827.138433,10010.59375,9542.756022,59.26184084,287.032055,0.111421958,0.286873977,35.82617316,51.68393193,0.009046508,1.517939003,10.70919093,0.522975301,0.031224399
588190,Vitis_riparia,83.19402163,49.86745682,1640.217845,7.921258364,5503.29389,3710.946866,19674.06776,8516.292788,105.6308596,319.9229533,0.241490778,0.434334661,37.35247952,61.4529972,0.009796813,5.318722831,7.209124656,0.37383476,0.022382981
588276,Vitis_riparia,68.59394767,64.38594015,1549.992184,7.437043461,5001.093866,3984.704729,12377.91432,13464.45636,79.14849331,403.6461485,0.131945362,0.509449272,42.90941621,62.27323059,0.003082032,3.180226322,16.23866231,0.378271681,0.00995913
588214,Vitis_riparia,95.16658477,50.60049867,1968.819049,8.316846441,3702.802221,3194.501766,11642.68782,11965.62723,65.67437394,362.3987513,0.137830173,0.439878568,28.23576443,235.0104044,0.021331728,8.356436964,12.55131013,0.560473471,0.020953204
588204,Vitis_riparia,70.9408977,75.8647464,1717.918818,9.190812277,4614.160492,3437.423696,12641.55078,10770.7561,54.406093,309.2339344,0.131888665,0.458497233,41.73238435,67.05905143,0.008857037,5.872515338,15.07687826,0.486965257,0.028444292
255189,Vitis_riparia,73.57946274,43.11380794,1427.137447,8.38314689,4762.774574,2722.217289,13982.10823,10438.60405,83.470881,238.3141593,0.094794588,0.655255608,42.91809108,55.28316817,0.009749641,2.055297458,10.69432206,0.526756377,0.024492459
588273,Vitis_riparia,105.7627197,83.83224661,1548.554877,4.14021388,5137.338159,2715.230438,10514.8542,13285.20104,66.96687268,230.1760813,0.084385828,0.219469774,23.47665209,52.35279153,0.003929939,1.017236179,14.80654212,0.305385682,0.021233415
588456,Vitis_riparia,71.5171368,30.1250963,1675.16554,6.327767394,4537.430589,3260.074395,15686.95163,7387.08865,51.89625243,314.9161011,0.150118578,0.657109934,37.68710813,51.58301279,0.01740318,1.766012313,7.562225058,0.480792184,0.026304717
588271,Vitis_riparia,97.3212157,78.59009141,1611.250354,7.694886291,4407.245326,3399.767951,12034.85638,12317.26197,95.75160714,412.4003426,0.159432119,0.291114408,30.29231019,128.4780925,0.009065768,2.900469179,12.57181181,0.353254786,0.115808576
483169,Vitis_riparia,59.66559353,20.7170239,2785.243217,5.416517098,6308.911523,2361.465954,19417.75986,19075.16823,66.72832311,252.7957181,0.096216263,0.23279902,28.9240697,58.64568582,0.00690821,3.733087043,26.64375908,0.338268998,0.01945941
588564,Vitis_riparia,44.43772488,66.15698273,2219.410394,9.264772951,6569.814018,3462.103954,12548.14956,7810.791939,65.91556434,532.4785968,0.213362191,0.504879199,35.11986227,94.72870826,0.028958876,1.953561202,7.476263433,0.528345807,0.025559656
588345,Vitis_riparia,83.8950285,51.52905632,2104.637051,14.05148415,5128.728126,3616.470899,25294.03374,7755.558981,80.25972281,320.6505191,0.117006925,0.587724379,41.97469814,99.52912056,0.006109538,11.21553796,8.690050729,0.505883015,0.021384504
588274,Vitis_riparia,86.48371433,46.65830217,1276.809759,5.802383399,3666.314616,2529.02864,10705.0471,14647.95218,81.31927144,370.1253723,0.136015648,0.620333365,37.58572093,67.80188515,0.004008422,1.920864013,16.69868113,0.235814551,0.028728863
588353,Vitis_riparia,68.11753283,36.10234255,1626.499514,6.11174053,4289.21089,3365.604378,12553.94208,14741.29744,78.50561265,337.4998783,0.122927592,0.363002843,42.20506034,79.41249801,0.003272125,1.026940333,16.22760359,0.421825331,0.023079391
588439,Vitis_riparia,62.39088897,38.18285802,1181.515018,6.161800214,4547.589197,2505.043489,15264.78403,6987.360048,56.05489175,271.6358041,0.093044586,0.426941769,32.29077923,53.85018551,0.006815447,4.395300992,5.964263558,0.419071,0.017351504
483177,Vitis_riparia,75.85893524,90.05343524,1729.283288,4.439210177,5173.738024,2836.969007,12097.08876,9872.847454,62.49709748,207.2316585,0.083444364,0.34017399,88.12853474,41.72514451,0.01079437,4.376304558,12.05831133,0.410931981,0.016338025
588562,Vitis_riparia,74.57462013,23.42933244,1815.721039,6.571844554,3785.284683,2527.72476,16314.45404,12027.20968,62.10847311,197.1268169,0.069835125,0.228591315,32.52613815,60.14807793,0.013999265,4.039769577,14.36606865,0.430108875,0.017890382
483171,Vitis_riparia,77.98246626,41.39886702,1711.128014,6.642446946,5564.323539,3300.947051,13399.86365,13189.53817,61.0226374,338.253139,0.127643485,0.628887827,29.48146698,84.46074583,0.01217167,1.77503576,14.71023603,0.56802463,0.068424979
588435,Vitis_riparia,71.80318467,29.83522795,1244.149387,7.761976043,4649.225708,2492.722094,16895.6412,5794.077244,61.68874008,237.184272,0.100726552,0.477262878,28.96285212,53.75126371,0.008673279,4.345301059,5.662735043,0.257565743,0.02695626
483168,Vitis_riparia,81.80542472,95.34874381,1902.063088,7.213368614,4342.095707,2478.395275,18820.06927,13761.87756,80.87619208,483.1739076,0.220555011,0.604784078,40.56917015,85.29753285,0.014655307,5.153363632,15.84150626,0.343868061,0.035826969
588718,Vitis_riparia,92.94617347,46.31592601,1337.488503,5.745008482,3247.836664,2510.824259,9980.200166,11276.02744,72.92387784,406.9820598,0.151116528,0.40211325,31.1182732,74.78116689,0.008708427,2.458000223,10.51411115,0.639297648,0.021306209
588653,Vitis_riparia,43.77308498,39.61073315,1024.314967,7.76282505,3736.425574,2827.74405,10417.19652,5757.152597,60.83714526,424.7327695,0.151358595,0.308003589,29.89475214,62.70931932,0.003898786,0.766689372,5.276428051,0.592746515,0.012919055
588711,Vitis_riparia,82.28139752,58.49740138,2035.372656,9.007794344,4459.250372,3412.783734,15620.52023,9516.107006,54.41750166,480.6001762,0.173493375,0.423917945,28.37512888,104.6406948,0.007253466,2.725765441,10.27278374,0.282389482,0.035294574
594344,Vitis_riparia,49.12989086,40.03134408,1548.529759,9.081135069,3599.904477,2767.805898,13123.95563,7600.496676,57.21748741,494.7747743,0.209097146,0.456505622,35.68908851,76.98710141,0.009414633,4.085934799,7.32765631,0.301482676,0.028565291
588710,Vitis_riparia,92.44169409,72.14618302,1020.757715,7.305595847,3581.429473,2443.164033,8250.001246,10323.62469,84.11981505,429.4678086,0.18763368,0.434175082,33.67817574,76.84151315,0.007335266,2.348149978,11.48392162,0.182061346,0.015305081
495622,Vitis_riparia,84.92264767,62.83019892,1179.312847,5.118657807,3945.919281,2490.41093,10199.61892,6305.042477,65.08789537,385.9030752,0.144962461,0.399336936,29.27676674,69.44274167,0.009703422,4.646336866,5.979663827,0.180198187,0.014832103
588586,Vitis_riparia,69.02234172,44.16821606,1301.547213,6.923326006,4675.568868,3200.95414,11853.24106,11850.38245,52.03259457,444.1173787,0.16397078,0.556206711,51.10307331,68.63062272,0.010356328,4.3064965,12.64902096,0.377361283,0.015376598
588510,Vitis_riparia,76.14892422,109.9487002,1731.249756,8.328110621,2804.876311,2032.916627,11002.41676,16458.17458,91.06808897,389.4917809,0.137540515,1.184683222,18.35483543,101.9975753,0.008491422,0.600182729,18.29759843,0.190213981,0.016390045
483166,Vitis_riparia,70.66663302,51.52593531,1251.285321,7.453092687,3515.477475,2145.450324,11136.82552,9757.117009,77.22014966,315.9049332,0.129232953,0.612613166,31.36866743,80.76344312,0.005251629,2.821323784,12.18461373,0.282449175,0.017073851
588275,Vitis_riparia,91.00270752,71.59912434,1603.590245,7.235308995,2802.572171,2856.903969,14431.89766,13927.81289,59.58407792,261.8002404,0.092405436,0.251744376,17.78123421,56.96413186,0.008610336,1.599535933,18.51552875,0.560111077,0.015881675
483176,Vitis_riparia,56.69823706,28.59248398,1895.156547,6.073172005,6040.636519,2591.26923,13997.79939,9348.417795,30.28545988,272.1283433,0.093735646,0.368644437,48.84285009,59.6434103,0.0039885,1.417461767,10.43092312,0.281447637,0.019207747
588258,Vitis_riparia,66.26590454,27.65423313,1261.621465,7.375583065,4497.408885,2112.649589,13402.98683,7867.356063,30.90434836,282.4749437,0.09487023,0.307884476,26.61792009,72.95038644,0.005573899,1.752594619,8.549576596,0.23686682,0.018442345
588167,Vitis_riparia,125.4727814,56.247325,1393.028795,6.179826082,3406.42557,2421.570229,12176.68735,7936.229628,46.24779151,222.1745036,0.089338766,0.511632369,25.18274278,56.6059433,0.0055371,1.678130145,6.665669745,0.195956997,0.009908593
313922,Vitis_riparia,89.45786274,39.78067453,1664.985589,4.082588024,4236.665228,2843.792121,16474.54885,10480.36896,53.38072766,205.2110113,0.082069143,0.31474036,19.96614707,55.87251385,0.004346494,3.235198262,14.47216603,0.536147611,0.011269482
588269,Vitis_riparia,68.32537746,53.64168549,1465.094192,6.902353312,5078.043018,3188.235735,13607.04491,11253.4697,66.09649303,509.0873083,0.179380958,0.44261728,27.73057849,102.4173718,0.007075551,2.065434966,13.50567946,0.30159167,0.012118679
588369,Vitis_riparia,95.82950666,45.46351686,1638.810565,6.315716764,4004.859602,2376.080832,14862.589,13786.13195,40.88944174,264.5538663,0.093901544,0.492860528,27.58513319,68.2575448,0.005803506,2.103769184,16.31474017,0.363458254,0.014019556
483178,Vitis_riparia,89.04280074,98.77360925,1617.246751,11.44497098,2533.639431,1750.439709,18199.59549,8202.240755,33.97131614,297.2389439,0.137410188,0.245887318,16.81751032,56.36570413,0.008473636,3.657640597,9.890787515,0.205414453,0.015100737
588483,Vitis_riparia,90.61671939,38.06794168,1102.729467,10.24672506,3945.041476,2406.922696,18796.24997,12788.18283,56.42831999,340.5738662,0.116559694,0.262579564,18.41366478,70.72264424,0.005700906,2.013931965,15.27997015,0.490770002,0.022907513
483181,Vitis_riparia,64.94838277,37.55389179,1536.529343,10.30096826,4529.507884,2019.540016,16028.04531,9032.553819,35.31627303,241.2161153,0.13778941,0.309615013,46.13010561,60.11601641,0.009622,2.321167272,9.552590217,0.599846253,0.036034077
588455,Vitis_riparia,106.3835055,36.84178709,1593.597736,11.15545525,3406.780607,1914.025327,16212.64262,9163.432023,44.20578343,269.7062897,0.104391405,0.673141453,15.64629272,64.72119791,0.008192952,2.754087939,8.35154113,0.240654963,0.025694304
483175,Vitis_riparia,52.20223034,57.38674838,2459.803527,6.545769969,3358.994789,2066.908511,14928.12913,8069.224138,40.30361758,227.3739125,0.081586639,0.290762563,42.57828462,59.57949902,0.005807416,1.422513676,9.414007023,0.474714872,0.018643135
588565,Vitis_riparia,79.62889246,52.05381505,1434.889744,6.108075279,3316.473672,1774.378713,11533.31437,7802.581721,40.14968091,224.7571572,0.07209884,0.16604235,15.5964559,56.81375329,0.007688314,1.345911817,9.774918193,0.231821346,0.010325716
588054,Vitis_riparia,122.4194255,310.8644632,1304.124204,10.32640656,3191.665089,1577.954961,13533.54093,6879.120794,57.35728718,284.8543325,0.114185823,0.425952501,22.71623881,59.67348552,0.006520176,2.281932707,6.30422276,0.259721536,0.016507001
483170,Vitis_riparia,92.07695774,135.7852285,1268.092615,10.69005412,3771.426014,2325.554382,13707.40897,8533.156467,48.16073119,160.7835817,0.068304657,0.225214068,39.92034619,52.94105244,0.008614614,1.147349999,8.24198941,0.419826923,0.013329964
588568,Vitis_riparia,62.60491589,33.74129943,1420.974903,7.63494687,3922.902421,2010.425703,11425.40194,8211.340897,57.26453952,197.8519695,0.074817979,0.191716026,26.82544744,57.18906779,0.008915048,2.9481733,9.40283893,0.22394398,0.013420862
483172,Vitis_riparia,84.34021871,29.80455366,1151.327084,7.041722309,2936.954286,1700.458228,12139.44712,10360.19525,47.51847969,194.217056,0.078054221,0.173599942,18.25627984,51.56862433,0.008254987,3.186143717,11.18656016,0.383119499,0.012880674
483173,Vitis_riparia,80.29900015,77.6261358,1922.235268,10.10296697,3554.133901,1929.355828,11672.04366,8673.647037,59.28569692,365.3083928,0.164158941,0.414892987,33.88918098,85.17041068,0.006104495,3.579240422,16.47323092,0.359181026,0.01206756
483167,Vitis_riparia,103.050413,31.0203626,1716.314728,11.03072608,3323.875854,2913.892125,15334.08153,10603.18848,66.42806654,278.2352402,0.101052725,0.278470744,23.54220079,55.78251882,0.007502762,2.552804156,14.45308735,0.574928861,0.017915688
588457,Vitis_riparia,60.885384,29.54243751,1087.650056,6.463100884,3579.500273,1811.109339,18809.50499,11027.37021,44.23946297,266.4098614,0.118572063,0.209980355,21.26005794,48.67278241,0.005089855,2.192012857,13.47900268,0.370062092,0.015796526
483182,Vitis_riparia,87.95825808,50.56634903,1672.064827,7.310779685,3654.567666,2237.072391,16948.74175,8470.822645,50.80138917,281.3417766,0.148046807,0.387187911,27.48697741,72.34444174,0.008960621,7.006104452,13.69862395,0.264989863,0.02554122
483165,Vitis_riparia,67.55827235,59.9257008,1213.32103,9.444776912,3804.310564,2093.933229,12194.62333,5664.1645,44.9909166,355.7822605,0.128218964,0.260811413,27.62858226,73.8820312,0.00926547,0.996052993,5.776308719,0.190560663,0.02924739
588346,Vitis_riparia,75.06926112,132.3261572,998.6358242,8.514907611,3639.045763,2351.417195,11639.44547,4374.286119,55.56441866,285.4779216,0.113631097,0.271825129,36.83648013,49.82962171,0.009523478,1.108182192,3.553821964,0.306113055,0.018463496
588400,Vitis_riparia,74.74672334,40.14433477,1407.416529,5.231550934,5463.785872,2610.375093,13659.28394,11904.3217,62.51191533,231.5111528,0.092384191,0.207651626,25.44626737,44.55747177,0.008374832,2.572479577,15.45833507,0.443798536,0.018023279
588436,Vitis_riparia,62.95769099,22.23385108,1811.606007,7.164618153,3373.619839,2404.797659,10792.80016,8976.122489,39.78810572,226.9181803,0.097263047,0.217751551,49.10290483,158.9411031,0.009738831,2.164167514,12.35217667,0.761982839,0.017845489
588354,Vitis_riparia,80.65441276,33.56721885,1610.816616,7.609469738,4804.434945,2708.715681,13910.37786,18971.87618,41.77689655,315.3699426,0.116648926,0.261661665,41.16936702,62.43701217,0.010016414,2.518505604,27.28214647,0.40507182,0.011868669
588260,Vitis_riparia,54.29388495,38.70155029,1319.382672,6.936173521,5207.82047,2582.409435,11937.46022,8743.256126,52.74342539,240.8370734,0.090601344,0.215435601,17.74376998,63.20935172,0.005268729,1.663231764,8.075860551,0.240221744,0.015023678
588374,Vitis_riparia,60.51661508,35.9558522,1667.539824,6.830354262,3227.180877,2673.973617,10364.0152,13868.69462,107.8360159,301.1488405,0.103407114,0.396044222,16.84701501,69.82177625,0.008901653,0.93881467,18.34468401,0.224147411,0.012368092
588259,Vitis_riparia,52.80911853,35.56694578,1234.861948,6.10543381,4112.065414,2922.980107,13330.97004,10663.83439,73.31594332,314.4088671,0.115996322,0.441240113,41.34812917,67.91119902,0.00399587,2.888815455,10.66571415,0.344849326,0.009708232
588272,Vitis_riparia,131.3061066,46.10547238,1077.513161,6.582267887,4152.100493,2506.503358,7531.87056,12993.34262,86.39960546,285.2150436,0.10743365,0.281044304,24.74881373,66.07947341,0.007389622,0.634416289,17.91453261,0.353999081,0.01836853
588404,Vitis_riparia,83.00515836,33.05526977,1518.245572,5.903691431,4125.384903,2446.352705,11958.33934,10007.47806,51.72952711,286.4329357,0.12938525,0.295121138,19.75234569,63.07019713,0.00470995,2.816644894,12.58122631,0.294870307,0.017432916
588261,Vitis_riparia,86.43872866,29.82853985,1683.612691,6.882017675,3160.219521,2229.387957,14612.40839,14768.47232,70.96465787,324.526846,0.097648466,0.270504101,17.29583719,121.5409261,0.00982698,1.473503553,16.79948127,0.423869873,0.018327374
279897,Vitis_riparia,101.4840778,68.6537657,1706.17874,6.974378609,5448.329797,2583.97973,13267.06154,14035.9219,45.35398824,212.1694166,0.094437679,0.195538136,25.96712455,47.58483787,0.010352288,2.601798938,17.53289052,0.285011936,0.012066519
588262,Vitis_riparia,91.89014038,59.68749055,1290.607436,7.699531389,3808.417566,2562.047752,13128.00906,9555.696069,59.93065652,373.3274149,0.149734397,0.347943595,38.5800252,94.56749443,0.013541235,2.663303507,8.93678969,0.334395044,0.015165559
588344,Vitis_riparia,57.66080854,59.02684483,1636.799013,9.869586304,3948.16255,2781.639227,6776.578182,16715.73764,177.1120944,473.5959885,0.256353855,0.432698667,24.52404194,87.44447533,0.010082241,1.526283277,17.94797276,0.309021292,0.018005364
588270,Vitis_riparia,84.92991919,58.46169882,1296.981073,7.153586259,3541.668865,2229.90034,10474.3694,8121.312112,64.05521635,167.0332419,0.058490359,0.182505968,27.98684936,44.18962179,0.005913425,0.758693073,8.728825252,0.377587469,0.01078702
588373,Vitis_riparia,95.95925591,43.96218031,1705.888336,5.67173091,5726.377962,2851.92296,11149.47823,12326.78343,134.2409676,328.9587808,0.134787756,0.284977282,27.83740181,81.27464393,0.007636566,1.548809604,16.21376675,0.353386858,0.017264179
588406,Vitis_riparia,63.05567275,41.40657344,1595.080964,5.543102296,3218.369001,2138.07928,14371.58083,24810.16182,54.29242201,251.5647596,0.062469277,0.214174424,19.12644421,69.15278406,0.005279678,1.004703161,25.77424427,0.391364718,0.01682782
588304,Vitis_riparia,60.39721497,21.61683626,1684.009313,5.165451226,5012.969013,2402.724279,16496.13141,13089.2897,51.05646412,154.4451452,0.070771617,0.143147345,24.69634834,46.43646506,0.003865254,2.336525217,22.12683013,0.362221261,0.02117927
588437,Vitis_riparia,80.13337701,48.79833607,1594.623296,7.086970431,4780.592754,2128.500974,15897.73207,9266.653907,68.4298272,216.5092934,0.085957758,0.217337063,29.87256648,63.56861286,0.009145681,4.03021343,10.60515595,0.319780262,0.017096981
588350,Vitis_riparia,83.35236121,78.77403216,1639.764553,9.755818028,5171.840889,3263.727749,13210.01305,8213.986653,59.88756174,411.8199798,0.1470997,0.357231664,38.35826397,95.56542499,0.007521714,2.182801076,8.355351005,0.405661856,0.01054639
588349,Vitis_riparia,71.38935265,66.0936328,889.6883292,6.755501904,3479.407606,3178.339071,10138.14452,25610.11278,89.98159772,514.8646643,0.18358488,0.40174959,21.86680129,113.2876041,0.007797935,0.682931504,26.15396306,0.337396146,0.015923369
588181,Vitis_rupestris,94.64139196,28.11295049,2155.727148,4.765353701,4018.29994,1621.337736,10828.66415,6431.20359,52.64491417,226.8306172,0.090678183,0.26269701,37.48042896,60.74020005,0.007131494,3.498442871,6.169016752,0.285338903,0.019576124
588146,Vitis_rupestris,85.08381009,63.02830178,1618.8169,5.501618887,4730.270776,2422.439696,17250.47795,7779.22533,43.56165001,241.9783339,0.103761835,0.268404176,48.54359636,82.12348871,0.007764513,5.949850641,7.456954499,0.198830103,0.01396322
271662,Vitis_rupestris,59.48995615,45.63493835,1263.208074,6.501082314,4233.500808,1975.950935,17698.81529,2463.916662,51.89924519,377.9680146,0.163871722,0.381388464,52.20252083,71.84382338,0.008943602,4.251379599,1.713078809,0.46849271,0.011500913
588355,Vitis_rupestris,62.08107759,28.5873835,1454.492655,5.505208756,4865.717379,2627.16591,12823.21456,7558.192436,41.68509914,287.3953025,0.122899347,0.391229602,89.74915651,45.78256897,-0.000459741,1.878566459,9.088247816,0.460023023,0.017234986
588147,Vitis_rupestris,92.39202331,48.10581559,1964.563271,206.0251638,5196.340267,2258.932652,17377.4,4609.02759,63.10926651,242.9937061,0.131324942,0.879530301,75.53272841,79.76474107,0.181777148,13.38485493,22.67370828,0.226899609,0.049705811
588188,Vitis_rupestris,87.6349544,91.61598437,2289.52388,5.298789177,5387.046379,2359.388658,17476.19817,6753.063368,55.28042984,247.7181489,0.094182342,0.360829792,64.21484317,54.1229287,0.0041576,5.508300872,18.53534403,0.251814001,0.027466119
588330,Vitis_rupestris,68.94068945,45.74807968,1300.208256,7.649097791,5708.028556,1954.949902,15010.77547,4745.424315,52.53177097,300.0015534,0.128295707,0.371092099,75.36200817,83.07667424,0.003558984,4.838380544,4.52408519,0.402688168,0.071435427
588228,Vitis_rupestris,93.13222992,44.3006549,2168.866086,6.724850305,6225.199949,2323.957355,18751.2371,7732.118759,92.93459305,253.1840916,0.086976824,0.460777499,53.97605343,76.32257219,0.000326948,1.659497229,8.484179077,0.385660518,0.03358217
588227,Vitis_rupestris,69.63006171,54.81415123,1445.929191,5.058024092,4325.794685,1686.050543,12340.4648,8590.377462,51.91516865,236.4678788,0.096973133,0.448369874,51.51165672,54.84251268,0.014295966,1.91509458,9.85989399,0.30244482,0.023333411
588224,Vitis_rupestris,71.85496274,24.52819156,1445.482059,4.800487544,3920.382558,2506.220109,13805.44961,6933.019622,46.62182887,317.1291337,0.125593863,0.351818288,58.65728841,52.25238509,0.001252984,1.679070602,8.248903978,0.299319948,0.025981286
588683,Vitis_rupestris,63.15540618,35.84147509,2185.339696,7.290917003,5159.036796,2084.715438,11360.94233,9884.782871,54.90158915,333.3705964,0.130463152,0.361131559,40.43168598,75.04715123,0.01896427,2.383471149,11.7226961,0.389286293,0.012003025
588574,Vitis_rupestris,95.05116962,21.15107479,1472.193363,5.184364679,3385.34878,1939.579406,6754.266366,7549.917695,37.42410343,246.6690512,0.097825781,0.328660109,32.41484665,36.92913474,0.005548657,2.773209824,7.882304361,0.349970191,0.079751216
588684,Vitis_rupestris,58.68311986,24.06346836,2385.355894,8.07391811,4984.543563,2507.016841,10597.87663,14355.07313,64.97421724,349.1423079,0.110714959,0.33181364,59.47263268,68.6187097,0.001467016,1.085557683,17.3057999,0.345386262,0.022001907
588384,Vitis_rupestris,88.91614354,66.08815085,1847.679468,7.412007525,3658.076653,2195.653484,9804.950378,11636.7686,41.40231074,383.083768,0.127318304,0.381805907,44.00488994,85.91170885,0.005471973,2.658657315,13.5193117,0.224273493,0.053195541
588454,Vitis_rupestris,120.8484459,85.27699923,1898.034774,7.208973334,2489.542181,2399.824805,10319.8733,11714.4823,57.16929002,315.2382179,0.107224114,0.448590006,31.09801673,66.15963627,0.007594228,3.215457921,15.48737551,0.617579855,0.013403497
588540,Vitis_rupestris,73.1546933,34.72959583,1741.340571,5.119230832,3756.977368,2272.688852,11968.77797,14624.67258,53.82459403,300.0824244,0.117751099,0.406630381,43.2579211,80.94548543,0.009763514,0.687329812,15.7640116,0.140426329,0.057005481
588333,Vitis_rupestris,115.2607706,53.92316767,1980.041138,7.080876452,3659.428619,1793.99376,11299.63807,7080.727662,47.15576889,296.9327306,0.094553533,0.331579484,46.33098106,62.56982408,0.008462137,1.05392812,6.575250401,0.257962531,0.030732903
588160,Vitis_rupestris,73.28353125,30.95793204,1912.079731,5.380071557,4137.564152,2184.217209,12332.91129,8450.286858,45.91006526,368.1731361,0.123886105,0.526035257,27.94104453,74.15821622,0.004923237,2.085912119,10.70835836,0.316845009,0.012910731
588174,Vitis_rupestris,80.89556925,35.39860525,1874.376525,6.697927107,3638.181141,2689.453845,9919.702629,9747.934276,44.75844087,208.3568707,0.097282316,0.465185591,56.56596964,53.47850471,0.006573292,2.399545919,11.54143406,0.380220818,0.028298561
588331,Vitis_rupestris,71.83498972,60.67058404,2250.264632,8.72961136,4633.569649,2254.841172,6723.095906,13084.34775,50.22157817,315.6322053,0.107807862,0.239290688,38.30689773,64.31664615,0.005729659,1.056383329,14.83959834,0.317303975,0.021534285
588401,Vitis_rupestris,70.90959366,35.84182904,1353.36839,7.721755359,3895.535934,2385.9,12282.83174,7178.535282,41.97282846,292.5511283,0.102314875,0.364487003,73.37252967,58.38426603,0.006179597,2.433937337,10.44243075,0.262241072,0.017183057
588415,Vitis_rupestris,60.69103198,58.51488046,1767.915299,6.937343024,4238.283239,3094.366379,11373.60522,7004.844101,56.93685518,270.0374526,0.127879142,0.256126834,45.79453536,52.71027116,0.002811745,3.225151349,8.342928866,0.20195711,0.018119096
588225,Vitis_rupestris,43.09493982,23.01377817,1509.670683,5.014830813,5713.32757,2717.273894,15834.73149,8498.744848,77.04598241,173.0505365,0.070492979,0.499101259,67.77332413,66.38257616,0.006041676,3.331940235,8.534732366,0.236753805,0.01610622
588229,Vitis_rupestris,88.15204924,51.65950757,3067.418838,7.542167476,6291.927723,2584.935141,18574.43896,9368.200535,52.76537934,196.5826838,0.064868801,0.217294471,57.70789905,62.06786832,0.009959249,2.407722842,10.74468194,0.459142433,0.017632352
588223,Vitis_rupestris,54.19837182,47.52964561,2488.757927,11.56042786,5502.411331,2430.181886,14902.13896,8773.805812,59.31028284,488.7452175,0.187759492,0.731062853,104.3455668,119.0520143,0.008278074,5.350055053,7.522837318,0.092470938,0.024550736
588231,Vitis_rupestris,121.7370113,85.54020788,1858.926998,7.889432901,4142.061981,2414.080308,12225.96301,8822.047945,48.09550424,273.9059498,0.104850838,0.468825281,67.70700085,59.82772049,0.01554597,2.013464821,8.591914759,0.229232743,0.024539904
588395,Vitis_rupestris,663.5921494,-124.560805,517.5177906,3708.321889,-2701.951735,-516890.2187,459.9327333,1374.642842,615.6781578,9.809958655,0.134617094,-17.67391704,-28.00264465,-89.20267054,2.355134429,9.869325835,7.36819025,0.317232626,-0.714952257
588142,Vitis_vulpina,70.20753236,29.01321194,1890.542889,10.87722529,5582.536697,2321.518023,14530.81304,10377.36521,52.1876638,241.999741,0.093614077,0.368507766,27.84615961,109.2062024,0.017511307,4.577371204,10.86824997,1.227053016,0.040030234
588679,Vitis_vulpina,93.25753743,44.15991729,1509.802392,8.734917089,4580.865433,2011.649073,11839.41947,9644.581568,56.61280636,373.5908721,0.150854751,0.358653951,49.1994489,83.54956675,0.009787624,2.913439314,8.532688726,0.134196544,0.017540841
588680,Vitis_vulpina,89.44556879,73.41621365,1929.939998,9.283803829,3883.486147,2248.008527,13703.53072,5683.413727,69.5092076,438.4170418,0.198660607,0.577767646,57.15246832,98.33617718,0.014895189,3.367365148,5.096002173,0.089663919,0.017567888
588133,Vitis_vulpina,99.93852028,82.26281411,1914.233695,9.121393213,6313.635008,3011.589923,16561.43795,9186.300033,80.36523686,333.2399122,0.127405503,0.560017939,88.48030731,96.03651667,0.028032978,2.902466564,8.407009437,0.644787682,0.041059777
483180,Vitis_vulpina,72.75801158,21.27012332,1160.024258,5.736736469,4133.563985,1615.268473,10175.97167,7006.33465,45.64434775,206.9122482,0.146688594,1.302365524,46.79570903,33.13585349,0.007375028,0.808556042,7.472322966,0.144871021,0.033695098
597115,Vitis_vulpina,55.13986289,52.08858212,1414.622137,6.075946928,5258.528878,2554.808234,10168.91155,13811.38292,44.96810378,471.0354138,0.14577209,0.294006275,59.24821896,84.11544349,0.011411877,1.452302891,16.87766635,0.450268308,0.026208928
483184,Vitis_vulpina,88.82988063,63.8924295,1094.369911,11.17387151,3957.876702,1918.383518,14215.8815,4399.731258,51.04656016,420.0261431,0.189691103,0.411848665,44.35700973,68.98659565,0.010245547,1.698398773,3.394425526,0.701405157,0.018838023
483190,Vitis_vulpina,56.95330457,55.26091661,1477.073875,10.03401106,3525.793628,2777.481861,13457.71319,9315.688387,54.75123759,434.9409373,0.169772421,0.535836614,25.4346691,113.6468917,0.008753716,1.108001563,10.91839531,0.091572174,0.035988245
483188,Vitis_vulpina,93.2551393,60.94773102,1158.669233,9.01943893,3803.667593,1860.41161,14218.13895,3802.814671,52.85414592,313.8899763,0.12869181,0.613659183,57.42393461,67.69665698,0.006298594,1.725265751,2.937984227,0.563468736,0.025749482
483187,Vitis_vulpina,112.7335948,117.2818205,2379.646434,12.32375294,3299.614437,2526.539221,11473.53101,14384.28299,74.86703384,544.7189404,0.196631929,0.593805273,38.42890816,151.1840223,0.016583189,1.233595006,19.01377705,0.173880835,0.078840421
483186,Vitis_vulpina,65.43636138,32.68268429,1574.734966,10.57443542,5137.152453,1779.331239,11989.62087,5985.299517,82.96597963,281.0109065,0.126688749,0.323631449,76.87560037,70.4256691,0.008997037,1.828828714,6.285375619,0.111057777,0.028049519
