,IVNO,genus_species,,B11,Na23,Mg26,Al27,P31,S34,K39,Ca44,Fe54,Mn55,Co59,Ni60,Cu63,Zn66,As75,Rb85,Sr88,Mo98,Cd111
x,318684,Vitis_acerifolia,1,94.73745248,196.6446723,1776.847433,14.01554083,6214.957396,1986.070463,18823.60057,5107.996944,45.75558249,191.9237418,0.081735237,0.81144364,33.25524316,95.85974627,0.00512782,16.25677596,5.981146543,0.278855282,0.024449899
x,588141,Vitis_acerifolia,1,23.35236223,131.0092023,1166.801218,15.9813468,5660.589666,1305.737926,15284.8707,3971.658387,40.22617708,101.7241226,0.048139733,0.343131375,33.81447261,69.3868643,0.017477329,7.492276549,3.53767061,0.156314034,0.060344616
x,588646,Vitis_acerifolia,1,137.680886,111.0220709,1976.897836,26.30238989,7208.531961,2512.636791,20787.04128,5653.053084,65.56736946,146.9738931,0.063965694,0.277827085,58.40089437,83.12457828,0.004849113,7.214684892,3.383636576,0.29798183,0.017738782
x,588448,Vitis_acerifolia,1,18.2070322,58.44707654,1469.811734,24.00734141,5342.222323,2400.683753,16094.4391,3800.777526,60.85434456,218.8742889,0.099867492,0.416359389,55.60041492,120.5342183,0.01022095,11.92319581,1.183187028,0.171235429,0.038914568
x,1583,Vitis_acerifolia,1,58.77519357,119.3882307,1349.136877,67.32399921,5412.124249,2412.665543,17162.72458,2307.560196,91.53906871,357.6339341,0.169914547,0.658896474,68.82855256,153.686687,0.060229875,7.493530363,1.004368197,0.194630408,0.021888546
x,588459,Vitis_acerifolia,1,41.10282773,87.44553524,1684.590025,29.69096919,4674.481989,2198.630234,19260.62195,5096.823405,48.43294973,204.6717197,0.153865905,0.670246107,45.52670101,149.0531532,0.015216172,14.57431005,2.601915348,0.280341755,0.046424999
x,588378,Vitis_acerifolia,1,68.4095262,97.87690566,1114.879546,15.9624946,4428.264042,1983.040054,17219.19337,3426.533558,29.815948,245.6521975,0.106725337,0.299653902,21.9497142,110.1655958,0.011380869,7.764357998,1.93103049,0.179860544,0.015593188
x,588144,Vitis_acerifolia,1,48.9881393,98.81455457,1255.779925,11.61155577,5575.28543,1918.96383,19951.35809,4945.15498,25.85266052,97.00104687,0.043707168,0.491032386,28.11664566,85.47175353,0.015617757,11.25820163,2.572241879,0.21153694,0.047607397
x,588393,Vitis_acerifolia,1,29.56356785,182.1332075,1133.191384,18.65684489,5008.453549,2518.870236,17381.53539,6224.334293,45.66905001,293.2261782,0.111531744,0.309927603,26.78356138,66.41734678,0.017570759,10.62777725,7.035985811,0.320263305,0.013743628
x,588325,Vitis_acerifolia,1,120.401908,134.2140751,1106.274306,13.74646661,4915.789867,1919.39495,18315.57225,3275.774958,30.14915841,83.61272266,0.047619338,0.237915334,20.32536329,64.02321613,0.011927292,8.023974315,2.299022794,0.184270406,0.007752077
x,588324,Vitis_acerifolia,1,81.6527079,159.411123,1164.579867,15.39039714,4963.960204,1902.106237,17737.27273,4634.516819,34.96682795,136.6844046,0.058584554,0.241968608,27.00905702,64.38258979,0.007038304,4.339375518,6.038481635,0.225714871,0.010422154
x,588442,Vitis_acerifolia,1,195.9614227,137.5984622,1313.111477,15.67686819,5210.753199,2234.888714,18517.21116,3124.661348,52.17056013,179.9301446,0.103648135,0.574290534,44.51700918,1061.057076,0.015048933,8.079762888,1.613301209,0.275757001,0.029362944
x,588677,Vitis_aestivalis,2,73.55208004,408.9507969,1797.34192,24.01117448,6347.334632,2561.010274,17802.33852,6466.760343,69.59727988,395.6877323,0.195972736,1.708794854,129.4316366,175.6284024,0.019949177,6.439754984,4.216595593,0.181990576,0.034484602
x,237621,Vitis_aestivalis,2,42.33756782,80.93841768,2042.217224,28.35989263,6584.366766,2209.029155,14101.3699,6588.226953,58.57119033,271.7909394,0.112101471,0.487459075,62.36354674,107.7206102,0.01662061,5.297826791,4.323778391,0.377745714,0.01074352
x,483138,Vitis_aestivalis,2,125.6542669,382.8522833,1576.477781,22.25816067,5577.080786,2287.301854,15828.53128,5233.901255,54.10744573,239.6776427,0.108941574,1.081300504,60.61323243,135.273734,0.021322358,4.148623702,3.818103749,0.10110932,0.061567742
x,483143,Vitis_aestivalis,2,46.67489957,118.4318701,1548.719683,18.62911152,5241.987959,2480.766558,15508.25519,6313.037393,59.66561316,342.5802505,0.151045061,1.003308706,62.08832551,136.0586813,0.020910821,2.721192687,3.8148403,0.099023261,0.040109725
x,588626,Vitis_aestivalis,2,37.53004798,90.64332882,1011.921253,13.13451446,5460.969863,1556.925874,16397.51028,2226.091267,50.17791162,222.3044558,0.116021454,0.846695999,69.57974509,111.8070214,0.013396134,3.322612672,0.838024688,0.229717239,0.026023889
x,483130,Vitis_aestivalis,2,107.0318037,147.5232497,1658.148673,16.37010729,5869.125491,2409.62791,16464.83306,4373.333878,41.21696554,214.6360539,0.101404079,0.41466687,70.83395857,110.8467576,0.006947108,3.364851847,3.632634228,0.085445282,0.020299665
x,588199,Vitis_cinerea,3,127.1669641,215.1842973,2397.140065,38.19870692,7184.589542,3153.667317,16010.92288,7074.053054,96.93466219,991.1910466,0.492176411,7.003996196,130.7560626,321.612641,0.051979957,16.40428338,4.015583352,0.317574423,0.041703231
x,588200,Vitis_cinerea,3,127.0232818,641.0899127,1854.803364,28.4550764,5608.611799,2374.820028,13926.74633,9512.054074,62.29096916,491.9063475,0.21525128,1.546897259,101.3999537,141.0635404,0.01559518,6.623451324,8.88468509,0.681875765,0.037941554
x,588198,Vitis_cinerea,3,21.67241138,211.7831534,1767.579375,24.08648598,6144.583382,1690.6341,14791.31051,13560.83694,59.10682591,318.4942819,0.23629812,1.713918371,70.07635703,171.1717305,0.018773227,8.729696558,13.46129492,0.598200826,0.022432721
x,588205,Vitis_cinerea,3,67.13454561,528.0217722,1726.973438,31.71315389,6153.291993,1361.828469,12191.46775,6318.874135,70.26020741,338.7043787,0.212224108,0.803516534,75.78340871,182.2726879,0.021190364,6.200134569,3.906140393,0.214273334,0.032758003
x,588134,Vitis_cinerea,3,133.0594219,488.3185201,1882.889622,14.54960184,5958.737366,2314.605243,18227.12741,8659.600482,48.43243927,322.166039,0.142354427,2.231395568,131.7762827,192.8381633,0.009111857,2.893742357,6.123574687,0.774866362,0.053318521
x,588217,Vitis_cinerea,3,106.3991956,133.8210236,1949.804636,13.56003411,5817.188127,3305.603193,18252.35322,9692.5077,62.27067817,344.4267816,0.126372914,0.499895428,69.29607221,80.05093615,0.006907938,6.855979929,8.853726914,0.867926834,0.034100954
x,588398,Vitis_cinerea,3,43.03350186,231.158567,1717.515628,15.85854839,6785.442558,1837.686044,20005.7138,6544.884874,70.55674958,279.3648434,0.147494779,2.196956154,110.4829549,134.1903677,0.009263211,3.713194123,4.859457583,0.353534976,0.034490167
x,588356,Vitis_cinerea,3,57.36931218,404.5422028,1663.801819,28.26888256,6756.205976,2266.9307,11909.56023,11388.13574,79.80015301,552.2450395,0.241531864,2.377967346,117.065241,157.3802807,0.01120751,3.138618775,6.498727926,0.362953786,0.023630509
x,588221,Vitis_cinerea,3,103.6378747,471.3444326,1737.671264,24.71692076,6997.793454,3331.733217,16757.11255,13976.48422,56.39102972,458.3435766,0.171848826,0.735079823,84.95630636,157.3209173,0.019111411,3.37415292,12.12299509,1.234927669,0.043716911
x,588154,Vitis_cinerea,3,156.3249809,441.9792079,1537.077049,16.47462633,6553.974614,2775.558477,16210.3592,11418.43542,67.74562934,506.434732,0.165513182,1.078481007,112.3729991,141.3115903,0.020108166,3.188233933,11.52017825,0.814029969,0.030871296
x,588208,Vitis_cinerea,3,37.07983298,147.6518034,2777.584665,27.07158519,8042.58319,2583.143212,17332.94657,22335.43585,127.2522244,683.0923156,0.285273373,4.46165427,228.3322874,407.8193268,0.015438546,7.501047958,18.68424643,0.840107099,0.042316156
x,588186,Vitis_cinerea,3,103.6672273,396.7189173,1419.290744,16.41658426,6847.029791,2305.099041,16494.06387,12628.38421,54.49927481,415.4689697,0.15261554,1.197143388,103.0181894,172.5828498,0.007886724,3.144512205,10.48322075,1.813390879,0.03194081
x,588197,Vitis_cinerea,3,102.1219699,327.9491028,1867.376243,20.74139978,6268.946403,2661.598397,20851.28844,5607.193495,64.95043222,403.6566059,0.18470545,3.259695886,77.82141767,130.4666397,0.017893727,4.477834508,3.508387752,0.934556787,0.032845364
x,588218,Vitis_cinerea,3,52.26439831,459.17992,1493.198329,19.83680332,6464.131194,2182.026657,16098.77955,11097.79513,124.7923691,373.1173923,0.174196274,4.149430177,138.4180961,342.2978019,0.028696053,6.111441325,6.466946184,1.43319586,0.079922085
x,171,Vitis_cinerea,3,75.2132194,92.61998698,1133.607888,16.2298414,4876.864695,1983.738867,12694.0698,5194.202183,84.72929259,405.5870902,0.166463628,0.708715431,91.31077285,133.1899535,0.019941871,1.973270702,4.11403348,0.079544076,0.044791298
x,588575,Vitis_cinerea,3,21.76877895,89.73312336,1701.517876,18.01525418,7236.960182,2507.94216,20140.16093,8950.264786,62.34619375,379.9429799,0.157276351,1.626819436,108.1892858,156.8193096,0.015681844,4.084482412,6.220994314,2.827201648,0.029887547
x,597232,Vitis_cinerea,3,40.60209278,226.0874026,1420.253109,24.64093769,6324.599859,2583.947868,20032.36067,7502.904118,75.09482325,311.9985344,0.156875459,4.269305812,93.32256978,210.4285508,0.023067761,5.204493788,3.934108078,0.736435514,0.246082775
x,588678,Vitis_cinerea,3,84.97460875,290.0480204,1516.745441,28.36326413,6481.808186,2596.438914,17733.94107,6409.900364,56.69600905,371.8721413,0.162277487,2.7093781,128.1566224,218.8669087,0.022218674,6.278528774,3.160559213,1.344697435,0.037591519
x,588466,Vitis_cinerea,3,17.31428989,92.41826795,1822.462012,17.3661364,4658.105371,2001.656598,14387.22697,8920.750675,48.81631747,334.550152,0.125515988,0.458201689,72.02883382,111.7218412,0.011220521,3.306839417,6.380348415,0.424825544,0.025318582
x,588685,Vitis_cinerea,3,73.48443885,487.1420172,2057.609013,24.92394093,6466.180564,2362.951296,17337.97545,12213.14587,58.65093419,354.3161655,0.126906212,3.013596052,76.86616493,128.5186873,0.035212372,5.81681946,10.95623074,1.165012378,0.055889438
x,588460,Vitis_cinerea,3,14.00194952,125.2158473,1331.489325,22.11445344,5644.331129,2271.992935,16255.34918,6416.406029,55.2840753,373.3442789,0.203482207,1.157980882,100.6388075,136.9924982,0.015924287,8.553807908,4.138695442,0.90352298,0.024368424
x,588328,Vitis_cinerea,3,175.9178186,215.2293408,1844.464832,22.0355366,6388.510427,2075.117559,17543.5719,10599.03729,80.74961423,405.4181936,0.190305757,4.229787477,97.7007675,178.2039077,0.013417827,3.775103164,7.501420595,0.711824845,0.040251841
x,588143,Vitis_cinerea,3,93.68581161,203.4359563,1592.214143,33.13831395,6693.408404,2530.471592,17981.6169,10671.24463,78.45209259,483.5687042,0.194869768,1.521357356,112.0458706,148.6016975,0.017573109,5.071582898,7.03166882,1.040270725,0.03939697
x,588372,Vitis_cinerea,3,203.8571863,683.0089665,1847.495778,29.0701747,7009.151991,2147.991608,20952.73556,5197.008834,93.3903769,323.8303149,0.15985337,3.269193916,145.6339923,170.81859,0.017787733,4.563839752,3.053231389,0.735777118,0.071755343
x,588329,Vitis_cinerea,3,56.34339444,268.8212782,1379.499794,49.80509763,6032.795759,2737.85486,18965.80518,4265.071755,81.9231707,901.4041284,0.382912061,6.021570032,113.0091327,210.8869517,0.023401542,4.220450139,2.370222401,0.495470247,0.03972444
x,588352,Vitis_cinerea,3,17.58481893,180.0697255,936.1471621,14.40690333,3133.619693,1539.136295,8551.354789,7475.839752,38.76126081,219.4052629,0.096905388,1.962158474,65.80339564,101.0032591,0.00719921,1.796274326,6.624595467,0.272796315,0.023227961
x,588220,Vitis_cinerea,3,118.3388922,373.3585732,2133.350835,12.75956292,6249.527452,2663.25984,16001.30936,11078.21565,72.55813872,386.0286963,0.155239852,1.757540137,103.1829566,118.7312336,0.00706802,4.33618411,17.08239529,0.671874091,0.026736979
x,588222,Vitis_cinerea,3,213.4382944,560.2770364,1658.580323,16.48374511,6658.466006,2553.303145,16536.92704,8790.745308,69.94761427,442.594114,0.217716051,2.558496897,141.5192067,137.9848459,0.015099051,5.005965071,5.865957549,0.68193355,0.058330624
x,588128,Vitis_labrusca,4,57.87479545,537.5981404,1934.596456,17.02314492,6103.994403,2369.175928,18578.92676,5557.998099,69.07929343,291.6252376,0.128460784,0.699854669,83.61389967,109.3482311,0.002492986,4.901689519,7.561081361,1.156686969,0.01789411
x,588173,Vitis_labrusca,4,68.08214708,198.6547323,1775.286946,14.71905412,5805.296345,1871.021641,18656.57555,5403.016117,50.39967309,111.8124736,0.0639211,0.818721354,75.78387232,118.0046083,0.015762237,4.705302856,4.082109018,0.05156168,0.026281595
x,588182,Vitis_labrusca,4,91.09580116,371.84644,2286.021205,23.65161213,5857.690722,1792.890424,18214.06706,5455.55166,56.93492956,168.3575779,0.080211467,1.202076815,93.17088793,116.4049473,0.016009856,3.716270468,4.489051888,0.0974562,0.019997555
x,588165,Vitis_labrusca,4,205.1360264,340.162435,2027.925461,14.96920432,5920.59364,2092.880245,18377.64365,4820.340716,52.53101758,184.2418327,0.071603447,0.904179991,50.97529952,123.1730191,0.013349563,4.996801462,3.186872037,0.053898438,0.026285867
x,483164,Vitis_labrusca,4,142.3903409,370.6231402,2001.853002,23.61544451,7166.249788,2661.392296,18463.67835,8326.947449,68.05542416,403.8961584,0.186208432,1.317206624,83.83872399,184.907384,0.028884673,4.984702541,6.439971871,0.060645748,0.052689948
x,483160,Vitis_labrusca,4,170.2234303,283.0091534,1551.245061,28.39932091,5848.305856,2003.931764,17750.0441,3751.00646,70.87431617,273.1869909,0.125634943,0.862341293,101.2360415,121.2086792,0.018874751,4.562495264,3.110522571,0.130752063,0.03804389
x,483161,Vitis_labrusca,4,87.17708761,172.8638789,1610.888661,20.16683427,5443.653004,2359.726278,17144.31885,6995.203526,47.43674209,233.0694922,0.108511018,0.636152542,68.79961407,125.0117234,0.011898362,6.160905519,7.414895044,0.028948831,0.030910718
x,483148,Vitis_labrusca,4,177.2084846,678.4810369,2719.12282,21.14108567,6027.04086,2073.120216,18206.41062,6525.657123,62.40766585,251.4099951,0.095492602,1.213839138,87.20551236,137.6335511,0.029622032,1.88970283,6.095819086,0.086797763,0.028648732
x,588583,Vitis_labrusca,4,84.46870278,315.8795705,1614.019244,25.11547813,6249.828921,2396.120805,20925.29884,1633.76323,40.58618533,130.9137582,0.059303256,1.79946807,75.15394606,117.0716003,0.051771936,3.574951643,1.092523584,0.131434884,0.034798331
x,588584,Vitis_labrusca,4,43.49553741,90.62975751,1702.108334,21.19369825,5872.23513,2443.450977,18787.44655,6479.103581,58.33722074,464.2437805,0.16203938,0.758714543,61.42060867,99.08415708,0.012010469,2.153166172,4.328274157,0.064207474,0.021687626
x,588585,Vitis_labrusca,4,182.3957623,262.1961602,1740.510351,25.83865293,5927.779541,2078.562058,17690.40005,4681.692331,67.54095553,247.5894297,0.110881512,1.379558646,93.75884002,98.16910758,0.01732522,3.238237377,3.086823608,0.100637885,0.046205257
x,483157,Vitis_labrusca,4,118.207441,275.3561721,1952.790057,29.3815206,7255.799843,2662.808478,16313.12467,7112.759235,83.33540076,290.5692332,0.099941055,0.779607245,61.45413906,106.9074158,0.022567287,1.770569947,4.888009114,0.030089175,0.030822461
x,594349,Vitis_labrusca,4,216.9825228,544.2694705,2267.15364,18.11637092,6045.487648,2410.2521,17077.16951,4311.345004,52.51299912,117.8981404,0.086320338,0.722592552,93.76465796,123.8352736,0.023511629,7.550052668,3.3225699,0.321646884,0.025646983
x,588648,Vitis_labrusca,4,54.36103492,83.46901845,1627.823298,14.79252467,4366.853064,1863.121096,14397.60137,7509.29299,48.29376019,155.4632758,0.051333641,0.539380847,53.57047904,82.83999036,0.010100753,1.792064406,6.085488371,0.098511419,0.044737089
x,1587,Vitis_labrusca,4,92.63128881,263.2695368,1766.498673,21.07245262,4575.523268,1985.511766,16428.97485,3951.469768,41.60269546,304.1041907,0.128340476,0.296964403,43.57257496,98.33115236,0.021922984,4.556400088,3.994451725,0.156348065,0.016570513
x,588647,Vitis_labrusca,4,72.21802774,232.0736279,1489.556387,17.30516087,5364.224511,1980.241158,18988.89841,2939.812005,38.97363923,114.8067302,0.058052889,1.205250896,67.4073577,123.3905183,0.01981481,3.766920615,1.762004144,0.106321113,0.024390063
x,588658,Vitis_labrusca,4,35.07135217,259.4327426,1401.591488,19.91183384,4635.8593,1800.403578,18665.73951,2256.664967,31.80470105,146.6486591,0.06190937,0.390105567,51.67125191,75.77896761,0.010173848,3.060977476,1.442520448,0.096583173,0.03176242
x,483162,Vitis_labrusca,4,64.82160695,190.2697298,1436.92824,19.93341598,4463.071115,2327.708476,15550.92672,7471.918795,39.5842393,268.4291029,0.082815471,0.288070803,61.25371087,90.69352766,0.015179715,1.799290566,7.267554944,0.092014954,0.030228087
x,588675,Vitis_labrusca,4,35.49562793,176.3423658,1618.066754,13.87481378,4717.203226,1869.620356,16798.08764,3781.47424,38.46079624,167.2450838,0.071790347,0.361878525,53.57836728,106.3933246,0.010838795,3.606536364,3.626745918,0.445033095,0.010546888
x,483159,Vitis_labrusca,4,101.8171354,192.708644,2202.94734,27.08583754,5148.530432,1915.952238,19518.06312,4364.752452,47.00898119,119.6765107,0.059241127,1.30051032,68.39446385,142.7582164,0.016211546,3.791385341,3.349136134,0.072999297,0.020515505
x,483151,Vitis_labrusca,4,25.52320296,238.5929113,1366.373683,16.73701376,5543.421213,1941.84387,18104.53765,3309.169246,45.26527755,173.5368657,0.090707071,1.057195933,81.10405553,200.1417051,0.015587901,4.502088456,1.755051083,0.072760145,0.065561664
x,588307,Vitis_labrusca,4,99.83664948,467.3969908,1957.35541,14.81069462,5740.433929,2091.519666,18299.84788,4566.456049,37.60911783,266.9853593,0.112301585,0.868778346,78.65640137,124.4879151,0.007318597,4.775583898,3.565561616,0.14633185,0.051359645
x,588169,Vitis_labrusca,4,121.8403225,197.990774,1655.17409,18.2128684,5623.712604,2611.652512,16155.59164,8399.729057,49.8426443,287.5938892,0.125418614,0.427879746,59.92917966,91.65018448,0.015093878,6.85543204,7.7916402,0.92181254,0.017846859
x,597172,Vitis_labrusca,4,128.9484074,226.1190115,1349.516105,33.05753152,5035.861086,1930.787325,16969.49479,2754.307258,30.87720541,179.2652522,0.081514455,0.435395671,45.44743114,86.94089849,0.00698456,4.366548317,1.527790017,0.114460933,0.032184126
x,588277,Vitis_labrusca,4,50.85870019,293.8010398,1823.459371,20.67532076,5264.709444,2167.574239,17335.88765,5208.125404,41.64533996,182.3142951,0.068069033,0.58108076,67.36853257,83.13978557,0.007175284,3.482636251,5.538988097,0.067929035,0.023031629
x,597228,Vitis_labrusca,4,90.30026413,283.5916026,1498.163043,14.61946401,5389.009828,2313.194555,16063.63705,3073.165245,40.17482618,263.9157904,0.105230749,0.242478359,50.92142007,73.6622363,0.012246693,1.713509495,2.859187696,0.969186617,0.011301388
x,597203,Vitis_labrusca,4,143.0103628,579.317585,1731.019084,22.91846234,6298.271265,1949.068401,20386.19035,4123.427113,50.04544684,119.2305979,0.065484427,0.434053572,66.00891655,108.8203128,0.024413247,5.86719466,2.135749989,0.097298235,0.049780723
x,483155,Vitis_labrusca,4,132.8795008,180.2729699,1610.287954,18.81226825,5170.675986,2312.110896,16272.09495,6157.734162,40.84874195,285.7675613,0.122043701,0.425664609,53.99312227,94.97365122,0.014220246,2.603684344,6.754855507,0.07755505,0.013933408
x,588138,Vitis_labrusca,4,137.9570714,341.1825543,1417.289501,34.12046001,5910.91186,2293.577927,19246.29776,2207.968702,42.67299537,153.036444,0.123413052,5.556801316,69.62049274,144.8414054,0.03363058,4.41722454,1.567487921,0.109445605,0.031142959
x,483133,Vitis_labrusca,4,182.8709333,250.2704878,1688.65597,17.64903724,4995.598384,1953.624782,16015.1515,7161.641717,40.66025887,202.2481302,0.093693089,0.649803611,55.97175647,108.0819462,0.019155746,2.303306663,6.410556995,0.058031778,0.031732542
x,483152,Vitis_labrusca,4,104.4274471,232.4413793,1448.767109,19.38848869,5214.480463,2066.358159,16096.71045,5811.699522,48.33451991,246.5542727,0.097288282,0.766818013,54.90849751,101.9390168,0.016542273,2.87449601,4.293099158,0.039106917,0.026252493
x,483145,Vitis_labrusca,4,91.29726611,131.7032647,1712.784399,32.29188658,4713.025248,2082.132996,16936.2531,3766.387086,57.16900227,168.5534248,0.067612972,0.580460067,58.71417418,135.8221249,0.014664627,2.46771543,1.972240518,0.049641741,0.027123405
x,483163,Vitis_labrusca,4,41.78898391,36.21407657,1518.260264,64.19723884,6007.461423,1988.188523,19243.82889,4853.059432,34.17716843,151.1181316,0.074753365,0.28937409,56.46735277,90.57242323,0.005797156,3.434275152,7.011292899,0.149540457,0.029827908
x,483149,Vitis_labrusca,4,125.2642165,142.4648234,1640.15137,20.19000088,5760.507207,2084.90221,15183.48478,5172.171577,46.65466233,205.8637934,0.082697816,1.025126193,78.27276563,118.6014974,0.014548882,3.095015912,2.774954262,0.042508566,0.032434196
x,483150,Vitis_labrusca,4,28.69156896,90.10377468,1404.747731,25.22652285,4800.599914,2137.197834,17184.14672,2284.283178,45.65597009,190.4694116,0.090510329,0.624676946,63.08285426,87.97344778,0.00990756,3.044882741,1.471393847,0.07261374,0.018799144
x,483147,Vitis_labrusca,4,26.56015726,136.7558079,1448.594916,20.49277865,4899.851364,2237.043413,14119.33732,6138.911759,44.23854447,362.6413722,0.138138932,1.458838681,58.25862819,132.6495744,0.014893244,3.046904432,5.214244232,0.075589759,0.034826287
x,483154,Vitis_labrusca,4,228.9844676,304.1604776,1534.98366,20.89713388,5031.947298,2487.835317,17506.65377,5113.92257,50.6044079,298.8386913,0.128618572,0.415867911,46.06787392,100.9237003,0.012288359,2.938185115,5.420720039,0.070557634,0.025563645
x,588194,Vitis_labrusca,4,116.7642084,164.9584638,1504.485436,18.89724031,5409.340942,2139.001522,17206.46578,3796.65969,42.66547708,196.4401617,0.089958362,0.812038705,65.07374565,91.85871704,0.009744567,3.796381423,2.097861599,0.340290681,0.018423364
x,483153,Vitis_labrusca,4,181.8961356,303.5234984,1580.960496,23.14585747,6105.61984,2384.306241,17369.01215,7043.473597,53.5573068,258.5539305,0.09910845,0.835198697,76.09357208,113.9541313,0.01555818,2.35161807,8.629029779,0.051434032,0.025190762
x,483146,Vitis_labrusca,4,63.60022379,84.89614854,1642.732589,24.09899402,5937.199252,2296.822473,19400.52702,3426.434372,49.66868178,208.6656351,0.095394568,1.688660504,81.54665597,105.2546155,0.014202877,3.855825746,3.173489888,0.098581164,0.034334837
x,588152,Vitis_palmata,5,336.4979652,471.1203193,1623.908415,32.99354828,6740.105725,1692.676336,12367.5768,2885.040121,49.97519173,370.7368591,0.207090478,7.432198731,56.80093858,119.3235312,0.029918132,5.023105456,1.110653753,0.260969187,0.045466771
x,588155,Vitis_palmata,5,178.3695429,331.3670836,1359.155966,33.02633265,7196.06845,2495.256372,14644.76939,3372.665774,56.63999883,663.5913852,0.282134651,2.738345633,51.76713567,184.6487586,0.170572572,7.431345359,1.469607084,0.349577734,0.02443583
x,588201,Vitis_palmata,5,124.8973701,376.8209352,1404.192002,15.80944143,6918.314738,2624.652291,14450.21496,3070.453546,42.83502568,448.622864,0.319249535,8.205426755,52.89864315,125.4753787,0.024659703,6.716530756,1.615838211,0.135777834,0.083185365
x,588233,Vitis_palmata,5,205.9246408,295.5591242,2348.847263,22.68523125,6332.999716,1515.481889,13959.36808,12686.33081,77.54139358,691.9512193,0.294797948,2.078165988,58.98192896,123.6809789,0.01310468,2.34628706,13.71078316,0.150918534,0.043204085
x,588467,Vitis_palmata,5,110.565837,436.2891829,1478.948651,25.5711682,6677.257549,2312.500305,16613.8469,3474.747012,43.51688083,499.9913661,0.221834855,5.004237169,58.14691891,149.3972951,0.010816201,3.896890377,1.109578712,0.193111377,0.026152158
x,588440,Vitis_riparia,6,32.34987601,61.72363325,1425.18469,21.60241426,5421.525063,2223.755044,16794.31218,6662.673087,52.99343775,291.1400037,0.127715819,0.512824809,53.41300083,125.0492021,0.019098971,5.532950039,3.959326457,0.299054707,0.044852765
x,588214,Vitis_riparia,6,26.69373631,96.18496174,1707.609107,25.04550599,6221.256793,1256.87247,15725.87754,5582.162726,62.87665027,140.6845663,0.088686892,0.883646638,52.84810545,280.1441993,0.006317708,23.27740702,3.794493819,0.41616258,0.019566959
x,588276,Vitis_riparia,6,138.7470654,168.8803154,1842.264818,13.47004359,7021.755003,3225.394528,16054.53857,7904.487295,64.25121275,257.0380933,0.111323098,0.8696001,51.8441109,116.8686545,0.001689507,7.644110416,6.796653331,0.243327864,0.025113435
x,588273,Vitis_riparia,6,64.05215565,181.1765713,2043.979483,56.95795514,6757.671168,-239.545213,16302.32649,9671.028116,67.68102792,334.7593623,0.153853266,0.520346764,36.3389753,134.2481045,0.027575943,3.569476917,10.93411053,0.235738235,0.017246431
x,588204,Vitis_riparia,6,131.9131568,780.0640819,2203.17456,18.1828115,6068.947513,1927.420993,14316.47411,8910.230424,53.20705057,197.2228005,0.070708901,0.570650597,55.71133051,95.12197946,0.010870275,10.76077905,8.388320694,0.454846022,0.044156373
x,588439,Vitis_riparia,6,40.36524289,133.8692185,1165.4159,16.49479958,5685.997608,1945.752616,14918.32653,2707.792639,47.14252811,475.7157051,0.1904676,0.76106594,43.27241633,122.9570463,0.020723088,8.677097505,1.144641223,0.310990502,0.04060588
x,588190,Vitis_riparia,6,207.591521,292.0855028,1614.274284,19.82491247,5427.682328,1673.714054,16061.47042,5748.771013,67.61961054,174.5639417,0.194993291,0.510409187,29.04294834,92.53728489,0.018745364,6.98038492,3.224677677,0.327076345,0.020913964
x,588274,Vitis_riparia,6,171.2885908,167.843656,1584.751017,13.59041341,6532.123167,2492.014916,16216.76704,6693.517254,72.04366357,305.5505583,0.125377892,0.692607153,48.41524575,82.0259923,0.013218462,5.933108305,4.724355066,0.184338372,0.056667497
x,588353,Vitis_riparia,6,80.15465901,292.0727148,1842.058751,21.08024955,6496.177887,2306.01868,15581.83753,7050.370321,74.25930024,313.0791716,0.139285204,0.471767706,53.05863836,156.1743378,0.033313901,3.182883062,3.622871039,0.31816803,0.041534011
x,588435,Vitis_riparia,6,130.4379938,87.50606178,1287.532347,13.29269627,5470.823866,1779.53982,15990.87081,3893.615039,47.45582566,111.0043695,0.062063624,0.488852689,36.94592992,81.76695654,-0.003199667,5.385327542,3.065984883,0.148040671,0.035878807
x,255189,Vitis_riparia,6,34.76356958,102.6927515,1338.675337,20.67537109,5636.831323,1426.50874,14367.55218,2932.307527,59.17263786,229.8731921,0.104834575,1.419642112,43.31862455,91.03551864,0.011642193,7.83811427,1.471835288,0.374792024,0.031623842
x,588456,Vitis_riparia,6,268.6128809,586.7631948,2445.093456,19.94084776,6847.193814,2015.153933,14643.22068,6248.590953,57.85563851,182.4627229,0.129660637,1.401168419,48.01017317,96.65894291,0.018018647,3.296436226,4.067830168,0.428152251,0.022791388
x,588345,Vitis_riparia,6,36.25794084,75.06230773,2674.44242,15.94768773,6988.407526,1914.166526,17163.44249,9227.65635,74.07672013,283.0967763,0.095477889,0.757920256,55.39532934,175.8870903,0.02404881,14.11516542,7.519756262,0.336814032,0.027079569
x,588562,Vitis_riparia,6,64.26938804,187.0369897,1828.18522,37.26268065,6392.144794,1711.794413,16954.58063,5193.33183,78.23160937,255.7769949,0.142843327,0.37388064,41.60907442,118.6834043,0.000794391,12.64298138,3.022170393,0.298833338,0.024636442
x,483177,Vitis_riparia,6,161.8968869,451.2856891,1624.020091,22.57499387,6268.277357,2890.967571,15957.17852,7458.398415,77.05421699,365.4557832,0.139770947,0.589781892,81.04079635,114.7087595,0.020000939,9.504125761,5.874189218,0.462116805,0.01749432
x,588564,Vitis_riparia,6,33.10843932,247.4732,2118.94854,41.49312296,6543.583899,3089.988897,18566.74435,7899.851149,86.75154049,804.3285282,0.33208026,0.908016505,59.28735572,203.2747321,0.086798968,4.39113685,3.771710158,0.449640579,0.026008872
x,588271,Vitis_riparia,6,27.66258021,121.6159302,1558.983962,16.0800429,5808.39724,1847.255811,13667.10254,7801.34993,75.777592,265.5438265,0.129743073,0.313034398,40.27252397,97.02586985,-0.003351245,5.419477055,6.438741193,0.306200885,0.008437285
x,483168,Vitis_riparia,6,34.54734444,76.46011165,1387.869139,17.6374186,5655.168917,1753.620813,14961.52302,6867.779959,65.3608591,446.0092214,0.220867426,0.826859931,43.14360735,101.1328986,0.025952253,8.968296406,5.861446911,0.245497776,0.03294828
x,483171,Vitis_riparia,6,39.72470866,216.9369134,1905.040087,22.65406319,6629.435396,2072.132385,15243.8182,8655.742295,115.0000526,364.3884206,0.146008594,1.07618768,42.83799747,142.3068705,0.027684035,3.824029187,6.717009792,0.448086817,0.039094005
x,483169,Vitis_riparia,6,66.89567681,158.2022778,1814.03077,11.20222348,5493.661772,2257.439415,16764.96207,8765.396345,52.04080836,258.3477728,0.107478817,0.509007643,38.77889651,85.2405128,0.008467396,7.061114017,9.832213931,0.15606224,0.023326576
x,588711,Vitis_riparia,6,185.0230063,301.161396,1591.880429,16.82037205,6099.572458,2594.872693,16680.49955,6018.006585,52.85424711,246.2914254,0.085413144,0.410464535,37.36969382,123.4005857,0.02549789,4.392178853,4.851561105,0.18735774,0.035371775
x,588653,Vitis_riparia,6,74.47795919,198.5944163,1431.38078,19.82249237,5544.335945,2032.620534,14548.47799,3454.513196,67.57621733,271.4509622,0.103015593,0.314346933,36.25475372,137.9401017,-0.000119041,2.603620792,1.235576748,0.731760223,0.016385552
x,594344,Vitis_riparia,6,154.3703121,102.2091566,1720.956326,17.81391968,5307.588852,2020.199045,15893.83624,6524.917586,50.79961083,206.7413394,0.126751827,0.438568725,49.67387917,90.00541352,0.007023463,7.953357492,4.417333001,0.365824885,0.027576012
x,588718,Vitis_riparia,6,97.14683946,238.9766744,1315.524852,15.78356542,5718.088692,1813.535688,14191.3261,6348.237793,49.46752943,288.8836125,0.103101694,0.492599914,42.24468324,132.9035317,0.0022754,5.053625728,3.91181527,0.322163879,0.018881955
x,588586,Vitis_riparia,6,29.14887704,77.77634308,1120.058739,18.38724483,4828.355738,2247.999762,15392.34057,5363.18224,44.48318028,220.956594,0.082902975,0.814095915,42.15556682,129.0781924,0.01465325,10.21534793,3.303606906,0.285309101,0.01876796
x,588710,Vitis_riparia,6,137.9966875,110.6696508,1256.433415,22.83186975,4348.279418,2377.274296,14045.14874,3823.633859,64.43115052,404.3588001,0.218608543,0.430314487,46.99242426,101.7760363,0.019889091,5.890446684,1.744149686,0.134363738,0.016875193
x,495622,Vitis_riparia,6,54.18032066,98.35656159,1016.628007,16.6861569,5003.139477,2506.961934,16554.27777,4594.536226,41.39536598,298.1413693,0.110379757,0.653780717,28.60794405,143.7817568,0.010344209,10.01241851,2.905235709,0.115913208,0.024250593
x,483166,Vitis_riparia,6,128.8658346,244.23519,1507.468736,20.51375091,5413.823125,1925.229044,17089.37324,5409.039124,52.76875986,280.6811742,0.124183691,0.785995802,35.12612658,118.7580752,0.007598794,7.788433687,2.933755992,0.239359608,0.02287467
x,588510,Vitis_riparia,6,53.81629782,74.57594459,1522.555322,13.55089462,5516.206911,2962.199592,21610.11631,7904.219071,65.8470842,249.9832028,0.095714074,0.796065555,32.12336604,88.181769,0.014218959,2.098048458,6.859467975,0.18455617,0.03182851
x,588275,Vitis_riparia,6,134.7535471,374.6395175,1557.699879,18.64439468,4703.245739,2764.651667,16620.97163,4687.98905,41.70176439,226.1821234,0.109175887,0.666061684,22.33489617,92.05465766,0.01185551,4.478352935,3.916918587,0.358504727,0.010806115
x,588258,Vitis_riparia,6,176.7268038,190.3471092,1149.647214,13.08539588,5049.63532,2065.252085,16441.51906,2730.944861,33.0938635,163.6160112,0.066045946,0.541945399,22.84607218,144.1913514,0.016168,3.370109904,1.809953862,0.235401445,0.014041565
x,483176,Vitis_riparia,6,65.83910639,88.04315849,909.3647764,11.62066917,3220.076061,1501.606611,10168.73434,3673.858049,31.08321865,143.9469875,0.052695217,0.335593379,27.62463629,57.97987274,0.010721958,1.799166271,2.956038266,0.144567812,0.009820298
x,588167,Vitis_riparia,6,267.7409368,518.3751724,1525.681153,14.62666657,4721.351644,2607.996122,13075.15051,4889.168795,50.24140916,122.4749571,0.052305063,1.444180465,34.54905356,106.8695432,0.010111675,3.200508423,2.615864312,0.192347863,0.012031225
x,313922,Vitis_riparia,6,258.4320956,526.3372183,1589.439712,16.39409312,4487.867901,2221.569616,12965.74551,6771.377265,40.18904461,116.1180767,0.038643402,1.203177348,21.69022508,66.7532634,0.013892863,5.131463016,6.172860831,0.335385231,0.014142367
x,588269,Vitis_riparia,6,84.15493072,142.3861929,1507.652941,13.02145529,6196.952621,2919.810245,20292.81955,4638.174978,47.659395,296.7207968,0.119185359,0.804478517,28.85305852,123.6566158,0.005931058,4.602273113,2.884702491,0.317603984,0.009493959
x,588369,Vitis_riparia,6,136.1468874,175.9707158,1519.60359,18.26679648,5304.672507,2327.371404,17648.13491,4496.583265,55.47582011,247.0716202,0.10570036,0.486858221,36.18024711,223.8841445,0.014589925,5.151960626,3.128378686,0.35946277,0.011069316
x,588457,Vitis_riparia,6,123.4277879,119.8704362,1439.875701,18.87459723,4667.865062,1971.827493,16543.02091,2964.721762,41.17614776,226.5051221,0.109469279,0.371127662,36.32215246,100.0776166,0.005317664,5.905393072,1.675469446,0.258436703,0.017318926
x,483167,Vitis_riparia,6,338.8999147,200.7084861,1438.531477,33.98356645,4927.840832,2567.516711,13757.70016,4692.120028,45.55978423,212.042201,0.083200825,0.360255776,23.57661235,91.13789459,0.012816851,6.422895493,4.219031436,0.258105831,0.015715958
x,483182,Vitis_riparia,6,238.7779813,163.3575505,1836.466404,16.0871548,4895.698437,2364.225814,17157.79853,4278.939499,47.30777178,340.7285653,0.17490444,0.684629325,42.25779113,119.3313688,0.008979711,9.688620832,3.992671992,0.198816077,0.025053841
x,483181,Vitis_riparia,6,115.2195109,142.2641235,1610.259425,27.34299471,5961.73943,2616.711282,19600.92611,6144.076921,42.68775341,286.2349121,0.237570873,0.427768084,46.21681563,91.01653056,0.015519328,6.486153005,4.009462977,0.982146913,0.019798089
x,588483,Vitis_riparia,6,129.2566948,114.7156303,1430.492938,28.08787105,5235.250492,2135.497691,20576.43184,4229.994376,37.87375737,198.9967276,0.082333758,0.244837024,26.69865284,71.68489007,0.0126336,5.675267305,3.088775775,0.258489242,0.013626317
x,483165,Vitis_riparia,6,79.34804776,81.60051625,1220.253921,45.18663646,5251.424314,1890.978669,19632.25069,2411.857316,40.11145823,73.00853055,0.044199193,0.262111475,31.00370742,111.7836056,0.007431823,2.38239069,1.435912466,0.161349935,0.011299407
x,483178,Vitis_riparia,6,86.52295126,125.3263353,1699.588795,20.67322159,4966.849789,2164.032124,16361.70801,5794.962341,41.91227473,239.8996413,0.099935649,0.592146176,29.57603072,100.5727713,0.01138558,6.837976108,5.373595563,0.196102107,0.014860418
x,588565,Vitis_riparia,6,329.880505,353.0935599,1571.047292,35.186754,5984.293281,2847.469083,16477.1283,5309.300145,51.05697162,249.5314792,0.090204189,0.289708363,19.49744908,80.40568812,0.010507091,4.284477649,4.613585814,0.313201277,0.012391302
x,483170,Vitis_riparia,6,75.43703417,63.67186472,1346.780005,15.21059977,5362.463486,2473.401261,17735.21148,4224.109681,44.21546286,171.8117048,0.079190829,0.389091961,42.72779506,79.31887895,0.00959021,2.383066888,2.459314473,0.435244765,0.020560703
x,483175,Vitis_riparia,6,191.5772614,258.3420117,1586.191055,19.74915796,5722.433303,2308.614512,18038.0794,5977.807073,45.87323974,254.3711011,0.102450751,0.412923914,49.71130324,88.9658527,0.017088063,4.219916099,3.719231195,0.822962496,0.013544537
x,588054,Vitis_riparia,6,205.8558291,206.6080987,1268.896212,19.36677313,5312.090624,1810.313645,15727.68995,4320.26791,55.79640003,176.4679119,0.065298441,0.829952199,37.20821021,73.10074347,0.003578595,4.121448877,2.520563188,0.115769349,0.026137846
x,588455,Vitis_riparia,6,101.3052742,45.21173686,1313.749612,23.77223397,4798.457561,2029.003545,21230.32428,3328.894686,41.29448858,126.4695036,0.0524095,1.141985538,32.09240382,109.8664121,0.006763635,5.83408503,2.248500637,0.107230282,0.031753257
x,483173,Vitis_riparia,6,318.7673083,240.1401661,1717.806972,24.82159575,6037.66295,2670.991162,13351.86498,4822.967352,70.57120029,289.136808,0.167841292,0.723537668,49.98368147,185.1636533,0.008334294,9.745414694,5.231214107,0.299647264,0.013417426
x,588568,Vitis_riparia,6,210.7868729,307.1692358,1638.853156,20.24918356,6374.845836,2593.129898,18694.13894,3986.294295,47.08760872,190.3211434,0.090301413,0.278258179,33.46672312,72.17706063,0.013868541,8.146329103,2.846719196,0.238215927,0.007775925
x,483172,Vitis_riparia,6,50.98001715,96.07579665,1234.394741,28.12522541,5437.756095,2339.229379,13424.56859,3495.187095,48.37765986,242.1991261,0.118535476,0.349795985,29.46144094,135.909797,0.019425986,10.85541115,2.6195581,0.487220225,0.016652691
x,588354,Vitis_riparia,6,57.95721137,144.2202629,1281.533968,14.41057643,5423.711213,2502.56741,19117.64021,6779.294374,35.88730104,283.9124624,0.114421821,0.405202367,38.79850595,88.19012535,0.00570846,10.3128945,5.832930452,0.277776565,0.017037931
x,588272,Vitis_riparia,6,60.02592758,80.8212149,1445.16407,14.36368984,5691.880745,3641.980801,15432.32712,6503.610319,68.85175509,316.6347158,0.13915208,0.450283157,36.37628614,202.3450337,0.015482341,2.181769411,6.859951937,0.257445992,0.01701937
x,588374,Vitis_riparia,6,120.6495586,150.9768657,1458.042874,11.11662709,5566.002261,2896.153952,18469.28677,6781.282981,73.17943107,297.9389434,0.104237869,0.581115201,19.73314011,85.90826398,0.010472971,2.262536129,4.676143376,0.187112137,0.009800033
x,588346,Vitis_riparia,6,30.27597672,137.4989303,1738.301832,14.06578056,7118.907863,3331.696436,20245.43676,6376.493128,73.55788017,236.0965253,0.092981058,0.362746459,50.48931086,148.6287329,0.012508201,2.511029931,2.975326581,0.417472567,0.007535004
x,588373,Vitis_riparia,6,147.6036467,445.9106733,1625.094791,12.63413358,6403.60236,2909.987831,12332.31991,5205.809777,128.6187077,256.1852897,0.121336758,0.47307513,39.71900705,93.4749229,0.013575184,4.536164213,3.511329371,0.378176145,0.017082778
x,588406,Vitis_riparia,6,33.95746288,261.0578397,1978.099805,26.29701058,5305.63153,2864.90187,20483.30569,13890.86301,62.65938708,407.433065,0.153076403,0.305365568,23.23163169,156.1397094,0.024537507,2.660388019,14.72459979,0.198874978,0.013029367
x,588404,Vitis_riparia,6,218.3136905,227.3209452,1344.218768,12.29059068,5889.96292,2557.646801,16852.91159,3061.192029,40.33741593,153.4825309,0.125011145,0.605825226,25.69385826,69.35284114,0.005980369,7.163779708,1.43122029,0.258488899,0.009574966
x,588259,Vitis_riparia,6,111.5139143,142.3747357,1247.822743,10.65744004,5902.873314,2342.666211,16934.7012,5876.574977,52.99911223,212.9924964,0.095812846,0.552128595,45.79081133,193.3001172,0.031067083,5.495909583,3.452740756,0.271286978,0.009206012
x,588260,Vitis_riparia,6,31.21263524,67.70163779,1400.097232,8.924285726,5648.429807,2676.772718,16889.61302,5685.881528,46.14886297,132.1421805,0.054201453,0.220251783,24.88460201,143.1377088,0.013253179,3.552714338,3.675176757,0.166955605,0.010850026
x,588436,Vitis_riparia,6,255.1505284,234.7918872,1552.90012,16.88190049,6045.63335,2878.104777,19390.01282,7528.378816,52.22055073,137.5083133,0.063291293,0.216711779,60.24839226,368.3023662,0.01541023,7.866421404,7.628384314,0.766232806,0.020725255
x,588400,Vitis_riparia,6,27.82046912,222.1858088,1463.954111,17.60292538,5798.870853,3084.377806,12796.207,8698.745309,63.33241382,360.8641944,0.161437348,0.430913316,33.01106413,103.9378516,0.002096455,6.416696612,7.234648223,0.461534684,0.030934914
x,588261,Vitis_riparia,6,87.50240348,77.38048008,1322.496034,8.858007996,5175.315013,2060.934051,18704.03466,3995.601146,40.16964651,108.8050173,0.037065583,0.339712792,27.92944237,252.6202033,0.010344627,4.048264554,2.991930621,0.172165908,0.010375452
x,588344,Vitis_riparia,6,77.74560582,206.1110649,1570.120942,12.3182545,6321.155554,2959.622153,18264.30054,7347.05151,77.45988275,332.151641,0.171248585,0.557089366,38.9428152,88.74798588,0.009664758,5.20474724,6.586414598,0.133687776,0.008761094
x,279897,Vitis_riparia,6,34.87602755,193.7571784,1785.302319,14.7477854,6024.93475,2222.186921,16506.84649,10997.1575,37.16979097,232.2769133,0.093287149,0.322862513,22.09832522,73.71250163,0.004942398,6.909778342,10.34408338,0.178463504,0.011776426
x,588304,Vitis_riparia,6,170.3183789,319.2909655,1579.502613,12.88879801,6502.043482,2935.420737,18803.71804,8798.084339,60.83276689,288.3540783,0.15428356,0.334344829,30.49836098,78.07193615,0.010102144,5.41831054,11.73623602,0.275182012,0.007469155
x,588437,Vitis_riparia,6,158.5298404,186.5779193,1282.160504,23.84248038,5678.787657,2214.583712,19012.50553,5933.965131,56.05936647,149.2952908,0.068129356,0.232065603,30.88853723,217.3440761,0.019311238,7.938719801,4.191180663,0.305794541,0.020172717
x,588349,Vitis_riparia,6,42.47426214,62.55204678,1507.001447,11.6648304,5506.071655,3612.120164,15932.86035,10353.62138,73.07708037,291.7050885,0.112976259,0.412616866,37.25069081,149.3227073,0.005483285,1.929277566,10.08602363,0.219604052,0.014217393
x,588350,Vitis_riparia,6,33.27655292,143.3557077,1470.412454,13.15669814,6579.763395,2625.753021,16037.87597,4225.781698,53.9336744,134.0230578,0.062442665,0.284678914,35.0159844,162.5973373,0.009513311,4.24188163,2.765432282,0.389928548,0.005830487
x,588262,Vitis_riparia,6,127.4957032,80.67733058,1746.972914,17.54512635,6241.29409,2961.2319,20978.14658,4030.387727,60.55509195,306.7285144,0.143135019,0.585537415,61.8177101,295.9305222,0.019107995,7.009683592,2.317705466,0.234328806,0.01040025
x,588270,Vitis_riparia,6,91.27496426,94.43334595,1775.716061,15.64330527,6529.785411,2841.603364,20982.92334,6699.827389,56.26443273,197.6291805,0.086566716,0.32141628,35.79872832,107.8775125,0.003254428,2.524447301,5.982265022,0.318489396,0.012678142
x,588181,Vitis_rupestris,7,243.746814,156.3958146,1853.5361,14.05921761,7188.002586,1318.900715,20691.51146,3832.186735,52.45431657,93.10422802,0.049925786,0.314039425,71.806855,119.195455,-0.001772234,12.19342046,2.087532871,0.259862018,0.021987056
x,588146,Vitis_rupestris,7,151.0433969,260.3499544,1480.099033,7.68056506,6198.638025,2361.363199,19798.65839,2748.868439,43.15085601,110.0428735,0.055855615,0.335137469,67.12036584,72.30246396,0.008835131,9.363700921,1.856821221,0.194568605,0.014172102
x,588355,Vitis_rupestris,7,117.942741,81.47804873,1369.437407,8.673302413,6174.481269,2284.133857,20630.49921,2670.838182,42.54974189,265.7754922,0.120785881,0.475015924,87.56546014,75.8242701,0.007053079,4.402930398,2.281552293,0.402777319,0.017614458
x,588147,Vitis_rupestris,7,242.433063,149.4827875,1813.659622,18.91479524,7251.849559,2249.756326,22542.4122,3556.164315,52.20241254,131.2821184,0.110743188,1.177261874,90.68583203,268.9918099,0.01856134,22.04010104,2.437646563,0.176427601,0.063182198
x,588188,Vitis_rupestris,7,71.17973653,255.5780256,2279.059657,10.36832448,7429.250275,1922.516365,21713.10553,4319.586601,47.29582174,212.8456339,0.089904811,0.52636043,88.19228992,87.99119989,0.021685689,8.623531928,8.104405892,0.172233412,0.06235987
x,271662,Vitis_rupestris,7,48.01449878,189.444643,1376.08097,16.54065545,5540.379682,1662.797569,13503.72654,2618.005633,46.90232145,373.7267253,0.147638508,0.458079045,59.75764354,113.4818859,0.012468708,5.715696281,0.783136581,0.481204889,0.01242524
x,588330,Vitis_rupestris,7,64.22513703,104.216757,1454.792859,10.49356099,6576.795287,2489.082764,17676.50464,3633.65674,46.80805116,285.8920033,0.115007884,0.481242812,82.3156461,115.5930802,0.016651832,7.263733187,2.651859474,0.461688387,0.101999735
x,588224,Vitis_rupestris,7,162.9773581,133.4422785,1373.695508,8.674805273,6231.824345,1750.666159,16847.9114,3864.77799,42.32250769,107.8192808,0.036164403,0.359731291,70.42171585,105.0999111,0.00953602,3.701349782,2.778851965,0.258759572,0.034416169
x,588227,Vitis_rupestris,7,246.1741781,494.0693318,1722.092909,31.44516812,6484.35466,2429.340729,17181.04445,4412.190312,60.59882746,431.558183,0.166046033,0.735499735,82.1846759,145.7102362,0.032999704,5.126806035,3.885811217,0.38447768,0.038524101
x,588228,Vitis_rupestris,7,125.1918286,352.6865179,2068.317338,12.42722037,8251.221118,1632.289312,19485.9613,3757.877865,66.79767561,174.0808286,0.057464183,0.299720738,62.21699737,232.888735,0.016726805,2.883449265,2.573986751,0.273017706,0.013638837
x,588684,Vitis_rupestris,7,39.85908671,149.6020669,1849.820043,19.63169257,8344.84596,2148.642345,18686.50764,4814.862562,60.25421858,304.5196004,0.108626576,0.502886198,100.569625,102.3665119,0.034785234,5.390798395,4.985173205,0.363924091,0.021791731
x,588683,Vitis_rupestris,7,95.28158151,412.1743606,1988.567825,15.65608682,7541.593204,2750.49839,18662.84461,4084.145337,55.04882039,210.6924637,0.115335234,0.387336161,74.84206213,95.45362811,0.014601643,8.556650572,3.242666285,0.360373924,0.055254525
x,588574,Vitis_rupestris,7,136.1515386,83.60990743,1434.950848,10.05261796,5763.802271,2521.213983,19514.25844,3343.59647,38.63070374,149.3320794,0.063705862,0.533714313,49.83345512,53.73016265,0.004146092,8.460420123,2.169542282,0.267277785,0.031528213
x,588454,Vitis_rupestris,7,38.74020978,64.60124864,1523.641145,19.47823089,4644.174813,2590.044312,19182.53109,6119.658278,54.56873817,187.6245291,0.067309983,0.518672358,46.64831828,114.9980725,0.014936804,10.6813727,5.69370963,0.691937949,0.0243976
x,588384,Vitis_rupestris,7,49.78516396,61.54829179,1409.188988,28.88673941,5314.167273,2587.607073,19075.48416,5939.469805,44.20153752,333.4849076,0.119484514,1.041507666,85.47251271,102.9734534,0.011883714,11.02408013,5.252862676,0.146420029,0.080947682
x,588540,Vitis_rupestris,7,164.1760729,92.66827422,1184.561106,14.25658162,4891.81386,1869.048151,14527.59027,3909.755815,53.89114383,256.2779857,0.10958932,0.671965638,79.13167304,117.9091276,0.021059323,1.463627793,2.502528058,0.165933906,0.079575044
x,588333,Vitis_rupestris,7,128.5851903,165.488742,1783.15014,10.70166418,6454.700449,2307.612095,21042.81372,3356.56762,44.57081843,113.5139621,0.026626905,0.872187719,86.17734294,91.7422795,0.005203534,3.628706948,1.848875146,0.193849427,0.050236462
x,588160,Vitis_rupestris,7,27.50016628,156.3925021,1783.587448,19.73126546,5929.313346,2592.237491,20778.48831,3592.645133,40.9331896,136.6212947,0.050772024,1.063390525,49.16001213,77.82871949,0.003261746,5.157606308,3.084900667,0.292741725,0.017020582
x,588174,Vitis_rupestris,7,40.37442961,74.90746154,1588.087436,10.61822064,5802.87769,2452.34304,19308.44586,3324.25099,36.73867131,142.649758,0.103176201,0.266196606,66.42556413,62.03951605,0.006085206,8.269306826,2.88429933,0.30499762,0.024120103
x,588401,Vitis_rupestris,7,47.80538724,65.3665148,1454.186656,19.58427584,5698.501095,2847.225287,16505.65233,2026.730264,42.95964981,189.0698691,0.07806903,0.592402579,80.46894667,137.3530621,0.004266186,8.072033043,1.840194265,0.222613568,0.019272675
x,588331,Vitis_rupestris,7,151.365008,151.7969548,1312.886258,14.66497203,5441.829284,2440.352242,15630.64853,3036.257139,48.97933321,87.28249654,0.04878274,0.190924962,65.31099977,55.75027498,0.008549461,4.904248384,1.685349526,0.212202329,0.012848767
x,588225,Vitis_rupestris,7,28.97611227,81.88992161,1542.892293,13.58750764,6393.748296,2493.19356,18086.62033,4633.919948,56.43286313,180.1989036,0.098380176,0.738774817,79.66032943,158.8253774,0.014730682,7.178346986,3.525585955,0.164683536,0.015106245
x,588229,Vitis_rupestris,7,200.836427,193.5956764,1836.26745,15.87796963,6665.819119,2259.500735,21656.18936,4921.459975,40.9701005,85.35460521,0.027748981,0.154489104,54.30700125,116.8819935,0.008222896,3.958050428,4.289785086,0.259635763,0.018248913
x,588395,Vitis_rupestris,7,67.74116847,304.3140909,1569.374659,16.67715406,6748.686105,2350.68057,20042.69489,4278.399563,53.81419316,143.035195,0.155757391,0.495989707,40.64240078,117.1755173,0.003762517,6.422968354,3.711750752,0.196166869,0.016555922
x,588223,Vitis_rupestris,7,88.28475667,137.8051064,1830.54727,20.3673562,5943.593009,1801.982172,19458.84904,5180.378015,51.91340992,132.6300028,0.053713867,0.616149322,84.30478655,152.6650778,0.011372485,8.072707893,3.548403983,0.069746,0.02328969
x,588415,Vitis_rupestris,7,50.88592115,89.9335737,1473.206347,9.593451353,4804.220324,2566.438306,18431.33139,3606.273235,39.19044069,224.9362572,0.143179249,0.214377136,51.9595402,53.20210149,0.001274522,7.283096952,2.737794968,0.146461556,0.016598566
x,588231,Vitis_rupestris,7,128.6679484,113.0853012,1598.780202,22.1761574,6597.880871,3126.942164,16825.09716,5132.179239,57.67891341,254.7743131,0.116362993,0.597176445,74.28146349,144.4372238,0.020877308,4.619477905,3.278860365,0.232065898,0.03295187
x,588142,Vitis_vulpina,8,24.85888299,112.8548151,1133.65491,16.94899774,4977.453382,1723.581665,12090.40724,2622.689106,36.94205151,442.8991476,0.188387732,0.716156788,43.64783836,257.0528553,0.039254109,7.171864018,1.546112245,0.447135481,0.032790817
x,483180,Vitis_vulpina,8,61.69884305,132.2295636,1400.02147,26.15171512,5074.088061,2205.686637,16737.73062,3519.524368,57.13762859,532.6442841,0.278917622,0.594795001,62.01230665,103.8956973,0.022473324,2.5788313,2.541835416,0.221396239,0.040739295
x,588680,Vitis_vulpina,8,40.25484861,264.8652403,1146.24641,24.12085365,4681.923338,1743.101223,15131.19581,2728.491771,47.41848451,301.4829224,0.21807431,0.731658758,62.12789081,124.9228678,0.024353334,6.159772939,1.186031117,0.119818442,0.016598932
x,588133,Vitis_vulpina,8,76.042608,93.21418974,1496.248239,26.34087431,6482.847274,2178.380763,13503.25789,5654.072097,77.24410572,419.2993788,0.197401577,0.831796633,96.7773194,136.3552783,0.018346417,4.222608213,2.755149142,0.657264582,0.056226618
x,588679,Vitis_vulpina,8,39.16952362,135.9722677,885.8301192,26.82741653,5244.492924,1977.819869,15840.62065,1525.311063,49.41711512,374.4998929,0.186889957,0.562951665,67.12978476,210.3998089,0.031221418,8.436091606,0.981176393,0.134109343,0.015491733
x,597115,Vitis_vulpina,8,148.1214329,93.40733951,1212.140151,19.66002876,4895.974292,2256.609888,15903.78932,5396.653745,51.95621514,444.9395047,0.17926576,0.453809079,60.44324628,114.4601924,0.019983863,3.532617238,3.833957144,0.278506403,0.02262953
x,483184,Vitis_vulpina,8,23.95933092,68.082473,833.2633221,14.22340896,4453.316979,1577.213543,13845.07525,2670.873577,36.03346752,265.7370204,0.132533242,0.571257806,52.45085457,89.32623262,0.015168053,2.262299017,1.335820264,0.500273407,0.021432372
x,483188,Vitis_vulpina,8,97.2600857,177.2517668,1001.935219,14.78718459,4185.088107,1616.720403,14511.86532,2951.506577,38.81668827,265.0655943,0.103871612,0.493594254,55.97590771,80.98837929,0.012150128,2.278883583,1.760047759,0.388168266,0.032248776
x,483190,Vitis_vulpina,8,118.4185953,142.1091081,1208.82027,26.84347341,4462.374828,2092.301281,14404.28727,2182.446643,44.9982152,319.8210556,0.141605585,0.505986305,50.27685458,134.4664107,0.018501236,2.082072609,1.355821657,0.104287074,0.040484943
x,483187,Vitis_vulpina,8,247.2465477,388.6782846,1709.19942,24.86812379,5198.472128,2422.367553,14335.07116,5729.39875,64.35877935,365.0629779,0.144895798,0.667751391,62.19358597,157.650724,0.018435028,2.138814844,5.008329032,0.176857695,0.06099828
x,483186,Vitis_vulpina,8,35.69420398,114.3152065,843.8953187,16.19226288,4511.920126,1766.818026,12541.89771,2816.067679,39.22387299,250.0613393,0.111199967,0.363133036,60.45328062,93.72261543,0.005324586,2.95550957,1.688486247,0.167583403,0.032094414
