Indv_ID,ZLi7,ZB11,ZNa23,ZMg26,ZAl26,ZP31,ZS34,ZK39,ZCa44,ZFe54,ZMn55,ZCo59,ZNi60,ZCu63,ZZn66,ZAs75,ZRb85,ZSr88,ZMo98
1,-0.203343354,-0.052892101,-0.40012162,-1.076708238,-0.339460573,-1.440502575,-0.496516368,-1.042335473,-0.263837125,-0.29643249,0.561911028,0.850002948,1.082790405,-1.209826406,0.643762533,-0.354193151,-1.078875263,-0.991246486,-1.31096123
2,-0.247432354,-0.996062898,-0.116439802,-1.524713179,-0.120256793,-0.197744966,0.839422844,-0.397475455,-0.786417635,0.120650188,0.47716073,2.30775342,0.400042743,-0.713868268,-0.964548029,-0.148505238,-0.649630465,-1.104258943,-0.340063514
4,0.189571646,-0.942890572,-0.018005323,-1.563450241,0.124484858,-0.033290477,-0.836388565,0.148676927,-0.590447485,0.313014727,-0.207568607,1.093884395,0.015846613,-0.501431631,0.944314765,-0.107112784,-0.501344438,-0.57591096,0.003575603
5,0.287060646,0.271171021,-0.065216605,-0.200814951,0.28458988,-0.021847212,-0.679629665,-0.110499004,1.006298798,0.370367075,0.075637319,1.040703455,0.448989482,0.216089613,0.063349847,-0.355410467,-0.896127081,0.974356614,0.044428016
6,1.955503646,-1.33348724,-0.367588762,1.794012137,2.482158909,-0.815924154,-0.663916197,-0.056406506,-0.246943556,2.219456063,0.523475628,3.399341582,6.075937424,-0.007315842,-0.084063784,1.483811008,-0.465944197,0.63025667,0.511095456
7,-0.153341354,-0.917425486,-0.192284096,-0.830648382,-0.088171351,-1.029971154,-0.315363179,-0.909238578,0.043872204,-0.124661565,1.136883619,1.536288454,0.56215946,-0.768666258,-0.68362084,-0.399359614,-1.177742201,-0.524023263,-0.462419797
9,0.047248646,-1.617901551,0.129835256,-0.331100337,0.069546172,-0.602152944,0.271286099,-0.821890027,-0.031965325,-0.227267102,0.626292866,0.362698704,0.31825181,-0.218782955,-0.373676694,-0.248884199,-0.827638895,-0.272924699,-0.768994751
11,-0.367892354,1.150070392,-0.473472167,0.254072814,-0.456899248,1.332205123,2.581120948,0.260892306,0.406749777,-0.248526269,-0.345987479,-0.571343305,-0.504840943,1.640100221,-0.015726133,0.695332124,-0.756527077,0.846132447,-0.30135591
12,0.435525646,-0.532184487,-0.040349026,0.298316183,0.400781426,0.101931773,-0.090923516,-0.868524383,1.003165546,0.319603433,0.65167234,0.081103851,0.546201423,-0.049502485,-0.362438138,0.049092649,-0.976030682,0.492891514,0.455997532
13,0.135679646,-1.087222006,-0.371637396,-0.427915686,0.102018099,-1.026293728,0.597682946,-0.837775653,0.277318228,0.41427247,1.699787578,2.075121013,1.286974947,-0.892078432,-0.302125091,-0.567107068,-0.773905198,-0.489634913,-0.73539857
14,-0.133447354,-0.111308254,-0.230587692,0.356649718,-0.194764463,-1.59705104,-1.159612964,-1.364859202,0.587466983,-0.233283854,1.227778287,-0.188764399,-0.022362586,-0.706611095,-0.471486621,-0.522404509,-1.011755533,0.038925137,-0.862399882
15,1.531041646,0.35121974,-0.32679645,-0.118057367,1.435440493,-1.164274509,-0.362327708,-0.677299794,1.636181084,1.65746392,4.560629293,1.913510632,1.125939448,-0.988879275,0.428208512,0.750871951,-0.930508408,1.103476302,0.368037587
16,0.004809646,1.292882576,-0.366209421,1.452976135,-0.016085627,-0.442967455,1.060414774,-0.897502718,1.927250526,0.004270353,1.404731798,0.668331417,0.474140192,-0.257686196,-0.577147346,-0.20998199,-1.05512057,1.895741868,0.048023549
19,0.214683646,-1.116253374,-0.291047324,-0.335477439,0.271697656,-0.982749668,0.437336312,-0.410962754,0.23687077,0.306587887,3.626897225,1.305987157,1.891685655,-0.61374079,0.371993779,0.023636128,0.070762574,-0.226619328,-0.934812153
20,-0.209894354,1.754688847,-0.119166846,0.642413795,-0.201735093,-0.501309048,-0.793398674,-1.162967065,1.064138307,-0.081501921,0.254489277,0.113768272,0.150895693,-0.114428381,-0.715012358,-0.429508142,-0.697362912,1.041215506,0.144615971
22,0.189551646,2.189235217,-0.473478086,-0.053000538,0.058524407,-0.196007205,0.763354242,-0.46498563,1.626959524,0.207749977,0.017716925,-0.328782283,0.30105487,0.161294035,-0.513448015,-0.014724688,-0.448003229,1.515930389,-0.112210687
23,0.713785646,-0.929544798,0.110250938,-1.128812152,1.306118382,-1.63937127,0.874691612,-0.02060385,-0.77087388,1.310675837,-0.180687705,0.306718438,1.51748241,-1.364032524,-1.196546028,0.723367214,-0.561890473,-0.441619576,-0.660981596
24,0.238890646,0.667255797,-0.123537809,0.218107438,0.183275837,0.693451298,0.282328946,-0.373733082,0.328840733,0.091165264,-0.672452799,-0.434302835,0.106155962,0.489672254,-0.566788402,-0.172897987,-0.574433674,0.589314778,1.085762421
26,1.475185646,1.169083838,-0.051600367,0.623768164,1.145989982,1.185455091,-0.161146998,-0.133403889,1.680339812,1.450561753,0.108730841,1.353193824,1.088742074,-0.411114723,0.860274269,1.894844783,-1.032098411,1.920420348,1.044941671
27,0.902181646,-0.168735675,-0.401804009,-1.382242909,0.894789851,-0.554848401,-0.659261494,-0.698976948,0.861174358,0.687392046,3.25422771,1.245871489,0.920462405,-0.913696787,1.387436511,1.78942604,-1.218261721,0.5887796,-0.250444068
28,0.872178646,0.59674234,-0.35146541,-0.388387988,0.885692751,-0.584546039,1.273590543,-0.761452909,1.78072003,1.131481065,2.150577075,0.308395923,0.919369287,-0.582684316,-0.162643089,2.677856986,-0.957821791,1.238752109,-0.344561075
29,0.124246646,0.489920294,-0.023077818,-0.932978797,-0.08798472,0.122469975,1.436011799,-0.647244293,0.752432281,0.29781405,-0.06414796,-0.492386776,-0.145341452,0.501999749,-0.837042027,0.446339298,-1.346069243,0.518876033,0.581530282
30,0.029296646,1.426054644,-0.454964992,0.277098083,-0.089127727,2.98745032,1.586504672,1.179345318,0.759246648,-0.004890755,-0.075872595,-0.201899675,-0.496113473,0.366255942,-0.278515648,0.589897842,-0.768183258,1.342642329,2.384732912
31,-0.392640354,-0.986296395,-0.046595014,-0.862595069,-0.435885256,-0.887886749,-0.512034068,-1.00159719,0.197511078,-0.387668977,0.518444801,-0.66539896,-0.523313002,-0.787715717,-0.986077063,-0.660714729,-1.414401398,0.053806802,0.284760733
32,0.597040646,-0.329798267,-0.41001036,-0.424450183,0.52154093,1.443876305,-0.083852385,0.309485419,0.572024463,0.416754007,1.698352084,0.84180578,0.137894781,0.533400442,0.159817877,0.225302233,-1.143464991,0.6570794,0.942185896
33,0.211102646,-0.465670333,0.166253695,-0.650202705,0.175970491,-0.768919816,-0.564613821,-1.085621496,0.287134174,0.01414689,1.342510224,-0.463302563,0.345293202,-1.376557742,-0.850274494,-0.092413795,-1.454376794,-0.313688519,0.097777124
36,0.775218646,0.810085581,0.136995171,0.953925686,0.409727834,1.024448601,0.181556292,-0.005759873,1.516672667,0.440671753,-0.201237966,2.012205615,1.080790973,-0.022611747,4.363007695,1.320257308,-0.541058168,1.987320107,0.560537794
37,-0.069999354,0.310577426,-0.406557047,0.128382327,-0.104100485,-0.807015681,-0.667238751,-0.451557973,-0.149155838,-0.197649227,-0.132937828,-0.398418424,-0.128555216,0.123785946,-0.268137565,-0.436390664,-0.908368578,0.211577453,-0.386179135
39,1.870531646,-1.30874592,0.13851372,0.300096151,1.316808244,-0.337242107,0.163433813,-0.675272304,0.267826355,2.036589751,2.391062788,2.26380959,1.439568948,-0.286426852,0.173702583,2.213609249,-1.183954685,0.603239194,0.212722674
41,1.340418646,-0.144589738,-0.207293393,-0.67002278,1.189735937,-0.828221111,-0.26048249,-0.849184079,0.199414349,1.026001224,0.515587885,0.483569395,1.489647922,-0.754432422,-0.493541515,0.37110343,-1.118960582,-0.027638968,0.27925704
42,2.932794646,-1.367114194,-0.035552165,0.083925777,2.992959519,-0.262969111,-0.94163795,0.012129155,-0.301802125,2.711778717,1.838110382,2.490582102,1.417463691,-0.641463158,-0.231730758,2.190502922,-0.418323415,-0.227053474,1.329797996
44,-0.281661354,0.212770646,-0.361765503,-0.639722176,-0.447225395,0.486569271,2.077322455,1.418127214,-1.002624726,-0.348243522,-0.669945363,-1.049637364,-0.585369663,1.093992323,-0.434017891,-0.752678175,1.181889628,-1.213367803,1.175781694
47,0.136179646,1.954901683,-0.12355653,1.330924107,0.5923321,0.842353636,2.408406259,0.33067329,1.464132087,0.540656146,2.243401491,0.407276084,2.063059235,2.39326419,1.18092377,1.011625972,-0.682612346,2.503011715,0.815520692
48,-0.208069354,1.411715855,0.119470287,1.226407983,-0.26725395,0.310750066,1.156136121,0.683335622,0.608425145,-0.037667057,2.089258152,0.071008325,0.261674458,0.050463099,0.238535539,-0.08955676,0.220140295,0.973021627,0.085425924
49,-0.447445354,1.545667463,-0.203959036,0.880496859,-0.471532725,-0.496228125,-0.318638591,-0.467044294,-0.368347215,-0.610897897,-0.842050253,-0.712760296,-0.422602214,-0.804069366,-1.00321847,-0.03852493,0.345584973,-0.223032133,0.241089127
50,-0.461362354,-0.124028097,0.087154303,0.141790404,-0.403715303,0.323301138,-0.314515601,-0.34610521,-0.091269919,-0.507715138,-0.628832779,-0.801286196,-0.708789974,0.263387986,-0.601582481,-0.065698657,-0.457853784,-0.13667175,3.442418852
51,-0.236583354,1.00716179,0.142058557,0.010536726,-0.337819916,0.184520457,1.26923588,-0.125890134,0.569478929,-0.233054313,-0.392519967,-0.648666604,-0.203619666,0.741677961,-0.805047001,0.888662041,-0.456900826,0.594209135,0.210987203
52,-0.174082354,-0.018828234,0.399717097,-0.954944928,-0.265997732,0.415150447,-0.74729553,1.558919021,-1.214067564,-0.548082456,-0.908454057,-0.773832906,-0.484712247,1.087522606,0.125966301,-0.860693274,0.589079006,-1.135398522,1.021349241
55,0.175889646,0.883009817,-0.291853419,0.667740496,-0.008052178,0.431706224,-0.407221342,-0.016001628,0.905713091,-0.273631013,0.507203011,1.108533432,0.498685214,-0.392555565,4.026103039,0.123018582,-0.439922446,1.406715752,0.017466754
56,0.679834646,-1.092230627,-0.141008388,-0.65290297,0.729227125,-1.076952256,0.508459174,-0.092165261,-0.611796272,0.472201161,0.15394982,-0.072315754,0.544896155,-0.366559163,-0.814453884,0.19382946,0.179722822,-1.024661969,-0.015315857
57,-0.407863354,-0.36651646,-0.343828921,-0.782507983,-0.333479135,0.27850854,0.435816799,0.22907468,-0.354563495,-0.391436552,-0.190809349,-0.281831627,-0.512670087,-0.379575024,0.819140162,-0.744660526,-0.265951529,-0.45398364,1.501307357
58,0.012744646,-1.011855454,-0.012753825,1.338644188,0.044884881,-0.509412811,-0.030680813,-1.468502831,1.707071497,-0.082584078,0.486484811,0.04990827,-0.11407638,-0.775617044,-0.317436968,-0.2290661,-0.840407248,1.631356517,0.73646579
59,0.055937646,-0.223386946,-0.07701854,0.65218551,0.048474664,-0.408448526,-0.060374651,-0.577286509,0.387008251,0.025333745,-0.564507546,-0.200618908,0.199286703,-0.76431868,0.397440009,-0.10706535,-0.892079951,0.116122097,0.510189922
60,-0.195418354,0.987111525,0.060827054,1.086166591,-0.391614522,-0.192396768,1.73809128,-0.545538303,1.132231409,-0.416712564,-0.192938967,-0.282782269,-0.733454572,0.171483095,-0.81451104,-0.597433878,-0.665266904,1.245791569,-0.879070938
61,0.237729646,-0.346610572,-0.109950434,-0.427878802,-0.003892263,-0.27104938,1.79681822,-0.573509585,0.882851028,0.000243638,2.14254453,0.527177372,0.199656498,-0.883462254,2.735523323,0.055233618,-1.041613485,0.527704319,0.136698546
62,-0.131890354,-0.150463509,0.62707384,-0.420747433,-0.187126938,-0.685177264,0.391783539,-0.44528804,0.222334091,-0.067702263,0.188416481,0.031225081,0.483131299,-0.25900103,-0.249521426,-0.4484246,-1.300999386,-0.489820491,1.93846993
63,-0.198285354,0.628976405,-0.166401578,-0.901487766,-0.207121657,2.629974508,2.016144677,2.169915212,-0.90820966,-0.247841038,-0.849046431,-0.848323148,-0.347454507,2.278970588,-0.42427238,0.156256813,0.006257089,-1.17839312,1.956110196
65,-0.384360354,-0.359713905,0.403736037,-0.143687164,-0.327211542,1.143899347,-0.319147364,0.897788475,-0.684188344,-0.46730228,-0.656493954,-0.759010965,-0.797297855,0.694695056,-0.590265347,-0.633076892,-0.053249376,-0.464037807,2.178448353
68,0.238887646,-0.471245899,-0.414224888,-0.062421211,0.693063874,1.812690695,2.994772621,1.854138875,-0.311464384,0.470319707,1.795406587,1.463871841,1.081841714,0.737217896,2.220362769,0.580606652,-0.565930866,0.375992768,0.794211489
69,-0.305562354,1.291713184,-0.238091395,-0.333267055,-0.356567396,-0.951534339,-0.319105375,-0.788923509,0.905558392,-0.313671035,-0.290426865,0.03795166,0.259591283,0.055001097,2.117169741,-0.524824013,-1.181530338,0.574765247,0.339307987
71,-0.072318354,-0.405614874,-0.21587751,-0.605308647,-0.135915891,-0.636425584,0.63147814,-0.699545178,1.026322511,-0.012269671,0.122812959,-0.563824282,1.638732247,0.326344436,-0.727529239,0.166505051,-1.051403695,0.684201523,-0.200848587
72,-0.102691354,1.657856304,-0.171979454,-0.548605097,-0.06171387,-0.560364281,-0.131523943,-0.490878673,1.267071053,0.313627303,1.223713186,0.291209018,0.411779651,0.371036346,1.264807609,0.797582449,-0.910181894,0.481713314,-0.393617303
73,0.707172646,-0.682985093,0.195442463,1.577717927,0.801768293,-0.977622954,-0.864407395,-1.005361647,0.840337186,0.785946762,0.104726656,0.290062533,0.691916519,-1.342280579,0.843756149,2.953165652,-0.729559611,0.485295059,-0.778684043
74,-0.576335354,-0.041666597,0.112376921,0.369030417,-0.303228093,-0.478098476,1.490024704,1.95469173,-1.000507054,-0.440937844,-0.624053545,-0.147741423,-0.214717437,-0.045829997,-0.382395569,0.152383643,0.002538252,0.197534924,-0.798185159
76,-0.077377354,1.724675155,-0.374325305,2.472350911,-0.142057266,-0.194149804,0.362635403,-0.512763879,1.443466365,0.117482237,0.392792133,-0.02104602,0.03382187,-0.794611059,-0.136513244,-0.12912651,0.247724531,1.658563654,-1.17114528
80,-0.423803354,-0.303946687,-0.022008881,-1.18872823,-0.434783545,0.819463448,-0.209706758,-0.089085392,-0.506076984,-0.399839402,-0.761828643,-0.205830333,-0.664913359,-0.092371401,0.619794494,-0.167105407,-0.572016573,-0.592940216,1.122244296
82,-0.419644354,-0.701797868,0.101881457,-1.166926837,-0.412315418,0.01241502,0.064882737,0.224195469,-1.5196714,-0.410721258,-0.807565437,-0.583103391,-0.904889265,0.970286564,-0.668983299,-0.362542832,0.180157848,-1.501945968,0.152262543
83,-0.455137354,-0.23327641,0.061745699,0.604522557,-0.048382096,-0.018185341,2.119943938,1.818095579,-0.694700984,-0.27984778,-0.417333556,0.028658175,0.014862456,0.704612253,0.562226787,-0.344568087,0.620227935,0.022681563,-0.191941004
84,0.029677646,0.187486446,-0.214763119,-0.194027873,0.075016301,-0.059294663,0.059010711,-0.995824219,0.550321198,0.009424418,5.06423404,1.41951809,1.686207287,-0.4875718,0.344487561,-0.155604072,-0.612778234,-0.106134728,-0.550520636
85,-0.317746354,0.5782944,-0.335159713,-0.282874544,-0.123872555,0.654386679,0.543415417,-0.130565449,0.742812112,-0.003973194,-0.485272686,-1.030615242,0.05922041,1.27154724,-0.582414152,-0.496654393,0.429654427,0.492376056,0.43846446
86,-0.311374354,1.470887987,-0.018690347,0.764559212,-0.238868848,-1.080281852,-0.777461222,-1.197326897,1.411277464,-0.346104488,-0.089391138,-0.660748085,-0.417011288,-1.113360191,0.255632819,0.168199971,-1.098011876,1.045017989,0.802021984
89,-0.323754354,-0.55009746,-0.217037488,-0.512114619,-0.403067853,0.022734205,-0.257915915,-0.024323792,-0.255658755,-0.632958753,-0.902381652,2.004914602,0.082452672,-0.188982025,5.17311005,-0.723741035,-0.196412025,-0.336510207,-0.42446145
91,-0.341086354,-0.955534645,-0.06059434,-0.114385603,-0.233516945,1.396637276,-0.16846405,0.490699635,-0.015088892,-0.208059033,-0.067243419,-0.502662605,-1.226968344,0.952733969,-0.262683062,-0.165695494,-0.59761748,0.241016109,0.871186465
92,-0.463585354,-1.065597755,-0.218846883,-1.240269263,-0.444607549,1.226377174,-0.464209831,2.051657388,-1.426547981,-0.66471953,-0.684925752,-1.052735719,-1.023583735,1.25025359,0.074806769,-0.888575433,-0.062823185,-1.44957016,-0.434368022
94,-0.288411354,-0.134530731,-0.434300427,-0.961714674,-0.275187394,1.451933509,0.585933514,0.356714367,-0.06264514,-0.276167848,-0.034219718,-0.783526761,0.665307673,2.42448608,0.920398626,-0.631528361,-0.78186818,-0.507652207,1.251076659
95,-0.492404354,-0.981572961,-0.321088504,-1.009730436,-0.413429509,-0.313259868,-1.138593301,-0.315283693,0.058753279,-0.437550157,-0.292525006,-1.229277029,-1.173766491,0.454424673,-1.003536817,-0.642643482,-0.584997566,-0.051964544,-0.109896543
96,-0.390309354,-0.803779833,-0.137302628,-0.202649301,-0.377396095,0.621002722,-0.626754138,0.175449593,-0.607808427,-0.526846501,-0.732133712,-0.719262457,-0.861210004,0.429631128,0.985975525,2.398956479,-0.214498431,-0.569472553,0.11429633
97,-0.418711354,0.362621186,-0.40190841,-0.530722447,-0.341937104,-0.722304273,-0.120891741,-0.896836812,0.589055182,-0.15464317,0.27743342,-0.849423258,-0.461064624,-0.333637728,-0.297133184,5.259666094,-0.736654205,0.271830378,0.010748438
98,1.131630646,0.610394391,-0.069826373,1.973932474,1.082908655,2.151873643,-0.690714267,-0.776206856,1.614537359,1.233268574,0.723227056,0.755827901,0.365959448,0.576727528,-0.213361048,2.217681761,-0.914913737,1.821425297,0.381680432
99,-0.448373354,0.195221546,-0.064660956,0.676286486,-0.466693495,1.428586937,-0.459436559,1.394886584,-0.470337153,-0.606438209,-0.795767272,-0.184339551,-0.671565493,-0.388776224,-0.316167721,-0.30795903,0.453335508,0.352637135,-0.91508657
100,-0.350770354,-0.106884424,0.378311475,0.097261157,-0.394768833,-0.874917902,-2.149069425,-0.950851273,-0.471248577,-0.461296784,-0.701767616,-0.106406262,-0.286464188,-0.440766296,0.764975636,-0.133143819,0.166034376,-0.565758273,-0.984612248
101,-0.202452354,0.11638586,-0.157915344,-0.346813268,-0.292760967,0.46046486,-0.959385551,0.828153227,-0.801981524,-0.235278299,-0.966241449,-0.568219951,-0.663644985,0.203890794,1.486788577,-0.258650949,2.069799947,-0.726774477,-0.53339357
102,-0.406068354,3.407456208,-0.268544633,0.936826585,-0.363581797,0.398953713,0.736387219,-0.713926499,1.458927731,-0.192149096,-0.076071923,-1.011737711,-0.214838998,1.17823165,-0.545148054,-0.305125098,-0.269373435,1.230760035,-0.536475816
103,-0.493615354,-1.080192396,-0.161293813,-0.863117648,-0.508451146,1.572436505,0.602654909,2.810447819,-1.630696491,-0.849456195,-1.04787228,-1.217656551,-1.29715191,0.635738836,-0.765568025,-0.90831952,0.852830414,-1.721453743,0.033117392
104,-0.465109354,-0.969333556,0.291274279,-1.111515186,-0.445453432,0.552020973,-0.622055622,1.055994228,-1.19562943,-0.736703137,-1.101517275,0.393135323,-0.396827202,0.338234688,1.487340286,-0.903765724,1.919737235,-0.580851854,-1.120985303
105,-0.243279354,0.734484256,-0.091297269,0.922218828,-0.38094614,0.940365169,0.356188519,0.635515524,0.146262005,-0.452572832,-0.668898205,-0.336016643,-0.263986795,1.846627354,-0.169473209,-0.747394684,0.580572251,0.740849874,-0.439607193
106,-0.474261354,-1.297957317,-0.057152773,-0.740129572,-0.450884863,1.556477408,0.913304392,2.926693242,-1.485520424,-0.741850617,-1.066202536,-0.270354487,-0.712195584,1.604053162,0.182514506,-0.934612869,1.338984387,-1.032411568,-0.252135189
107,-0.389640354,0.9517744,0.023551009,0.931174444,-0.363202644,1.098388988,0.762207693,-0.066383342,0.519556519,-0.241787741,-0.529946886,-0.748267494,-0.344273552,0.560202174,-0.19633032,-0.589734768,-0.341626908,0.859865265,-0.84151531
108,-0.465089354,-0.218354359,-0.104287002,0.044806824,-0.426046465,2.00558737,1.439417498,0.715916679,-0.357193281,-0.35651319,-0.658072547,-0.584475346,-0.676720816,1.189228936,0.673169933,-0.70146111,0.764570299,-0.147672063,-0.275283923
109,0.348066646,1.349821396,0.086849183,1.104073033,0.353027312,-0.21544661,0.752214846,-1.142908487,1.770784066,0.645513001,1.647212448,-0.320748994,0.460360972,0.139349111,-0.69527326,-0.23065634,-0.960187878,1.484591592,-1.3827631
110,-0.327296354,3.046910193,0.272899642,1.724874988,-0.363865743,0.712321764,-1.103339276,-0.775578715,0.898618193,-0.366590575,-0.326851588,-0.065494659,0.167946738,-0.278896164,0.297566603,-0.061618376,-0.613007234,1.372297851,-0.197937408
112,-0.533422354,0.821219154,-0.204066707,0.959624915,-0.299066786,1.183999695,4.179634768,2.069459285,-0.081360183,-0.146210507,-0.697503663,-0.387057393,-0.276261496,2.33529999,0.964898821,-0.289126602,0.022086961,1.055594799,0.396910558
114,-0.330548354,-0.608989742,0.084672073,-0.117275661,-0.342862959,-0.507747041,0.016272557,-0.246701118,-0.243140945,0.759569016,-0.526305793,-1.127407564,-0.649476937,-0.27935619,-0.829756261,-0.182939318,-0.451578957,-0.340489727,-0.458394439
115,-0.321582354,1.220892853,-0.209044543,0.238148493,-0.207409012,1.186295904,-0.54878465,0.640149134,0.680058965,-0.290437841,-0.324675466,-0.060053352,-0.288177769,1.512518723,-0.396956245,0.144417926,-0.111000751,0.950623707,0.364424853
116,-0.252878354,0.115728414,0.22874856,1.775333051,-0.271309498,0.422006901,-0.38059321,-0.106172614,0.943409104,-0.321011545,-0.408614126,-0.153400105,-0.382018448,0.478890132,1.891810954,-0.470464292,-0.581629493,0.87085547,0.481679222
117,-0.462016354,-0.797506277,-0.04689646,-1.276050591,-0.408627033,0.803336599,1.855444203,0.399194114,-1.385123992,-0.489888979,-0.728435433,-1.019242199,-1.018616132,0.047934161,-0.222912813,-0.724958761,0.394360723,-1.433407861,0.414889472
118,-0.475097354,0.230859869,0.023304947,1.750384031,-0.424740698,1.886417559,0.998727479,-0.579934017,0.428405768,-0.408832795,-0.844688594,-0.729747007,-1.092913175,0.073975686,0.048483827,-0.257664869,-0.236476371,0.815436379,-0.356723899
119,-0.350026354,1.040109651,0.385588363,0.699118253,-0.342753879,0.643899673,0.676268799,-0.590937209,1.233486278,-0.053760712,0.842476291,-0.887018279,-0.576034271,0.358229419,-0.439481741,2.513811779,-0.442184903,1.391590164,-0.589327677
120,-0.262689354,-0.68031229,-0.156720321,-1.044705004,-0.443776661,0.491920908,0.159989838,1.03128822,-1.104840866,-0.502235525,-1.000747212,-0.561815062,-0.839383211,0.073983331,-0.4773344,0.273481322,0.729479259,-1.129613195,-0.165890732
121,-0.291546354,-0.410997594,-0.012301464,-0.234517494,-0.30877477,-0.533961901,-1.062091719,-0.448822828,-0.045548803,-0.312729519,-0.692610552,-0.655501568,-0.672524544,-0.531138232,0.214588621,-0.343847797,-0.536827406,-0.20815014,-0.447910159
122,-0.010735354,0.014692479,-0.078141661,1.255645617,0.085874428,-0.534254273,-0.951107437,-0.5247082,0.107741818,0.039087808,1.199003162,0.017046891,0.287161078,-1.048371526,-0.336336596,0.169469424,-0.542265559,0.244496972,-0.992736281
123,-0.471651354,-1.319521643,0.017330261,-1.300585758,-0.481485657,0.05529632,0.247223967,0.094653604,-1.475959454,-0.673558652,-1.099810117,-0.796403333,-0.840191617,-0.661844129,-0.324274163,-1.01936912,0.210754769,-1.589883497,0.152451359
125,-0.530694354,-0.753265286,0.077613629,-0.828924913,-0.497018173,1.092966502,0.001384108,1.353286803,-1.443220556,-0.742840166,-1.117110928,-0.575889216,-1.420403213,1.908566058,-0.162435559,-0.787371093,1.079369548,-0.972912749,0.419001623
126,-0.548169354,0.334672042,-0.268079143,0.015814875,-0.431513113,1.877193509,0.069598165,3.234129852,-0.76148637,-0.6390421,-0.883359756,-0.556017902,-0.788578996,3.642015779,-0.350888616,-0.928274807,3.200485615,-0.304061946,-0.340221587
127,-0.432772354,0.12442153,-0.284337787,0.153840901,-0.413428155,-0.88686772,-0.242585507,-0.380404754,-0.66768836,-0.589902527,-0.562037374,-0.038229271,-0.332697694,-0.843742861,-0.592783875,-0.560249284,1.571792526,-0.169294922,-1.640260155
128,-0.454008354,-0.194621408,-0.293909001,0.678392468,-0.380190978,-0.520901759,0.148937435,-0.8533659,-0.046442231,-0.340580006,-0.802252319,-1.143140782,-0.509104136,-0.791624614,-0.785513768,-0.37387999,-0.498171024,-0.119551689,-0.617541228
130,-0.731583354,-0.763962454,-0.145248181,-0.795132559,-0.413825657,-0.927268018,0.492825848,0.623521933,-1.185498175,-0.490014069,-0.606568429,-0.314105554,-0.60053069,-0.949033434,0.019715893,-0.365574062,0.638765216,-0.859280582,-1.026124626
131,-0.491139354,-0.265264292,-0.301902544,0.43939236,-0.428876713,-0.287209371,0.477288203,-0.261821998,-0.578532092,-0.455919238,-0.550292001,-0.257387361,-0.290894294,-0.363625685,-0.989182672,-0.720802628,1.451809166,-0.447508631,-1.356392716
132,-0.452512354,-0.678453327,-0.119179636,0.020432117,-0.489965891,0.561866962,0.654979548,0.475224627,-0.749097188,-0.691768646,-0.728791229,-0.443909775,-0.55824468,0.039498639,-0.341162971,-0.405999655,0.719981876,-0.667744863,-0.797343937
134,-0.460047354,-0.13342225,0.074765481,-0.132833597,-0.374725894,-0.174560383,0.265213708,-0.295176563,-0.424587536,-0.473237929,-0.506220099,0.123806571,-0.734833454,-0.030703655,0.541556849,-0.288380755,0.534980658,-0.159070749,-1.334533786
135,-0.393126354,0.079577397,0.392541919,1.523262384,-0.414773343,1.00566703,-0.394617605,-0.173784934,1.035096258,-0.487982671,-0.27632613,-0.529369471,-0.074394378,0.257383989,0.996073135,-0.669082403,0.06011288,1.202971186,-0.356674465
136,-0.463406354,-0.496321151,0.439670478,-0.684241902,-0.478516533,0.315138018,-0.237243993,0.515616213,-1.409486437,-0.649500718,-0.865186153,-0.055696458,-0.611274099,0.967499479,0.040463614,-0.882586782,1.788355736,-1.258705001,-0.999517265
137,-0.497682354,-0.125697755,0.100861585,-0.685108813,-0.445088651,0.446201828,-0.624312672,-0.133840289,-1.578823349,-0.717807373,-0.766138281,0.345835517,-0.765508358,0.371942649,-0.696116896,-0.866961618,2.867010833,-1.475710916,-0.235780389
138,-0.338911354,-1.401123506,0.287282804,-0.57818037,-0.016156191,0.734245665,-0.070556924,1.781467323,-1.198407574,-0.413634743,-0.261400441,-0.466851565,-0.682903749,-0.488906871,0.087196046,-0.337665119,0.065810004,-0.334683195,1.564843445
139,-0.284830354,-1.271513375,-0.029896983,-0.842937336,-0.228673234,-0.767448449,-1.014590142,-0.256297873,-0.727977299,-0.045643379,-0.360315204,-0.441949129,-0.275408811,-0.951636887,0.048938776,-0.635966231,0.026030977,-1.155740928,0.413644347
140,-0.471684354,-1.046360129,0.038553495,-0.985258478,-0.300039358,-1.184855901,-1.428969699,-0.794930231,-0.558402685,-0.625992695,-0.6371398,-0.94714743,-0.740999719,-1.138866745,-0.194138252,-0.429137467,-0.802356439,-0.547025272,-0.000147195
141,-0.215608354,-0.52946593,0.020940021,-0.476236847,-0.261292779,-0.786328077,-0.5962512,-0.294245378,-0.310889312,-0.093541746,0.120117723,-0.175898693,-0.441906495,-0.693281284,-0.383392766,2.287076388,0.744790465,-0.378841835,-0.945092192
143,-0.433410354,-0.099202221,-0.508536377,-0.486062301,-0.496359319,-0.493141425,-0.800364448,0.073248836,-1.29606218,-0.689328437,-0.818968591,-0.792464734,-0.998881525,-1.103761398,-0.849456324,-0.301074054,0.823408797,-1.17880411,-0.3292568
144,-0.416932354,-0.95091185,-0.227689416,-0.948858846,-0.325854231,-1.226848243,-0.769773034,-0.917648522,-0.486263235,-0.019954675,-0.482638187,-0.756588449,0.110578856,-1.116265559,0.049701735,-0.337052372,-0.603127144,-0.858814443,-0.971104008
145,-0.262964354,-0.61904113,-0.212390888,-0.891761233,-0.261596907,-2.038396337,-2.28264619,-0.894946944,-0.460187113,-0.034184272,0.537179363,-0.068473096,0.789638152,-1.049727398,-0.383630181,-0.130339329,0.061599069,-0.925358555,-1.088826438
146,-0.552062354,-0.561544259,-0.24496195,-0.892247926,-0.473636231,0.641363453,0.114123403,0.501058315,-0.574254313,-0.645316389,-0.709533319,-0.722581035,-0.691415543,0.369865698,-0.731456706,-0.935613465,1.526367926,-0.925921019,1.026831701
147,-0.396664354,-0.571717711,-0.397859786,-0.179140468,-0.409066685,-0.379729209,-1.313884618,1.009978258,-0.889139704,-0.33430014,-0.89508719,-0.575193718,-0.645645337,-0.524328632,-0.985735875,-0.550714385,4.339477505,-0.598356188,-1.002236561
148,-0.429520354,-0.883295107,-0.434375177,-1.178240743,-0.426751234,-0.966927757,-0.737072904,-0.526877329,-0.62071461,-0.501395356,-0.803419358,-0.786882659,0.330295701,-1.347208468,0.457451778,-0.593225814,-0.613553612,-1.071255274,0.516836673
149,-0.400155354,-0.232569105,0.327568344,-0.58749552,-0.466739801,-1.113260726,-0.0556545,-0.935338614,-0.716554762,-0.507200986,-0.906888712,0.107979301,-0.246173088,-0.799436823,-0.108443125,-0.774749557,0.237158793,-1.170007968,-0.949762309
150,0.872292646,1.573795406,-0.010018067,1.133026962,-0.387824429,1.212703394,0.0137571,0.999461657,0.160404666,-0.368284802,-0.588826305,-0.090932723,0.015546851,0.703328346,0.653964615,-0.592304341,0.744591979,0.343523131,-0.032017677
151,-0.253735354,1.288259916,-0.106550099,0.395168094,-0.32605454,0.039007461,-0.104491788,0.077618244,-0.220851259,-0.313667671,-0.392932153,-0.153735432,0.257637363,0.694780415,-0.872210138,-0.351714968,-0.355085747,-0.292812566,-0.017057332
152,-0.226360354,-0.124422541,-0.129311525,0.084303499,-0.153828422,-0.950898279,-1.219283152,-0.291235452,-0.149112885,-0.132115478,-0.713886724,-0.401663816,-0.036051615,-1.352154206,-0.288394783,-0.131523729,-0.972485773,-0.486105229,0.399815645
153,-0.521449354,-0.702103887,0.134129309,-0.518700919,-0.488527935,-0.094153329,-0.30186182,-0.106320518,-1.049182969,-0.580055798,-1.007428277,-0.525593745,-0.544771601,-0.701149785,-0.752672772,-0.624167826,0.858388784,-0.801051949,-0.602328085
154,-0.379140354,-0.715760805,-0.182835804,-1.147045392,-0.423685827,-0.448327841,-0.85490615,0.095744877,-1.356875028,-0.326217289,-0.767868016,-0.934327218,-0.670124278,-0.596408004,-1.232083988,-0.457355339,-0.2008706,-1.41647001,-1.122760698
155,-0.119471354,-0.16579956,0.238004775,-0.511552575,-0.083356598,-0.898351765,-1.270379032,-0.294127099,-0.064979322,0.24982413,0.078970173,-0.556481846,0.439405439,-0.908605351,-0.755710479,0.032346875,-0.147679739,-0.497665654,-0.472684717
156,-0.323830354,-1.02698246,0.525596444,-1.45777583,-0.285970249,0.527242642,-1.330562285,0.712597758,-1.780361809,-0.489116468,-1.053599212,-0.893454391,-1.109722438,-0.618153138,-0.458670876,-0.526242104,1.878513099,-1.733412536,-0.394265173
157,-0.458769354,-1.085071346,0.327301888,-1.906651113,-0.423237389,0.626272643,-0.010876731,0.16764303,-1.433714995,-0.638019858,-0.930904364,-0.725040669,-0.67311307,-0.291870125,0.478255652,-0.607956289,0.590969126,-1.695477637,0.805279591
158,-0.347726354,-0.745055222,0.038473751,-1.07802549,-0.448380232,0.042109865,-0.296420843,0.272502969,-1.285949058,-0.590195152,-0.891090117,0.28119191,-0.890739379,-0.980181982,0.38873564,-0.499058358,0.218874911,-1.237102656,-0.356530438
159,-0.477295354,0.287573522,-0.061524717,0.805862308,-0.467945772,1.587519654,1.115644579,3.262562692,-0.731384575,-0.608646587,-0.932384537,-0.134830023,-1.002655041,1.773585882,1.209220196,-0.417446196,1.491556265,0.23879929,0.715678419
160,1.106726646,-0.92967011,-0.433985936,-0.255548653,1.057659759,-1.414640085,-1.552739605,-0.754670085,-0.372883453,1.727807848,-0.452032948,0.216577233,-0.250917913,-1.473911448,0.345781945,1.01745147,-0.672736991,-0.718528617,-0.852614944
161,-0.421034354,-0.983801464,-0.386040178,-0.80854266,-0.398384465,-1.052357214,-0.904935481,-0.473221364,-0.300708361,-0.300442155,-0.397719005,0.457074408,-0.291369543,-1.294283991,1.295349334,-0.441450891,-0.64609793,-0.660331789,-0.423561702
162,-0.743248354,-1.198551683,-0.056796876,-0.587959099,-0.405717137,-1.312718896,-0.052930737,0.300535486,-1.724648028,-0.457411418,-0.738465721,-0.391661676,-0.630945221,-1.576154597,-0.805396948,-0.623227748,-0.14004331,-1.604160651,0.427806615
164,-0.486142354,-1.037688029,0.101970014,-0.833881331,-0.448043446,-0.428201461,-1.818471313,0.029109906,-0.938836877,-0.501374076,-0.714381339,-0.576426252,-0.636834247,-0.818090988,-0.299619731,-0.274296763,-0.0592317,-1.257579054,0.303583696
165,-0.219666354,0.76944391,-0.341361685,0.902116517,-0.299053953,-0.549880077,-0.143119656,-0.502481265,0.162949352,-0.08954087,1.137428205,0.449134118,-0.186210808,-0.240248466,0.121811411,1.622937203,-0.386985701,0.226128666,-0.884550483
166,-0.516740354,0.672249388,-0.014934488,-0.079854047,-0.49626666,1.030070809,-0.109482143,0.952098592,-0.010850544,-0.39777374,-0.540500143,-0.562063581,-0.05383385,1.71255212,-0.866551383,0.089822469,0.883235315,0.002704739,-0.257787641
167,-0.382154354,0.313130559,0.249954053,-0.367215934,-0.392014666,0.291405832,-0.58912902,-0.28605545,-0.493922748,-0.438217188,-0.552570097,-0.402562277,-0.498365475,-0.076891081,-0.629831154,-0.048352811,0.115696088,-0.462650522,-0.949301391
169,-0.270915354,0.86465544,-0.006932437,-0.020433065,-0.370584323,1.179920204,0.248587411,0.703628411,-0.667317146,-0.49148208,-0.610397397,0.308482049,-0.581989006,0.492591462,0.271350361,-0.483374925,0.465027375,-0.650719908,1.535107713
172,-0.497416354,-0.59366539,-0.028288006,-0.953304273,-0.462962802,-0.409401106,-1.6636119,0.154900304,-1.192810594,-0.180962373,-0.600664468,-0.338895332,-0.274333562,-0.825337162,-1.2560576,-0.471381062,0.618963463,-1.0268545,-0.736017013
173,-0.439321354,-1.212426365,0.185651562,-0.232217319,-0.424169277,-0.82979867,-0.572933044,-0.624409587,-0.76452172,-0.614869378,-0.808394758,-0.852089695,-0.990768462,-0.354262491,-1.079217422,-0.742835777,-0.312652994,-0.803679934,-0.324524167
174,-0.305507354,2.526989701,0.548975588,0.385740657,-0.23553644,-0.6432362,1.388950413,-0.492482571,1.729259007,0.113946636,0.509754337,-0.891562147,-0.419281651,0.250970716,-0.734369255,-0.05609915,-0.551076942,1.433017571,-0.570150375
175,-0.044457354,0.651538181,-0.325218533,-0.265600303,-0.200412684,1.30859696,0.459102593,0.156231258,-0.359984498,0.271331778,-0.766894011,0.103929763,-0.266906206,1.791421518,2.215126351,-0.038002755,0.869852963,-0.489409167,-0.508099984
176,-0.810497354,0.712033619,0.264801922,-0.331726048,-0.473710179,0.2411582,1.653731926,0.872111132,-0.724307453,-0.076680966,0.103154243,-0.73174711,-0.300243779,0.279253033,-0.911573616,-0.609692918,0.763104964,-0.038506249,0.708561591
177,-0.711505354,-0.991440695,0.560759807,-0.842575528,-0.414992438,1.394147735,1.48219945,3.306604941,-1.356255306,-0.179246651,-0.545001272,-0.665785508,-0.132828047,1.257611983,-0.391239283,-0.508795667,0.956536044,-0.98793837,-0.180131313
178,-0.078521354,-1.083388965,-0.07247864,0.009254514,-0.126992909,0.289512461,0.11725373,1.058743568,-0.154805019,-0.310199388,-0.226898487,-0.000979746,-0.208631338,1.192931082,0.928076569,-0.659844574,1.889879731,-0.149852773,-0.726027505
179,-0.091050354,0.372209889,-0.405798248,-0.815504583,-0.161253921,-1.028480884,-0.01252594,-0.543308323,0.016787121,-0.206272737,-0.109544213,-0.61484124,-0.547106088,-1.396939934,-0.768879602,-0.528555905,0.424471249,-0.136773782,-1.194960598
180,-0.118381354,1.759247705,-0.383972299,-0.044350504,-0.246897789,-1.353584342,-1.132815414,-1.090671296,0.257817073,-0.008502068,1.238351485,-0.330151081,1.399333969,-0.375082016,-1.122601597,-0.503993869,0.553624966,-0.015196331,-1.915452298
181,0.171654646,-0.626956449,-0.061713304,-0.147260483,0.109508567,-1.279810316,-0.360511776,-1.567192726,1.313304853,0.37259175,0.359845668,-0.217197106,0.02865492,0.047398282,0.663848665,0.240568172,-0.71788657,0.807229331,-0.758038114
183,0.062676646,1.806449826,-0.050459882,1.138422298,-0.418953979,-0.018980133,0.607211053,-0.351219509,0.289231873,-0.096197053,-0.360604118,-1.031986965,-0.890000461,-0.008929485,-0.956773325,-0.118328496,-0.018248574,0.730545022,-0.342887703
184,-0.231764354,-0.391060463,-0.033819446,-0.61321967,-0.398906808,0.582101478,0.472551883,0.64685401,-0.1718107,-0.177069231,-0.711958955,-0.948512218,-0.207300791,0.731729501,-0.109430527,-0.672965386,0.229925932,-0.395756101,-0.121148793
185,0.368906646,-0.688983445,-0.22892756,1.219693939,0.248361256,-0.818679311,-0.593921811,-1.022528963,1.068321139,0.370949213,0.944201729,0.205463065,0.661890972,-0.890805782,0.870822131,0.421837166,0.087210719,0.875849743,-1.115035177
187,-0.020592354,-1.309801818,0.08547518,0.173256325,-0.12929009,-0.970113599,-1.147029486,0.598188299,-0.582617128,-0.396064399,1.956608159,0.826487513,0.188032058,-1.03085377,0.540041286,-0.375745016,0.279605554,-0.404178532,-0.884385661
189,-0.487088354,-0.519460317,0.019662558,-1.237761853,-0.426610689,1.200329472,0.404694352,1.274317645,-1.860901559,-0.706937811,-0.942379725,-0.709413051,-1.29596223,1.338874218,-0.546176196,2.213640939,4.856930753,-1.999509654,-0.580816064
193,-0.258688354,-0.997290352,-0.045030777,0.356708439,-0.236043528,-0.446870081,-1.046220394,0.277719466,-0.398419538,-0.271603746,-0.521455465,-0.291644611,-0.40168119,-0.492089454,-0.446119754,-0.31117345,0.048823204,-0.469644507,-0.251118058
194,-0.211399354,0.225383807,0.463727424,0.100307793,-0.227086265,-0.034112893,-0.411741671,-0.126955131,-0.426685442,-0.280944543,-0.25794427,0.491800029,0.268667465,-0.045868239,1.069625238,-0.345847762,1.72852284,-0.554335323,-0.875116815
196,-0.355997354,-2.035556442,-0.06743142,-1.705768394,-0.465628185,0.063675176,1.922483729,2.276012004,-1.665027686,-0.528756287,-0.742095377,-0.709704803,-1.186972089,2.150930254,-0.737695004,-0.704105513,1.441835513,-1.547533907,0.054884971
197,-0.317275354,1.451001459,-0.048924467,2.752584357,-0.273568778,-1.394400288,0.547193572,-1.422363986,2.018449242,-0.049300423,0.366294421,-0.705030353,0.436498493,-0.991297741,-1.058888017,-0.35541701,-0.33492166,1.674638759,-0.402992903
198,-0.424185354,1.935450702,0.099544278,1.966661181,-0.380262781,-0.452121967,0.392799855,0.061252604,1.097392715,-0.499918555,-0.464146649,-0.617244206,-0.113299718,0.103824376,-0.223988096,-0.894348794,0.909406587,1.190109325,-0.387576921
200,-0.178259354,0.008480863,0.637123056,2.107565917,-0.135368883,-0.619109292,-0.865353376,-1.136064374,0.619949331,-0.493168281,0.15045264,-0.280334058,-0.567804607,-1.012467993,0.594203143,-0.280122464,-0.482924372,0.767591234,-0.978216103
208,-0.451560354,-1.187000455,-0.211165156,-1.049497154,-0.599440462,2.137350313,2.056438027,3.095264884,-1.340146851,-0.790295671,-0.920441339,-0.937515816,-1.37818894,0.778609185,1.625607665,-0.833994902,1.565872163,-1.346688158,2.251544036
209,-0.315638354,1.89326733,-0.265255979,0.526220586,-0.278905331,-0.617181448,-1.151841627,-1.183138947,2.135336978,-0.386893042,0.600944895,-0.875799797,-0.103671191,-0.521572059,-1.00661525,-0.511823625,-1.039314855,1.823515365,-0.226750756
210,-0.363286354,-0.050147074,0.009002995,0.472937909,-0.418197014,-0.39842347,-0.364546436,-0.84619254,1.183935211,-0.34339206,-0.0996302,-1.303523876,-0.449043475,-0.630192634,-1.053735816,-0.663837145,-0.670777067,0.912290538,1.407343822
213,-0.437062354,-1.006816512,-0.369381803,-0.859531596,-0.461141261,0.361107492,0.218298383,0.512328196,-0.625919049,-0.631587357,-0.805765619,-1.328478741,-0.908655437,1.257723014,-0.606304824,-0.274181451,-0.181691477,-0.916624826,2.462071911
214,-0.622710354,-0.22822527,-0.060905322,0.395588885,-0.396794722,1.178014697,0.526641262,1.546353559,-0.206879136,-0.519855324,-0.432129577,-1.090848831,-0.654849793,0.752782677,-0.458299329,-0.429373816,0.545950505,0.494605324,1.362886761
215,-0.150727354,0.489274689,0.060154886,-0.169529968,-0.241771703,-0.536951415,-0.28041648,-0.237180242,0.690586405,-0.102832964,0.250198639,0.335111457,0.307627754,-0.199161061,2.06873102,-0.32512741,-0.436183959,0.253629378,-0.024730023
217,-0.191643354,2.032275202,0.098798098,0.115886104,-0.331842386,0.746320248,0.814122031,-0.711374361,1.484673796,0.08911022,-0.229574637,0.531728267,0.121003112,0.955240534,5.034079212,0.258934446,-1.002177429,0.73011357,1.800756739
218,-0.139678354,0.329403316,-0.315550003,1.483963116,0.310709806,3.821616152,2.31186728,1.631641488,0.332449284,0.183834774,1.044505382,0.334111963,0.523698874,0.951593536,1.874207721,0.268300058,-0.565332338,1.296396938,1.469661232
219,-0.462233354,1.279287509,0.064645025,0.711966924,-0.40730343,0.079214695,0.468528837,-0.502251191,1.302183929,-0.329032068,-0.266323224,-0.179897986,0.248716112,1.01206204,0.232739671,-0.390014653,-0.837961779,1.36455349,2.180532487
221,-0.110372354,-0.513312987,-0.376611498,-0.64723938,-0.115294908,0.215260689,0.193452138,0.719264468,0.040343597,-0.423575199,-0.409314584,-1.077711232,-0.805688929,-0.331279587,-0.462406414,-0.316422183,-0.040971497,0.187132456,0.718800304
222,-0.502417354,1.892360376,-0.508536377,0.434728942,-0.423502306,-0.394986056,0.321680632,-0.167958429,0.719270348,-0.344824414,0.192519587,-0.525669577,-0.525397428,0.290982672,-0.630741132,-0.233142905,0.696350696,0.870819576,-0.649953483
