Label,,X1,X2,X3,X4,X5,X6,X7,X8,X9,X10,X11,X12,X13,X14,X15,X16,X17,X18,X19,X20,X21,X22,X23,X24,X25,X26,X27,X28,X29,X30,X31,X32,X33,X34,X35,X36,X37,X38,X39,X40,X41,X42,X43,X44,X45,X46,X47,X48,X49,X50,X51,X52,X53,X54,X55,X56,X57,X58,X59,X60,X61,X62,X63,Y1,Y2,Y3,Y4,Y5,Y6,Y7,Y8,Y9,Y10,Y11,Y12,Y13,Y14,Y15,Y16,Y17,Y18,Y19,Y20,Y21,Y22,Y23,Y24,Y25,Y26,Y27,Y28,Y29,Y30,Y31,Y32,Y33,Y34,Y35,Y36,Y37,Y38,Y39,Y40,Y41,Y42,Y43,Y44,Y45,Y46,Y47,Y48,Y49,Y50,Y51,Y52,Y53,Y54,Y55,Y56,Y57,Y58,Y59,Y60,Y61,Y62,Y63
MO_507_E_323.jpg,E12,6722.5,6712.667,6668.667,6611.333,6954.333,6909,6934.333,7015.333,6996.667,6974,6645,6648,6595,7500,8217,8037,8127,7779,7569,7281,6651,6979,6952,6889,6823,7528,7482,7496,7733,7709,7681,7132,7132,7068,8645,10079,9735,10054,9682,9118,8782,7534,6533.167,6521.167,6575.833,6626.5,6165.5,6200.5,6208.5,6067.5,6077.5,6114.5,6599.5,6599.5,6642.5,4852.5,4755.5,4902.5,4855.5,5323.5,5719.5,5650.5,6034.5,5315.5,5279.667,5278.333,5279.667,5305.667,5308.333,5280.333,4947,4975,4951,4726,4765,4753,5904,5058,4974,4386,3756,3858,3522,3144,11826,11751,11724,11727,11911,11907,11859,11128.666,11158,11115.334,10069,10113,10095,13313,11585,11433,10449,8733,8781,8067,7077,17750.832,17708.168,17700.168,17712.168,17637.5,17649.5,17612.5,17019.5,17042.5,17026.5,16680.5,16712.5,16699.5,18380.5,16724.5,16759.5,16369.5,15529.5,15907.5,15575.5,14655.5
MO_359_E79.jpg,E79,NA,NA,NA,NA,NA,NA,NA,NA,NA,NA,NA,NA,NA,NA,NA,NA,NA,NA,NA,NA,NA,5402,5398.5,5342.5,5285.833,5658.833,5622.833,5640.167,5831.167,5807.167,5791.5,5469.5,5463.5,5418.5,6255.5,6909.5,6711.5,6939.5,6927.5,6603.5,6621.5,5583.5,6426.5,6447.5,6339.5,6264.5,6926.5,6894.5,6912.5,7006.833,6987.5,6956.833,6328.5,6327.5,6276.5,8364.5,9270.5,8862.5,9098.5,8411.5,7691.5,7217.5,6305.5,NA,NA,NA,NA,NA,NA,NA,NA,NA,NA,NA,NA,NA,NA,NA,NA,NA,NA,NA,NA,NA,4247,4215.5,4193.5,4175.167,4331.5,4323.5,4303.5,3972.833,3991.5,3953.5,3738.5,3774.5,3742.5,4910.5,4178.5,4136.5,3854.5,2912.5,3068.5,2798.5,2168.5,11138.5,11087.5,11075.5,11057.5,11216.5,11219.5,11186.5,10550.5,10578.5,10544.5,9807.5,9848.5,9826.5,12119.5,10487.5,10451.5,9471.5,7793.5,8313.5,7857.5,7065.5
MO_360_E_82.jpg,E82,6778,6785.5,6690.5,6653.5,6992.5,6951.167,6973.833,7051.5,7035.5,7016.833,6847.5,6830.167,6794.167,7533.5,8145.5,7935.5,8205.5,8217.5,7815.5,7737.5,7161.5,7935.5,7903.5,7807.5,7735.5,8585.5,8548.167,8534.833,8315.167,8312.5,8261.833,7283.833,7297.167,7226.5,10279.5,10997.5,10453.5,10197.5,8373.5,8005.5,7061.5,NA,8011.5,7987.5,7924.833,7879.5,8290.167,8274.167,8266.167,8151.167,8145.833,8112.5,7639.5,7648.5,7604.5,9337.5,9341.5,9009.5,8928.5,8344.5,7988.5,7690.5,6580.5,4462,4428.5,4438.5,4431.5,4504.5,4500.5,4473.833,4244.5,4267.167,4233.833,3955.167,3976.5,3955.167,5048.5,4436.5,4382.5,4106.5,3146.5,3326.5,3056.5,2120.5,11166.5,11118.5,11184.5,11208.5,10955.833,10983.833,10922.5,10078.5,10129.166,10101.166,9604.166,9644.166,9638.834,11813.5,8741.5,8997.5,7797.5,6501.5,7317.5,6917.5,NA,17102.832,17073.5,17162.832,17181.5,16922.832,16950.832,16897.5,16499.5,16531.5,16511.5,16396.5,16428.5,16438.5,17029.5,15805.5,15953.5,15429.5,14965.5,15465.5,15113.5,15053.5
MO_361_E_83.jpg,E83,7167,7155.833,7101.167,7053.167,7419.833,7375.833,7394.5,7559.5,7539.5,7522.5,7092.5,7094.5,7043.5,8113.5,8789.5,8597.5,8728.5,8326.5,8005.5,7681.5,6820.5,7114.5,7098.5,6974.5,6870.5,7971.167,7900.5,7921.833,8072.5,8049.833,8003.167,7050.167,7060.833,6975.5,9710.5,11399.5,10919.5,11175.5,10159.5,9263.5,8351.5,5679.5,7257.5,7219.5,7301.5,7359.5,6834.5,6871.833,6854.5,6691.5,6711.5,6730.5,7338.5,7328.5,7385.833,6056.5,5303.5,5543.5,5311.5,5791.5,6111.5,6479.5,NA,4751,4714.5,4681.167,4681.167,4741.167,4750.5,4711.833,4268.5,4294.5,4261.5,4082.5,4125.5,4104.5,5339.5,4303.5,4247.5,3809.5,2713.5,2873.5,2579.5,1813.5,12576.5,12534.5,12526.5,12488.5,12530.167,12526.167,12474.167,11592.5,11635.167,11581.833,10850.833,10900.167,10870.833,14215.5,12067.5,11827.5,10475.5,7811.5,8211.5,7395.5,7025.5,18318.5,18276.5,18254.5,18220.5,18416.5,18419.166,18377.834,17823.5,17849.5,17820.5,17461.832,17487.832,17483.168,19154.5,18202.5,18122.5,17506.5,16386.5,16458.5,16146.5,NA
MO_362_E_84.jpg,E84,7078,7057.5,7003.5,6978.5,7329.5,7310.5,7300.5,7188.5,7184.5,7150.5,6742.5,6761.5,6710.5,8069.5,8157.5,8001.5,7997.5,7360.5,7162.5,6844.5,5731.5,7292.5,7276.5,7442.5,7514.5,6861.5,6909.5,6875.5,6519.5,6546.5,6551.5,7039.5,7048.5,7080.5,6114.5,4690.5,4930.5,4411.5,4459.5,4909.5,5290.5,6274.5,7605.833,7617.833,7727.167,7796.5,7113.167,7157.167,7125.167,7002.833,7025.5,7053.5,7683.167,7677.167,7729.167,6584.5,5270.5,5558.5,5288.5,5601.5,6177.5,6785.5,7571.5,4227,4196.5,4207.5,4234.5,4070.5,4087.5,4054.5,3769.5,3792.5,3787.5,3731.5,3760.833,3775.833,4272.5,3300.5,3344.5,2984.5,2322.5,2472.5,2310.5,2036.5,10725.5,10673.5,10707.5,10697.5,10894.5,10880.5,10856.5,10320.5,10339.5,10306.5,9670.5,9697.5,9668.5,12174.5,11238.5,11030.5,10430.5,8852.5,8762.5,8234.5,6878.5,18384.168,18340.168,18350.832,18336.168,18412.832,18407.5,18375.5,17788.168,17812.168,17781.5,17295.832,17320.5,17305.168,19499.5,18335.5,18119.5,17249.5,16167.5,16047.5,15623.5,14615.5
MO_365_E_90.jpg,E90,6993,6984.5,6913.833,6865.833,7261.833,7228.5,7232.5,7233.5,7228.5,7195.5,6874.5,6877.5,6825.5,7906.5,8154.5,8042.5,8114.5,7726.5,7514.5,7346.5,6473.5,6128.5,6127.167,6243.167,6315.167,5737.5,5772.5,5747.5,5472.5,5485.5,5511.5,6179.833,6176.5,6221.167,4519.5,3751.5,4007.5,3911.5,4382.5,4802.5,5117.5,5729.5,6879.5,6887.5,6848.833,6792.833,7293.167,7257.167,7270.5,7408.167,7392.167,7378.167,7002.833,7006.167,6965.5,8165.5,8744.5,8520.5,8640.5,8088.5,NA,7851.5,NA,5804,5765.167,5777.167,5781.167,5782.5,5793.167,5758.5,5467.5,5484.5,5466.5,5313.5,5343.5,5339.5,6098.5,5330.5,5370.5,5054.5,4212.5,4476.5,4200.5,3508.5,12039.833,12007.833,12046.5,12039.833,12101.5,12098.5,12062.5,11403.5,11426.5,11394.5,10942.166,10973.5,10964.166,13097.5,11417.5,11321.5,10849.5,9433.5,9649.5,9337.5,8341.5,18063.5,18030.168,18007.5,18011.5,18150.168,18152.832,18126.168,17670.5,17698.5,17659.168,17344.5,17372.5,17351.832,18872.5,17760.5,17688.5,17104.5,16008.5,NA,16257.5,NA
MO_366_E_91.jpg,E91,7285,7266.5,7191.5,7135.5,7520.5,7485.5,7482.5,7409.5,7399.5,7359.5,7015.5,7028.833,6982.167,8219.5,8195.5,8071.5,8107.5,7480.5,7390.5,7325.5,6365.5,7022.5,7008.5,7114.5,7218.5,6425.167,6475.833,6458.5,6167.167,6196.5,6219.167,6949.5,6950.5,7011.5,4862.5,3614.5,4118.5,3608.5,4068.5,4700.5,5126.5,6146.5,6576.5,6578.5,6466.5,6380.5,7229.167,7178.5,7201.167,7449.833,7437.833,7400.5,6404.5,6416.5,6357.833,NA,9795.5,9375.5,9711.5,8146.5,7402.5,6447.5,NA,4396,4363.5,4410.5,4421.5,4319.5,4343.5,4306.5,3981.5,4027.5,4009.5,3967.167,4004.5,4009.833,4474.5,3602.5,3662.5,3458.5,2690.5,3008.5,2902.5,2374.5,11272.5,11210.5,11196.5,11170.5,11337.167,11334.5,11290.5,10519.166,10545.834,10503.166,9935.5,9975.5,9953.5,12412.5,10908.5,10756.5,9976.5,7896.5,8200.5,7612.5,5782.5,19368.5,19320.5,19314.5,19316.5,19325.5,19334.834,19292.166,18321.168,18357.168,18321.168,18046.5,18082.5,18087.832,NA,18419.5,18239.5,17231.5,15337.5,15703.5,15259.5,NA
MO_368_E93.jpg,E93,5372,5370.5,5437.5,5488.5,5160.5,5188.5,5191.5,5168.5,5183.167,5208.5,5435.167,5436.5,5473.833,4553.5,4329.5,4465.5,4401.5,4650.5,4834.5,4958.5,5594.5,6052.5,6062.5,6120.5,6172.5,5694.5,5734.5,5720.5,5668.5,5680.5,5710.5,6140.5,6138.5,6182.5,4959.5,4365.5,4539.5,4467.5,5151.5,5349.5,5688.5,6248.5,NA,NA,NA,NA,NA,NA,NA,NA,NA,NA,NA,NA,NA,NA,NA,NA,NA,NA,NA,NA,NA,4616,4583.5,4608.5,4609.5,4578.5,4587.5,4559.5,4299.5,4324.833,4300.833,4140.833,4163.5,4159.5,4803.5,4235.5,4235.5,3979.5,3193.5,3457.5,3229.5,2653.5,11079.5,11047.5,11039.5,11043.5,11039.5,11047.5,11009.5,10501.5,10529.5,10505.5,10343.5,10391.5,10369.5,11683.5,10531.5,10429.5,9841.5,8947.5,9181.5,8879.5,8567.5,NA,NA,NA,NA,NA,NA,NA,NA,NA,NA,NA,NA,NA,NA,NA,NA,NA,NA,NA,NA,NA
MO_369_E94.jpg,E94,6278,6280.5,6416.5,6464.5,6058.5,6086.5,6088.5,6128.5,6142.5,6172.5,6603.5,6632.5,6594.5,5369.5,5135.5,5339.5,5282.5,5708.5,5973.5,6193.5,6921.5,7776.5,7768.5,7552.5,7468.5,8415.5,8364.5,8395.5,8492.5,8465.833,8431.167,7556.833,7555.5,7488.5,9740.5,11024.5,10604.5,11036.5,10052.5,9380.5,8924.5,7100.5,5865.5,5859.5,5682.5,5634.5,6255.5,6222.5,6231.5,6285.5,6252.5,6240.5,5718.5,5718.5,5664.5,7205.5,8112.5,7848.5,8032.5,7160.5,NA,6518.5,5090.5,5249,5225.833,5352.5,5369.833,5211.5,5221.5,5191.5,4869.5,4905.5,4887.5,4684.5,4712.5,4717.5,5395.5,4687.5,4639.5,4335.5,3439.5,3645.5,3409.5,2797.5,12667.5,12619.5,12705.5,12705.5,12737.5,12733.5,12696.5,11934.5,11966.5,11910.5,11270.5,11305.167,11290.5,14144.5,12164.5,12056.5,11192.5,8960.5,9356.5,8714.5,7514.5,18724.5,18691.5,18760.5,18778.5,18763.5,18772.5,18724.5,18226.5,18262.5,18235.5,17704.5,17740.5,17722.5,19585.5,18303.5,18167.5,17335.5,15943.5,NA,15899.5,15215.5
MO_371_E_96.jpg,E96,6740,6715.5,6775.5,6847.5,6427.5,6463.5,6475.5,6323.5,6339.5,6383.5,6723.5,6715.5,6783.5,5659.5,5335.5,5523.5,5407.5,5623.5,5891.5,6091.5,6975.5,7764.5,7725.5,7806.5,7893.5,7086.5,7119.5,7104.5,7008.5,7023.5,7077.5,7779.5,7791.5,7845.5,5823.5,4599.5,4995.5,4743.5,5535.5,6087.5,6723.5,7263.5,7536.5,7536.5,7473.5,7377.5,8175.5,8127.5,8143.5,8266.5,8236.5,8218.5,7669,7663,7622,9554.5,10562.5,10258.5,10634.5,10098.5,9394.5,8858.5,7140.5,4843,4762.5,4754.5,4762.5,4842.5,4854.5,4786.5,4442.5,4474.5,4434.5,4234.5,4294.5,4278.5,5238.5,4402.5,4410.5,3950.5,3238.5,3450.5,3118.5,2406.5,10757.5,10697.5,10667.5,10676.5,10907.5,10907.5,10853.5,10055.5,10094.5,10052.5,9512.5,9563.5,9536.5,12154.5,10258.5,10162.5,9286.5,7210.5,7534.5,6838.5,5848.5,17368.5,17317.5,17308.5,17290.5,17372.5,17382.5,17338.5,16649.5,16679.5,16637.5,16010.5,16052.5,16039.5,18271.5,16775.5,16527.5,15727.5,14037.5,14149.5,13559.5,12811.5
MO-372_E_97.jpg,E97,6715,6703.833,6753.167,6822.5,6430.5,6470.5,6445.5,6354.5,6377.5,6392.5,6693.5,6698.5,6730.5,5876.5,5452.5,5564.5,5392.5,5531.5,5832.5,5850.5,6324.5,7574.5,7595.5,7538.5,7472.5,8057.5,8006.5,8033.5,8276.5,8267.5,8228.5,7794.5,7788.5,7734.5,8921.5,9989.5,9929.5,10265.5,9917.5,9425.5,9221.5,8453.5,7402.5,7422.5,7506.5,7626.5,6596.5,6652.5,6628.5,6331.833,6378.5,6403.833,7205.5,7221.5,7289.5,4674.5,3450.5,3978.5,3366.5,4194.5,4950.5,5574.5,7378.5,5158,5120.5,5107.167,5108.5,5230.5,5227.5,5198.5,4872.5,4908.5,4862.5,4581.5,4621.5,4600.5,5690.5,5090.5,4994.5,4678.5,3693.5,3826.5,3700.5,2740.5,9912.5,9858.5,9840.5,9840.5,9966.5,9981.5,9924.5,9303.5,9345.5,9309.5,8458.5,8509.5,8461.5,11085.5,9621.5,9381.5,8985.5,7197.5,7377.5,6861.5,5481.5,17715.5,17635.5,17631.5,17659.5,17849.5,17861.5,17805.5,16841.5,16888.168,16826.832,15840.167,15889.5,15862.833,19211.5,16931.5,16847.5,15803.5,13451.5,13823.5,13067.5,12021.5
MO_476_E_219.jpg,E219,5597,5587.833,5667.833,5745.167,5073.5,5118.5,5107.5,5188.5,5202.5,5230.5,5744.833,5732.833,5783.5,4186.5,3461.5,3746.5,3756.5,4708.5,4748.5,5091.5,6424.5,6001.5,6003.5,5931.5,5839.5,6496.5,6453.833,6476.5,6710.5,6690.5,6665.5,5875.5,5881.5,5820.5,7515.5,8602.5,8322.5,8554.5,7970.5,7330.5,6908.5,5506.5,6375.5,6369.5,6259.5,6169.5,6909.5,6865.5,6891.5,7073.833,7053.833,7035.167,6303.5,6307.5,6244.833,7891.5,9211.5,8848.5,9162.5,8506.5,7946.5,7536.5,6228.5,4463,4408.5,4411.167,4412.5,4493.5,4489.5,4462.5,3959.5,3996.5,3964.5,3635.833,3677.833,3662.5,5047.5,3892.5,3778.5,3025.5,1801.5,2153.5,1910.5,1099.5,11301.5,11233.5,11221.5,11223.5,11525.5,11521.5,11474.833,10643.5,10679.5,10633.5,10236.5,10261.5,10262.5,12634.5,10989.5,10773.5,10085.5,8261.5,8509.5,8147.5,7609.5,17751.5,17701.5,17691.5,17679.5,17906.5,17898.5,17866.5,17127.168,17160.5,17107.168,16577.5,16613.5,16605.5,19084.5,17604.5,17386.5,16464.5,14832.5,15120.5,14591.5,13103.5
MO_504_E_324.jpg,E324,7344,7365.5,7321.5,7271.5,7575.167,7540.5,7560.5,7645.833,7633.833,7612.5,7352.5,7353.5,7304.5,8049.5,8607.5,8454.5,8604.5,8256.5,8016.5,7887.5,7200.5,7530.5,7486.5,7566.5,7666.5,7027.5,7095.5,7043.5,6112.5,6154.5,6184.5,7126.5,7144.5,7222.5,6377.5,NA,NA,3747.5,3975.5,NA,5367.5,5487.5,7597.5,7589.5,7729.5,7833.5,6837.167,6881.167,6859.833,6597.167,6619.833,6651.833,7599.5,7614.5,7668.5,6632.5,4285.5,4690.5,4342.5,4996.5,6064.5,6435.5,7555.5,5030,4991.5,4969.5,4969.5,5060.833,5058.167,5038.167,4738.167,4763.5,4734.167,4405.5,4429.5,4423.5,5505.5,4869.5,4803.5,4428.5,3672.5,3801.5,3561.5,2886.5,12011.5,11939.5,11859.5,11843.5,12335.5,12319.5,12275.5,11077.5,11116.5,11065.5,9981.5,10023.5,9963.5,13813.5,NA,NA,10825.5,8629.5,NA,8413.5,6277.5,18797.5,18749.5,18733.5,18709.5,18997.832,19005.832,18952.5,17988.832,18023.5,17982.168,17072.5,17135.5,17111.5,20045.5,18459.5,18479.5,17387.5,15245.5,15887.5,14943.5,13743.5
MO_505_E_326.jpg,E326,6912,6908.5,6965.5,7005.5,6684.5,6714.5,6704.5,6613.5,6617.5,6651.5,6920.833,6918.167,6960.833,6056.5,5748.5,5904.5,5800.5,6128.5,6344.5,6480.5,7128.5,6727.5,6739.5,7108.5,7195.5,6174.5,6204.5,6216.5,6019.5,6032.5,6070.5,7261.5,7249.5,7317.5,4178.5,3710.5,4076.5,3980.5,4976.5,5690.5,6438.5,8289.5,7909.5,7909.5,7733.5,7653.5,8721.5,8665.5,8697.5,9068.5,9038.5,9014.5,8109.5,8101.5,8045.5,9697.5,11105.5,10863.5,11199.5,10767.5,10159.5,10079.5,10031.5,4129,4100.5,4097.5,4094.5,4118.5,4127.5,4101.5,3776.5,3793.5,3772.5,3555.833,3595.833,3574.5,4387.5,3703.5,3683.5,3363.5,2715.5,2855.5,2587.5,2069.5,10431.5,10365.5,10608.5,10620.5,10372.5,10396.5,10344.5,9291.5,9322.5,9291.5,8898.5,8946.5,8938.5,11031.5,9087.5,8991.5,8085.5,6105.5,6771.5,6125.5,5468.5,17273.5,17205.5,17213.5,17221.5,17529.5,17529.5,17461.5,16505.5,16517.5,16481.5,15787.5,15819.5,15775.5,18655.5,17311.5,17064.5,16173.5,14725.5,14845.5,14605.5,13183.5
MO_506_E_322.jpg,E322,7428,7425.5,7483.5,7542.5,7221.5,7253.5,7243.5,7144.167,7152.833,7168.167,7482.5,7478.5,7510.5,6531.5,6195.5,6318.5,6279.5,6489.5,6753.5,6930.5,7607.5,7585.5,7537.5,7666.5,7759.5,7015.5,7048.5,7021.5,6397.5,6429.5,6461.5,7461.5,7461.5,7527.5,5848.5,4050.5,NA,3990.5,4170.5,4986.5,6378.5,8022.5,NA,NA,NA,NA,NA,NA,NA,NA,NA,NA,NA,NA,NA,NA,NA,NA,NA,NA,NA,NA,NA,5789,5756.5,5757.5,5757.5,5814.5,5816.5,5797.5,5476.167,5494.833,5470.167,5300.5,5321.833,5315.833,6225.5,5433.5,5427.5,5088.5,4392.5,4593.5,4328.5,3839.5,13465.5,13411.5,13384.5,13384.5,13786.5,13786.5,13714.5,12782.833,12817.5,12766.833,11974.5,12019.5,12001.5,15456.5,13318.5,NA,12370.5,10126.5,10342.5,9598.5,8758.5,NA,NA,NA,NA,NA,NA,NA,NA,NA,NA,NA,NA,NA,NA,NA,NA,NA,NA,NA,NA,NA
MO_508_E_327.jpg,E327,6616,6608.833,6686.167,6730.167,6310.167,6351.5,6323.5,6207.5,6223.5,6238.5,6603.5,6604.5,6652.5,5878.5,5068.5,5230.5,5050.5,5326.5,5626.5,5890.5,6712.5,7488.5,7494.5,7596.5,7704.5,6921.5,7001.5,6961.5,6519.5,6559.5,6575.5,7539.5,7531.5,7611.5,5941.5,3557.5,4021.5,3371.5,3923.5,4871.5,5935.5,8095.5,7780.5,7741.5,7603.5,7513.5,8578.5,8550.5,8550.5,8621.5,8608.5,8565.5,7151.5,7151.5,7089.5,9939.5,10763.5,10267.5,10099.5,NA,8645.5,NA,6781.5,5245,5214.167,5206.167,5203.5,5359.833,5349.167,5321.167,4939.5,4959.5,4927.5,4642.5,4668.5,4657.5,5986.5,5194.5,5140.5,4660.5,3478.5,3688.5,3322.5,2548.5,11418.5,11316.5,11256.5,11220.5,11705.5,11681.5,11593.5,10737.5,10777.5,10693.5,9670.5,9724.5,9710.5,13794.5,11874.5,11538.5,10396.5,7264.5,7792.5,6878.5,5534.5,17983.5,17938.5,18007.5,18031.5,17884.5,17904.5,17854.5,16604.5,16640.5,16610.5,16601.5,16630.5,16616.5,18487.5,16239.5,16231.5,14955.5,NA,14977.5,NA,13185.5
MO_509_E_329.jpg,E329,6886,6862.5,6942.5,6980.5,6700.5,6717.5,6723.5,6660.5,6662.5,6690.5,6795.5,6806.5,6836.5,6190.5,5954.5,6067.5,5929.5,6073.5,6244.5,6279.5,6547.5,7117.5,7111.5,6811.5,6727.5,7788.5,7724.5,7756.5,8212.5,8180.5,8149.833,7002.5,7009.167,6935.833,9847.5,11059.5,10639.5,11047.5,10315.5,9631.5,8383.5,6207.5,7565.5,7559.5,7412.5,7331.5,7924.5,7880.5,7875.167,8704.5,8691.5,8664.5,7576.5,7582.5,7537.5,10033.5,10177.5,9841.5,9757.5,9493.5,8941.5,8353.5,7141.5,4685,4641.5,4658.5,4654.5,4699.5,4706.5,4666.5,4465.5,4491.5,4469.5,4169.5,4207.5,4178.5,4917.5,4490.5,4490.5,4286.5,3740.5,3866.5,3737.5,2916.5,12062.5,11984.5,11984.5,11975.5,12298.5,12286.5,12236.5,11162.167,11203.5,11126.167,10236.834,10294.166,10266.166,14111.5,11843.5,11639.5,10847.5,7583.5,8003.5,7229.5,5581.5,17728.5,17659.5,17689.5,17674.5,17708.168,17746.832,17668.168,16199.5,16228.5,16193.5,15881.5,15926.5,15907.5,18883.5,15571.5,15763.5,15751.5,13747.5,14275.5,13987.5,13315.5
MO_510_E_330.jpg,E330,7321,7303.833,7247.833,7206.5,7463.5,7440.833,7444.167,7439.5,7432.167,7414.167,7140.5,7149.833,7107.833,7972.5,8196.5,8076.5,8104.5,7696.5,7576.5,7420.5,6768.5,7613.5,7604.5,7685.5,7760.5,7048.833,7087.5,7074.167,6797.5,6816.833,6844.833,7611.5,7615.5,7681.5,5579.5,4427.5,4727.5,4427.5,5207.5,5807.5,6346.5,8199.5,7426.5,7436.5,7514.5,7608.5,7104.5,7135.5,7136.5,7111.5,7121.5,7156.5,7878.5,7866.5,7916.5,6050.5,5485.5,5605.5,5683.5,6517.5,6949.5,7633.5,8902.5,3887,3868.5,3908.5,3919.167,3826.167,3837.5,3812.833,3558.167,3582.833,3562.833,3518.5,3551.833,3549.167,3971.5,3327.5,3335.5,3027.5,2539.5,2671.5,2523.5,2112.5,10667.5,10619.5,10577.5,10574.5,10624.833,10635.5,10595.5,9806.5,9825.834,9794.5,9183.5,9216.5,9203.5,11918.5,10166.5,10034.5,9074.5,7274.5,7466.5,6900.5,5930.5,16583.5,16541.5,16527.5,16547.5,16520.5,16534.5,16493.5,15919.5,15954.5,15929.5,15359.5,15390.5,15383.5,17148.5,15906.5,15786.5,14736.5,13560.5,13824.5,13638.5,13572.5
MO_511_E_331.jpg,E331,7825,7819.833,7749.167,7678.5,8127.833,8086.5,8081.167,8062.5,8043.833,8018.5,7625.5,7633.5,7578.5,8898.5,9290.5,9074.5,9102.5,8625.5,8337.5,8116.5,7086.5,7539.5,7527.5,7317.5,7248.5,8187.5,8141.5,8151.5,8191.5,8185.5,8145.5,6947.167,6963.167,6895.167,9961.5,10731.5,10227.5,10187.5,8731.5,8235.5,7199.5,4879.5,7199.5,7184.5,7442.5,7538.5,6554.5,6584.5,6602.5,6652.167,6658.833,6725.5,7857.5,7843.5,7913.5,5199.5,4047.5,4455.5,4875.5,6531.5,6951.5,NA,NA,4488,4450.5,4497.167,4507.833,4475.833,4490.5,4445.167,4094.167,4132.833,4107.5,3911.5,3934.5,3934.5,4872.5,3884.5,3896.5,3468.5,2590.5,2788.5,2586.5,2135.5,10916.5,10862.5,10946.5,10949.5,10856.5,10864.5,10806.5,9852.5,9908.5,9864.5,9601.166,9635.834,9643.834,11990.5,9470.5,9406.5,8246.5,6386.5,7074.5,6726.5,6578.5,17192.5,17123.5,17312.5,17327.5,17033.5,17072.5,17000.5,15640.167,15692.167,15678.833,15467.5,15505.5,15499.5,18263.5,14543.5,14555.5,13187.5,11807.5,12635.5,NA,NA
MO_512_E_332.jpg,E332,6847,6832.5,6940.5,6990.5,6604.5,6642.5,6622.5,6448.5,6468.5,6492.5,6910.5,6912.5,6958.5,5922.5,5412.5,5496.5,5352.5,5598.5,5838.5,6090.5,NA,7269.5,7281.5,7470.5,7590.5,6522.5,6584.5,6556.5,6099.5,6110.5,6163.5,7759.167,7740.5,7823.167,4897.5,3233.5,3625.5,3497.5,NA,5641.5,7043.5,8327.5,7837.5,7833.5,7925.5,7998.833,7134.5,7174.5,7167.5,7177.5,7181.5,7224.5,7928.5,7925.5,7973.5,6156.5,5316.5,5520.5,5472.5,7116.5,6764.5,6804.5,7796.5,3762,3731.5,3753.5,3749.5,3805.5,3799.5,3761.5,3423.5,3447.5,3411.5,3237.5,3287.5,3259.5,4430.5,3674.5,3560.5,3110.5,2312.5,2324.5,1976.5,NA,11918.5,11834.5,11885.5,11888.5,11999.5,11999.5,11945.5,10731.5,10766.5,10726.5,10303.5,10334.167,10340.833,13695.5,10799.5,10607.5,9607.5,NA,7829.5,7831.5,6159.5,17810.832,17778.832,17824.168,17833.5,17798.5,17806.5,17771.5,16922.5,16962.5,16938.5,16472.5,16505.5,16493.5,18694.5,17434.5,17266.5,15958.5,17038.5,14846.5,14742.5,14094.5
MO-513_E_333.jpg,E333,6473,6474.167,6399.5,6359.5,6723.833,6695.833,6702.5,6806.5,6791.833,6770.5,6442.5,6443.833,6405.167,7452.5,7854.5,7698.5,7854.5,7374.5,7242.5,7176.5,6287.5,8037.5,8005.5,7885.5,7789.5,8781.5,8741.5,8729.5,8725.5,8725.5,8681.5,7504.5,7538.5,7448.5,11172.5,11651.5,11363.5,11519.5,9663.5,9183.5,8271.5,5407.5,7993.5,7957.5,7895.5,7867.5,8183.5,8181.5,8145.5,7769.5,7783.5,7737.5,7331.5,7376.5,7355.5,8855.5,8447.5,8201.5,7793.5,6713.5,6737.5,6377.5,6443.5,4770,4737.833,4749.833,4756.5,4720.5,4731.167,4707.167,4353.5,4376.167,4349.5,4219.833,4250.5,4227.833,5108.5,4304.5,4268.5,3884.5,2972.5,3236.5,2960.5,2171.5,11558.5,11486.5,11446.5,11430.5,11494.5,11510.5,11430.5,10410.5,10466.5,10410.5,9935.5,9991.5,9987.5,12667.5,10041.5,9825.5,8565.5,6135.5,7063.5,7287.5,5751.5,16862.5,16856.5,17000.5,17034.5,16542.5,16566.5,16547.5,16205.5,16243.5,16249.5,16602.5,16611.5,16656.5,16478.5,15386.5,15494.5,15146.5,15392.5,15728.5,16100.5,16568.5
MO-514_E_335.jpg,E335,6866,6877.5,6829.5,6775.5,7141.5,7111.5,7125.5,7287.5,7271.5,7249.5,6874.5,6875.833,6831.833,7630.5,8290.5,8158.5,8349.5,7989.5,7779.5,7569.5,7051.5,7309.5,7345.5,7245.5,7169.5,7799.5,7751.5,7775.5,8120.5,8102.5,8072.5,7415.5,7411.5,7359.5,8663.5,9723.5,9435.5,9739.5,9211.5,8827.5,8811.5,7503.5,7027.5,7015.5,6940.5,6865.5,7552.5,7525.5,7522.5,7579.5,7567.5,7534.5,7042.5,7045.5,6979.5,8635.5,9315.5,9195.5,9443.5,9091.5,8411.5,8115.5,7411.5,5662,5625.5,5621.5,5607.5,5707.5,5717.5,5683.5,5300.5,5330.5,5298.5,4993.5,5026.833,5009.5,6331.5,5545.5,5467.5,5021.5,4132.5,4198.5,3922.5,3055.5,11828.5,11780.5,11780.5,11736.5,11963.5,11963.5,11911.5,11309.5,11342.5,11291.5,10880.5,10918.5,10896.5,12842.5,11580.5,11524.5,10996.5,9668.5,9876.5,9382.5,8050.5,17317.5,17272.5,17275.5,17272.5,17326.5,17338.5,17287.5,16735.5,16759.5,16711.5,16129.5,16155.5,16144.5,18059.5,16859.5,16723.5,16507.5,14843.5,14979.5,14635.5,13579.5
MO_515_E_338.jpg,E338,5556,5553.167,5507.833,5459.833,5947.167,5914.5,5932.5,5965.833,5950.5,5933.167,5551.5,5549.5,5510.5,6552.5,7291.5,7067.5,7290.5,6921.5,6585.5,6376.5,5214.5,7226.5,7229.5,7152.5,7069.5,7722.5,7672.5,7694.5,7898.5,7862.5,7854.5,7345.5,7340.167,7294.833,9137.5,10283.5,9863.5,10167.5,9783.5,9255.5,9054.5,8293.5,6602.167,6628.833,6679.5,6758.167,6075.5,6119.5,6101.5,5530.833,5542.833,5566.833,6575.167,6571.167,6613.833,4848.5,3576.5,3954.5,3810.5,4194.5,5098.5,5662.5,7480.5,4417,4386.5,4359.833,4350.5,4480.833,4482.167,4453.5,4031.5,4055.5,4035.5,3651.5,3678.5,3659.5,5089.5,4317.5,4205.5,3681.5,2451.5,2673.5,2317.5,1487.5,11073.5,11027.5,10996.5,10982.5,11199.5,11197.5,11153.5,10601.5,10643.5,10595.5,9901.5,9950.833,9914.833,12587.5,11039.5,10835.5,10201.5,8421.5,8665.5,8125.5,6887.5,17369.832,17309.832,17303.168,17316.5,17260.5,17262.5,17204.5,16506.168,16520.832,16494.832,15990.5,16026.5,16013.167,18613.5,17041.5,16777.5,16041.5,14703.5,14785.5,13969.5,14317.5
MO_516_E_340.jpg,E340,6106,6118.5,6171.5,6214.5,5811.5,5844.833,5834.167,5854.5,5860.5,5886.5,6364.167,6355.5,6390.167,4849.5,4613.5,4861.5,4793.5,5513.5,5797.5,6037.5,7261.5,7552.5,7568.5,7204.5,7120.5,7948.833,7916.833,7932.833,7990.167,7986.167,7944.833,7129.833,7133.833,7081.833,8815.5,9703.5,9409.5,9613.5,8839.5,8407.5,7743.5,6559.5,7912.5,7894.5,8110.5,8212.5,7172.5,7210.5,7212.5,7440.5,7434.5,7500.5,8677.5,8645.5,8726.834,5688.5,5064.5,5460.5,NA,7686.5,8010.5,9332.5,NA,5539,5516.5,5543.5,5551.5,5495.5,5506.167,5474.167,5004.5,5027.833,5008.5,4783.5,4810.833,4810.833,5837.5,4717.5,4701.5,4305.5,3249.5,3601.5,3359.5,2649.5,10519.5,10455.5,10679.5,10667.5,10593.5,10602.834,10566.834,9784.166,9813.5,9770.834,9119.834,9162.5,9135.834,11600.5,10244.5,10041.5,8841.5,7425.5,7779.5,7222.5,6516.5,17642.5,17570.5,17687.5,17696.5,17487.5,17505.5,17451.5,16353.5,16391.5,16377.5,16124.833,16151.5,16156.833,18173.5,16039.5,15973.5,NA,12808.5,13672.5,13442.5,NA
MO_517_E_160.jpg,588160 (Rupestris parent),6895,6881.167,6859.167,6837.167,7073.5,7050.833,7041.5,7053.5,7053.5,7020.167,6676.833,6695.5,6648.833,7841.5,7877.5,7733.5,7695.5,7103.5,6943.5,6779.5,6079.5,6331.5,6318.167,6210.167,6160.833,6646.5,6618.5,6615.5,6635.5,6621.5,6587.5,6151.167,6165.833,6115.167,8004.5,8242.5,8034.5,8022.5,6891.5,NA,NA,5373.5,7588.167,7613.5,7588.167,7545.5,7749.5,7719.5,7733.5,7914.5,7901.5,7889.5,7761.5,7756.5,7732.167,8214.5,8730.5,NA,8674.5,8556.5,NA,8094.5,NA,5455,5424.167,5389.5,5444.167,5368.167,5385.5,5345.5,5035.5,5068.833,5039.5,4951.833,4987.833,4983.833,5512.5,4632.5,4620.5,4365.5,3925.5,4081.5,3977.5,3910.5,10983.166,10955.166,10993.834,10983.166,10878.5,10895.5,10865.5,10452.5,10488.5,10460.5,10202.5,10234.5,10231.834,11202.5,9908.5,9860.5,9276.5,8464.5,NA,NA,8604.5,16625.168,16599.832,16573.168,16561.168,16718.5,16709.168,16682.5,16497.5,16512.5,16491.5,16244.5,16271.5,16248.167,17293.5,16757.5,NA,16233.5,16175.5,NA,15758.5,NA
MO_519_E_339.jpg,E339,6490,6511.5,6483.5,6431.5,6739.5,6689.5,6727.5,6887.5,6877.5,6851.5,6721.5,6707.5,6675.5,6935.5,7991.5,7865.5,8299.5,8339.5,7983.5,7947.5,7161.5,7121.5,7125.5,7183.5,7247.5,6519.5,6562.167,6555.5,6440.167,6462.833,6488.167,7493.833,7477.167,7557.833,4884.5,4068.5,4380.5,4316.5,NA,6092.5,6876.5,8616.5,7678.5,7636.5,7771.5,7855.5,7107.833,7150.5,7115.833,6948.167,6981.5,6997.5,7740.5,7729.5,7781.5,6336.5,4992.5,5286.5,5106.5,5706.5,NA,6699.5,8187.5,4933,4898.5,4860.5,4826.5,5114.5,5098.5,5070.5,4778.5,4802.5,4770.5,4342.5,4378.5,4322.5,5909.5,5489.5,5357.5,5021.5,3833.5,3865.5,3390.5,2406.5,11919.5,11861.5,11841.5,11873.5,11907.5,11918.167,11871.5,11052.5,11091.167,11041.167,10776.833,10811.5,10810.167,12935.5,10900.5,10792.5,9889.5,NA,8502.5,8182.5,7342.5,18579.5,18522.5,18513.5,18501.5,18725.168,18721.168,18689.168,17955.5,17991.5,17943.5,17300.5,17328.5,17326.5,19973.5,18203.5,18077.5,17435.5,15845.5,NA,15263.5,14495.5
MO_520_E_341.jpg,E341,6678,6665.833,6785.833,6824.5,6484.5,6516.5,6504.5,6499.167,6513.833,6549.833,6783.167,6780.5,6821.833,5966.5,5732.5,5813.5,5750.5,5954.5,6131.5,6272.5,6955.5,7771.5,7760.833,7759.5,NA,8344.5,8293.5,8308.5,8377.833,8356.5,8332.5,7734.5,7737.5,7676.5,9346.5,10557.5,10224.5,10569.5,9988.5,9428.5,9118.5,7750.5,7850.5,7876.5,7732.5,7656.5,8438.833,8397.5,8410.833,8507.167,8481.833,8455.167,7867.5,7868.833,7819.5,9338.5,10779.5,10443.5,10764.5,10060.5,9468.5,8963.5,7847.5,5666,5625.5,5672.167,5666.833,5660.167,5670.833,5628.167,5449.5,5484.167,5450.833,5312.833,5334.167,5323.5,5879.5,5369.5,5390.5,5057.5,4439.5,4586.5,4287.5,3560.5,11688.166,11633.5,11017.5,NA,11721.5,11730.5,11679.5,11028.166,11057.5,11009.5,10459.5,10494.5,10504.834,12854.5,11407.5,11296.5,10568.5,8734.5,9000.5,8276.5,6888.5,17264.5,17210.5,17266.5,17278.5,17374.5,17374.5,17337.168,16716.832,16752.832,16710.168,16124.5,16160.5,16141.833,18485.5,17167.5,17029.5,16211.5,14317.5,14669.5,13811.5,12695.5
MO-521_E_342.jpg,E342,7378,7359.5,7471.5,7534.5,7054.5,7081.833,7069.833,6878.5,6893.5,6918.5,7390.5,7389.5,7435.5,6286.5,5642.5,5822.5,5562.5,5718.5,6022.5,6098.5,6793.5,7554.5,7528.5,7458.5,7370.5,8117.5,8074.5,8089.5,7976.167,7970.833,7931.5,7011.167,7023.833,6974.5,9429.5,10085.5,9669.5,9673.5,8274.5,8112.5,7428.5,6121.5,7438.833,7460.167,7453.5,7370.833,7985.167,7946.5,7963.833,8531.5,8508.833,8482.167,7798.5,7796.5,7746.5,8729.5,10288.5,10064.5,10448.5,NA,9470.5,8930.5,7622.5,5135,5095.167,5083.167,5079.5,5187.833,5192.5,5163.167,4788.5,4814.5,4774.5,4544.5,4573.5,4556.5,5759.5,4987.5,4935.5,4499.5,3433.5,3569.5,3093.5,1848.5,10780.5,10732.5,10732.5,10746.5,10761.5,10775.5,10732.5,9927.834,9956.5,9925.834,9595.166,9628.5,9641.834,11593.5,9697.5,9649.5,8583.5,7920.5,7812.5,7386.5,6773.5,17908.832,17858.168,17796.832,17811.5,18170.168,18171.5,18122.168,17225.832,17256.5,17216.5,16100.5,16138.5,16114.5,19715.5,18127.5,17879.5,16919.5,NA,15099.5,14289.5,13227.5
MO_522_e_160.jpg,588160 (Rupestris parent),6071,6058.5,6099.833,6146.5,5802.5,5841.167,5823.167,5607.833,5629.167,5642.5,6020.833,6023.5,6060.833,4969.5,4327.5,4450.5,4267.5,4854.5,5106.5,5380.5,6325.5,7196.5,7216.5,7168.5,7104.5,7750.5,7720.5,7715.5,7832.5,7821.5,7786.5,7238.5,7244.5,7196.5,9197.5,9605.5,9357.5,9452.5,8456.5,8124.5,7843.5,NA,7578.833,7566.833,7524.167,7469.5,7869.5,7857.5,7831.5,7821.5,7826.5,7790.5,7236.833,7270.167,7220.833,9053.5,8877.5,8705.5,8580.5,7818.5,7554.5,7140.5,6170.5,4324,4294.5,4263.833,4262.5,4372.167,4375.5,4345.5,4009.167,4034.5,3997.833,3741.833,3774.5,3751.167,5069.5,4187.5,4064.5,3572.5,2654.5,2730.5,2492.5,2357.5,11724.5,11666.5,11674.5,11674.5,11573.5,11592.5,11552.5,11009.5,11038.5,11008.5,10729.5,10765.5,10759.5,12168.5,10781.5,10721.5,9934.5,9030.5,9230.5,9045.5,NA,16641.168,16597.168,16619.832,16647.832,16428.5,16451.5,16410.5,15876.5,15897.5,15882.5,15959.5,15980.833,16006.167,16165.5,15293.5,15313.5,14972.5,14528.5,14768.5,14666.5,14882.5
MO_523_E_343.jpg,E343,6317,6315.5,6347.5,6387.5,6115.5,6146.5,6136.5,6045.5,6057.5,6079.5,6401.5,6396.5,6438.5,5495.5,4967.5,5159.5,5060.5,5469.5,5712.5,5947.5,NA,6618.167,6624.833,6571.5,6516.833,7058.5,7023.5,7018.5,7169.833,7157.833,7128.5,6467.833,6473.167,6427.167,8245.5,8760.5,8434.5,8629.5,7717.5,7399.5,6937.5,5604.5,NA,NA,NA,NA,NA,NA,NA,NA,NA,NA,NA,NA,NA,NA,NA,NA,NA,NA,NA,NA,NA,4302,4268.5,4244.5,4263.5,4316.5,4320.5,4293.5,3976.5,4001.5,3976.5,3732.5,3761.5,3748.5,4822.5,3957.5,3909.5,3468.5,2638.5,2836.5,2576.5,NA,10748.166,10708.166,10681.5,10684.166,10661.5,10675.5,10637.5,9949.834,9973.834,9947.166,9578.834,9608.166,9598.834,11398.5,9796.5,9798.5,8855.5,7805.5,8171.5,7667.5,6928.5,NA,NA,NA,NA,NA,NA,NA,NA,NA,NA,NA,NA,NA,NA,NA,NA,NA,NA,NA,NA,NA
MO_525_E_345.jpg,E345,5615,5634.5,5513.833,5469.833,5840.167,5814.833,5837.5,5943.5,5921.5,5907.5,5574.5,5568.5,5534.5,6006.5,6351.5,6267.5,6525.5,6433.5,6274.5,6083.5,5427.5,5663.5,5660.167,5621.5,5576.833,5998.167,5965.5,5978.833,6176.833,6156.167,6141.5,5817.5,5809.5,5780.167,6599.5,7310.5,7186.5,7439.5,7244.5,NA,6796.5,6348.5,NA,NA,NA,NA,NA,NA,NA,NA,NA,NA,NA,NA,NA,NA,NA,NA,NA,NA,NA,NA,NA,3640,3624.167,3620.833,3618.833,3760.833,3752.167,3727.5,3449.5,3467.5,3429.5,3235.5,3271.5,3244.5,4014.5,3801.5,3723.5,3438.5,2799.5,2817.5,2529.5,2113.5,10999.833,10971.167,10942.5,10937.167,11063.167,11064.5,11035.833,10645.167,10668.5,10635.167,10068.834,10092.834,10073.5,11690.5,10999.5,10831.5,10542.5,9441.5,NA,9151.5,8047.5,NA,NA,NA,NA,NA,NA,NA,NA,NA,NA,NA,NA,NA,NA,NA,NA,NA,NA,NA,NA,NA
MO_526_E_346.jpg,E346,7299,7302.5,7370.5,7422.5,6946.5,6986.5,6976.833,7112.5,7124.5,7158.5,7575.5,7559.5,7612.5,6305.5,5723.5,5933.5,5816.5,6758.5,6980.5,7301.5,8307.5,7477.5,7493.5,7605.5,7689.5,6908.5,6946.5,6950.5,6688.833,6702.167,6743.5,7713.5,7700.167,7777.5,5132.5,4268.5,4580.5,4492.5,5708.5,6308.5,6604.5,8348.5,NA,NA,NA,NA,NA,NA,NA,NA,NA,NA,NA,NA,NA,NA,NA,NA,NA,NA,NA,NA,NA,6085,6052.5,6056.5,6060.5,6042.5,6044.5,6008.167,5733.5,5765.5,5735.5,5471.5,5499.5,5495.5,6634.5,5701.5,5632.5,4990.5,4027.5,4255.5,4040.5,3582.5,13127.5,13051.5,13079.5,13087.5,12971.5,12989.5,12933.5,11902.833,11938.833,11898.833,11550.834,11594.834,11586.834,13983.5,11807.5,11775.5,10869.5,8981.5,9357.5,8901.5,8063.5,NA,NA,NA,NA,NA,NA,NA,NA,NA,NA,NA,NA,NA,NA,NA,NA,NA,NA,NA,NA,NA
MO_528_E_348.jpg,E348,7209,7209.167,7081.167,7031.833,7499.5,7475.5,7479.5,7532.5,7518.5,7492.5,7120.5,7118.5,7078.5,8250.5,8598.5,8402.5,8582.5,8274.5,NA,7918.5,7550.5,7012.5,7010.5,7240.5,7346.5,6107.167,6143.167,6139.167,6013.5,6038.5,6068.5,7393.5,7383.5,7454.5,4295.5,3215.5,3663.5,3591.5,4423.5,5215.5,6343.5,9092.5,7431.167,7423.167,7320.5,7265.833,7796.5,7768.5,7771.5,7764.833,7755.5,7728.833,7142.833,7148.833,7113.167,8699.5,9171.5,8939.5,8971.5,8451.5,7955.5,7539.5,6907.5,5379,5338.5,5381.167,5379.833,5341.5,5355.5,5326.5,4942.5,4965.5,4940.5,4721.5,4747.5,4731.5,5609.5,4773.5,4805.5,4429.5,3513.5,3725.5,NA,2417.5,13174.5,13104.5,13160.5,13176.5,13175.833,13189.167,13137.167,12007.5,12044.5,12006.5,11558.5,11593.5,11581.5,14207.5,11951.5,11791.5,10575.5,8215.5,8839.5,8159.5,7411.5,19007.5,18967.5,19007.5,19027.5,19005.5,19012.5,18979.5,18369.168,18392.5,18371.168,18026.168,18049.832,18046.5,19664.5,18344.5,18304.5,17696.5,16712.5,17064.5,16552.5,16120.5
MO_529_E38.jpg,E351,NA,NA,NA,NA,NA,NA,NA,NA,NA,NA,NA,NA,NA,NA,NA,NA,NA,NA,NA,NA,NA,6504,6543.833,6635.833,6695.833,6007.5,6051.5,6023.5,5703.5,5731.5,5749.5,6467.5,6465.5,6511,5094.5,3442.5,3898.5,3364.5,4230.5,4764.5,5142.5,6570.5,5117.5,5128.167,5050.833,4985.5,5551.833,5533.167,5538.5,5884.5,5861.5,5844.5,5086.5,5089.5,5038.5,6276.5,7260.5,6940.5,7284.5,6844.5,6428.5,5932.5,5532.5,NA,NA,NA,NA,NA,NA,NA,NA,NA,NA,NA,NA,NA,NA,NA,NA,NA,NA,NA,NA,NA,10384,10300.167,10248.167,10242.833,10619.5,10599.5,10575.5,9861.5,9889.5,9847.5,9040.5,9063.5,9054,12108.5,10694.5,10436.5,9368.5,7352.5,7724.5,7016.5,5666.5,17408.832,17363.5,17350.168,17374.168,17502.168,17502.168,17463.5,16788.5,16813.5,16774.5,16331.5,16365.5,16350.5,18510.5,17214.5,17054.5,16286.5,15078.5,15302.5,14766.5,13934.5
MO_530_E350.jpg,E350,NA,NA,NA,NA,NA,NA,NA,NA,NA,NA,NA,NA,NA,NA,NA,NA,NA,NA,NA,NA,NA,5222,5223.5,5285.5,5329.5,4901.833,4936.5,4916.5,4900.5,4909.833,4941.833,5407.167,5403.833,5436.5,4252.5,3740.5,3908.5,3780.5,4244.5,4652.5,4852.5,5476.5,NA,NA,NA,NA,NA,NA,NA,NA,NA,NA,NA,NA,NA,NA,NA,NA,NA,NA,NA,NA,NA,NA,NA,NA,NA,NA,NA,NA,NA,NA,NA,NA,NA,NA,NA,NA,NA,NA,NA,NA,NA,NA,11081,11040.5,11032.5,11036.5,11115.167,11113.833,11084.5,10672.5,10700.5,10679.167,10248.167,10280.167,10276.833,11705.5,10753.5,10665.5,10073.5,8913.5,9153.5,8865.5,8351.5,NA,NA,NA,NA,NA,NA,NA,NA,NA,NA,NA,NA,NA,NA,NA,NA,NA,NA,NA,NA,NA
MO_531_E35.jpg,E352,6661,6666.5,6626.5,6574.5,6872.5,6842.5,6850.5,7003.833,6977.167,6961.167,6641.5,6644.167,6601.5,7476.5,8076.5,7902.5,7871.5,7691.5,7385.5,7211.5,6881.5,7205.833,7200.5,7136.5,7072.5,7661.5,7622.833,7641.5,7853.5,7830.5,7815.5,7196.5,7198,7149.5,8931.5,9845.833,9579.5,9813.5,9311.5,8789.5,8635.5,7573.5,5940.5,5912.5,5976.5,6036.5,5466.833,5498.833,5494.833,5173.5,5194.833,5200.5,5888.5,5900.5,5934.5,4539.5,3693.5,4023.5,3909.5,4629.5,4917.5,5325.5,5925.5,5953,5917.5,5895.5,5885.5,5993.167,6000.5,5965.167,5591.833,5623.833,5598.5,5403.5,5432.167,5426.167,6607.5,5645.5,5533.5,5275.5,4471.5,4531.5,4279.5,3769.5,11325.166,11286.5,11273.166,11266.5,11370.834,11376.166,11337.5,10765.5,10792.5,10758.5,10247,10275.5,10262.5,12484.5,11089.5,10915.5,10378.5,8652.5,8862.5,8474.5,6962.5,17221.5,17177.5,17167.5,17157.5,17204.5,17224.5,17177.832,16500.5,16525.832,16493.5,15987.5,16029.5,16015.5,18346.5,16606.5,16522.5,15736.5,14992.5,15016.5,14566.5,14776.5
MO_532_E353.jpg,E353,NA,NA,NA,NA,NA,NA,NA,NA,NA,NA,NA,NA,NA,NA,NA,NA,NA,NA,NA,NA,NA,5898,5901.833,5948.5,6024.5,5347.5,5391.5,5371.5,5255.5,5291.5,5317.5,5866.5,5862.5,5912.5,4318.5,3422.5,3734.5,3404.5,3638.5,4130.5,4308.5,5346.5,NA,NA,NA,NA,NA,NA,NA,NA,NA,NA,NA,NA,NA,NA,NA,NA,NA,NA,NA,NA,NA,NA,NA,NA,NA,NA,NA,NA,NA,NA,NA,NA,NA,NA,NA,NA,NA,NA,NA,NA,NA,NA,11586,11529.5,11497.5,11490.833,11617.5,11619.5,11573.5,11041.5,11077.5,11033.5,10383.5,10419.5,10397.5,12575.5,11687.5,11422.5,10762.5,9304.5,9376.5,8586.5,7242.5,NA,NA,NA,NA,NA,NA,NA,NA,NA,NA,NA,NA,NA,NA,NA,NA,NA,NA,NA,NA,NA
,,,,,,,,,,,,,,,,,,,,,,,,,,,,,,,,,,,,,,,,,,,,,,,,,,,,,,,,,,,,,,,,,,,,,,,,,,,,,,,,,,,,,,,,,,,,,,,,,,,,,,,,,,,,,,,,,,,,,,,,,,,,,,,
