,0,1,2,3,4,5,6,7,8,9,10,11,12,13,14,15,16,17,18,19,20,21
0,1.0,-0.20334303,-0.0528921,-0.32871976,-1.0767082,-0.33946058,-1.4405025,-0.49651638,-1.0423355,-0.26383713,-0.2964325,0.56191105,0.9492047,1.0827904,-1.2098264,0.6437625,-0.35419315,-0.071162015,-1.0788753,-0.99124646,-1.3109612,-0.08185032
1,2.0,-0.24743214,-0.9960629,-0.40012163,-1.5247132,-0.1202568,-0.19774497,0.8394228,-0.39747545,-0.78641766,0.12065019,0.47716072,2.4069552,0.40004274,-0.71386826,-0.96454805,-0.14850524,-0.0774647,-0.6496305,-1.1042589,-0.3400635,
2,4.0,0.18957132,-0.9428906,-0.116439804,-1.5634502,0.12448486,-0.033290476,-0.8363886,0.14867693,-0.5904475,0.31301472,-0.2075686,1.1930861,0.015846612,-0.50143164,0.9443148,-0.10711278,-0.080375604,-0.50134444,-0.575911,0.003575603,-0.12839822
3,5.0,0.2870604,0.27117103,-0.018005323,-0.20081495,0.2845899,-0.02184721,-0.6796297,-0.110499,1.0062988,0.37036708,0.07563732,1.1399052,0.44898948,0.21608962,0.06334984,-0.35541046,-0.073494375,-0.8961271,0.9743566,0.044428017,-0.10738609
4,6.0,1.955504,-1.3334873,-0.06521661,1.7940122,2.482159,-0.81592417,-0.6639162,-0.056406505,-0.24694355,2.219456,0.52347565,3.4985433,6.0759373,-0.007315842,-0.08406378,1.483811,-0.068893164,-0.4659442,0.63025665,0.51109546,-0.06750282
5,7.0,-0.15334156,-0.9174255,-0.36758876,-0.83064836,-0.08817135,-1.0299711,-0.31536317,-0.9092386,0.043872204,-0.124661565,1.1368836,1.6354902,0.5621595,-0.76866627,-0.68362087,-0.3993596,-0.07183424,-1.1777422,-0.52402323,-0.4624198,-0.1780076
6,8.0,0.9421696,-0.45799688,0.14857571,1.6669855,0.47218496,-0.7827911,0.09049349,-1.7994813,1.0091275,0.49189678,1.775542,2.9577334,1.6057876,-0.9361172,-0.09019364,0.4068403,-0.07238038,-1.3352987,1.2575558,-0.64216536,
7,9.0,0.04724844,-1.6179016,-0.19228409,-0.33110034,0.06954617,-0.60215294,0.2712861,-0.82189006,-0.031965327,-0.2272671,0.6262929,0.4619004,0.31825182,-0.21878296,-0.3736767,-0.2488842,-0.0649162,-0.8276389,-0.2729247,-0.76899475,-0.17451993
8,10.0,9.930307,-1.0999886,0.12983526,0.118895024,9.865237,0.18959051,-1.9007199,0.26189268,0.1812573,9.507148,0.430074,7.2076674,5.8842773,1.032583,1.6569818,6.2881413,-0.07055992,-0.45271823,0.14204815,4.8598723,
9,11.0,-0.3678924,1.1500704,-0.18533947,0.25407282,-0.45689926,1.3322052,2.581121,0.2608923,0.40674978,-0.24852628,-0.34598747,-0.4721416,-0.50484097,1.6401002,-0.015726134,0.6953321,-0.073184095,-0.75652707,0.84613246,-0.3013559,0.07255065
10,12.0,0.43552566,-0.5321845,-0.47347218,0.29831618,0.40078142,0.10193177,-0.09092352,-0.8685244,1.0031656,0.31960344,0.65167236,0.18030556,0.5462014,-0.049502485,-0.36243814,0.04909265,,-0.9760307,0.49289152,0.45599753,-0.21196151
11,13.0,0.13567948,-1.087222,-0.040349025,-0.4279157,0.102018096,-1.0262938,0.59768295,-0.83777565,0.27731824,0.41427246,1.6997876,2.1743226,1.2869749,-0.89207846,-0.3021251,-0.5671071,-0.08591923,-0.7739052,-0.4896349,-0.7353986,-0.25038716
12,14.0,-0.1334474,-0.111308254,-0.3716374,0.35664973,-0.19476447,-1.597051,-1.159613,-1.3648592,0.58746696,-0.23328385,1.2277783,-0.089562684,-0.022362586,-0.7066111,-0.47148663,-0.5224045,-0.12337429,-1.0117556,0.038925137,-0.8623999,-0.18306494
13,15.0,1.5310421,0.35121974,-0.23058769,-0.11805737,1.4354405,-1.1642745,-0.3623277,-0.6772998,1.6361811,1.6574639,4.5606294,2.0127122,1.1259395,-0.98887926,0.4282085,0.75087196,-0.082593665,-0.93050843,1.1034763,0.36803758,-0.11320988
14,16.0,0.0048091817,1.2928826,-0.32679644,1.4529761,-0.016085627,-0.44296744,1.0604148,-0.8975027,1.9272505,0.0042703524,1.4047318,0.7675331,0.4741402,-0.2576862,-0.57714736,-0.209982,-0.068044476,-1.0551206,1.8957418,0.048023548,-0.09357183
15,19.0,0.21468408,-1.1162534,-0.36620942,-0.33547744,0.27169767,-0.98274964,0.43733633,-0.41096276,0.23687077,0.30658787,3.6268973,1.4051889,1.8916856,-0.6137408,0.37199378,0.023636127,-0.06795528,0.070762575,-0.22661933,-0.9348121,-0.09533874
16,20.0,-0.20989443,1.7546889,-0.29104733,0.6424138,-0.2017351,-0.50130904,-0.7933987,-1.1629671,1.0641383,-0.08150192,0.25448927,0.21296999,0.1508957,-0.11442838,-0.7150124,-0.42950815,-0.089655586,-0.6973629,1.0412155,0.14461598,-0.16206422
17,22.0,0.18955196,2.1892352,-0.11916684,-0.05300054,0.058524407,-0.1960072,0.76335424,-0.46498564,1.6269596,0.20774998,0.017716926,-0.22958057,0.30105487,0.16129403,-0.513448,-0.014724689,-0.06671151,-0.44800323,1.5159304,-0.11221068,-0.19367023
18,23.0,0.71378523,-0.9295448,-0.47347808,-1.1288122,1.3061184,-1.6393713,0.8746916,-0.020603849,-0.7708739,1.3106759,-0.18068771,0.40592015,1.5174824,-1.3640325,-1.1965461,0.7233672,-0.050684,-0.5618905,-0.44161958,-0.6609816,-0.13565765
19,24.0,0.2388906,0.6672558,0.110250935,0.21810743,0.18327583,0.6934513,0.28232893,-0.37373307,0.32884073,0.09116527,-0.6724528,-0.33510113,0.10615596,0.48967224,-0.5667884,-0.17289798,-0.07111424,-0.5744337,0.58931476,1.0857624,-0.10843986
20,25.0,0.2935813,0.18790485,-0.27691695,-0.38729182,0.20920178,-0.6188214,0.20497568,-0.6557917,0.3930177,0.09749229,0.29032165,-0.21449219,0.2465809,-0.48390302,-0.37404248,-0.14825682,-0.07373421,-0.91141564,0.5250039,1.5481305,-0.18670848
21,26.0,1.4751856,1.1690838,-0.12353781,0.62376815,1.14599,1.1854551,-0.161147,-0.13340388,1.6803398,1.4505618,0.10873084,1.4523956,1.088742,-0.41111472,0.86027426,1.8948448,-0.0704355,-1.0320984,1.9204203,1.0449417,
22,27.0,0.90218174,-0.16873567,-0.051600367,-1.3822429,0.8947899,-0.5548484,-0.65926147,-0.69897693,0.86117435,0.68739206,3.2542276,1.3450732,0.9204624,-0.91369677,1.3874365,1.7894261,-0.07255988,-1.2182617,0.5887796,-0.25044405,-0.11655509
23,28.0,0.8721785,0.59674233,-0.401804,-0.38838798,0.8856928,-0.584546,1.2735906,-0.7614529,1.78072,1.131481,2.150577,0.40759763,0.9193693,-0.58268434,-0.16264309,2.677857,-0.12269736,-0.9578218,1.2387521,-0.34456107,-0.15386982
24,29.0,0.1242463,0.4899203,-0.3514654,-0.9329788,-0.08798472,0.12246998,1.4360118,-0.6472443,0.7524323,0.29781404,-0.06414796,-0.39318508,-0.14534146,0.50199974,-0.83704203,0.4463393,-0.067517795,-1.3460692,0.518876,0.5815303,
25,30.0,0.029296458,1.4260546,-0.023077818,0.2770981,-0.08912773,2.9874504,1.5865047,1.1793454,0.75924665,-0.004890755,-0.07587259,-0.10269796,-0.49611348,0.36625594,-0.27851564,0.5898979,-0.0728537,-0.76818323,1.3426423,2.384733,
26,31.0,-0.3926406,-0.9862964,-0.454965,-0.8625951,-0.43588525,-0.88788676,-0.51203406,-1.0015972,0.19751108,-0.38766897,0.5184448,-0.5661973,-0.523313,-0.78771573,-0.9860771,-0.66071475,-0.067348905,-1.4144014,0.0538068,0.28476074,-0.23506965
27,32.0,0.5970409,-0.32979828,-0.046595015,-0.4244502,0.52154094,1.4438763,-0.08385239,0.3094854,0.57202446,0.416754,1.6983521,0.9410075,0.13789478,0.5334004,0.15981787,0.22530223,-0.058793306,-1.143465,0.6570794,0.9421859,-0.10408672
28,33.0,0.21110308,-0.46567035,-0.41001037,-0.6502027,0.1759705,-0.7689198,-0.5646138,-1.0856215,0.28713417,0.01414689,1.3425102,-0.36410084,0.3452932,-1.3765577,-0.8502745,-0.0924138,-0.086083286,-1.4543768,-0.31368852,0.09777713,-0.17481688
29,34.0,1.7069758,-0.486932,-0.23129407,-0.1104496,1.2260965,-0.06447233,-0.0010523635,-0.6820932,0.47979808,1.6794842,0.7869202,1.1669108,0.5649376,-0.65245974,-0.37187785,0.91924036,-0.06871277,-0.97982895,0.79324865,0.84484583,
30,35.0,1.8321625,-0.4562761,0.14987686,1.3433994,1.8259237,0.76277804,0.42367852,-0.20004562,2.0272257,1.8686371,1.3853134,1.45204,1.345386,0.5637176,0.41666028,1.4169565,-0.06688752,-0.64999443,1.57817,0.7353407,
31,36.0,0.7752187,0.8100856,0.1662537,0.95392567,0.40972784,1.0244486,0.18155628,-0.005759873,1.5166726,0.44067174,-0.20123796,2.1114073,1.080791,-0.022611747,4.3630075,1.3202573,-0.05639866,-0.5410582,1.9873201,0.5605378,
32,37.0,-0.06999886,0.31057742,0.13699517,0.12838233,-0.10410049,-0.80701566,-0.6672388,-0.45155796,-0.14915584,-0.19764923,-0.13293783,-0.29921672,-0.12855522,0.12378595,-0.26813757,-0.43639067,,-0.9083686,0.21157746,-0.38617915,0.012594938
33,38.0,0.17580384,0.2733971,0.089217685,0.1401461,0.16681623,-0.87075907,-0.4872185,-0.9360957,0.3924853,0.011890244,0.29626507,0.26882687,0.4840409,-0.8220483,1.1961002,-0.2696704,-0.07539378,-1.3094147,0.4691375,0.28682178,-0.04769296
34,39.0,1.8705316,-1.3087459,-0.40655705,0.30009615,1.3168082,-0.3372421,0.1634338,-0.6752723,0.26782635,2.0365899,2.3910627,2.3630114,1.439569,-0.28642684,0.17370258,2.2136092,-0.0684448,-1.1839547,0.6032392,0.21272267,-0.020952078
35,41.0,1.3404186,-0.14458974,0.13851371,-0.6700228,1.1897359,-0.8282211,-0.2604825,-0.8491841,0.19941434,1.0260012,0.51558787,0.5827711,1.4896479,-0.75443244,-0.4935415,0.37110344,-0.07299206,-1.1189606,-0.027638968,0.27925703,-0.13792828
36,42.0,2.932794,-1.3671142,-0.20729339,0.083925776,2.9929595,-0.2629691,-0.94163793,0.012129155,-0.30180213,2.7117786,1.8381103,2.589784,1.4174637,-0.64146316,-0.23173076,2.190503,,-0.41832343,-0.22705348,1.329798,-0.1255227
37,43.0,-0.40084293,-0.68589216,,-1.176944,-0.5330175,0.26313153,-0.6593069,0.62931603,-1.692214,-0.5328358,-1.0200007,-0.3623338,-0.1484497,1.0339522,-0.79329795,-0.92648685,-0.073423795,1.2477034,-1.5708644,1.094824,-0.16180283
38,44.0,-0.28166112,0.21277064,-0.035552166,-0.63972217,-0.4472254,0.48656926,2.0773225,1.4181272,-1.0026248,-0.34824353,-0.66994536,-0.95043564,-0.58536965,1.0939924,-0.4340179,-0.75267816,-0.07036371,1.1818897,-1.2133678,1.1757817,-0.17869245
39,45.0,0.047517177,-0.04269418,-0.1630793,-1.2659535,-0.070400156,-0.8209552,-0.448974,-0.6781541,0.24809027,0.014819236,0.53514165,-0.18968156,0.62423295,0.6589606,-0.33451638,-0.27862546,-0.068037614,-0.60078627,-0.30484077,-0.33380336,-0.11679529
40,46.0,-0.16616902,0.041489698,0.11955047,0.08166744,-0.3345205,0.29369208,0.5723003,-0.387332,0.25304925,-0.39473525,0.6816775,-0.08352452,-0.18346664,-0.788998,0.021839252,-0.38166887,-0.07208553,0.16895697,0.27176267,-0.27570635,-0.091077134
41,47.0,0.13617931,1.9549017,-0.3617655,1.3309242,0.5923321,0.84235364,2.4084063,0.33067328,1.4641321,0.54065615,2.2434015,0.5064778,2.0630593,2.3932643,1.1809238,1.011626,,-0.68261236,2.5030117,0.8155207,-0.16194922
42,48.0,-0.20806983,1.4117159,-0.12355653,1.226408,-0.26725394,0.31075007,1.1561362,0.6833356,0.60842514,-0.03766706,2.0892582,0.17021003,0.26167446,0.0504631,0.23853554,-0.08955676,-0.07273318,0.2201403,0.9730216,0.08542592,-0.0048897774
43,49.0,-0.44744548,1.5456674,0.11947028,0.88049686,-0.47153273,-0.49622813,-0.3186386,-0.4670443,-0.36834723,-0.6108979,-0.84205025,-0.6135586,-0.4226022,-0.80406934,-1.0032184,-0.03852493,-0.0759543,0.34558496,-0.22303213,0.24108912,
44,50.0,-0.46136194,-0.124028094,-0.20395903,0.1417904,-0.4037153,0.32330114,-0.3145156,-0.34610522,-0.09126992,-0.50771517,-0.62883276,-0.7020845,-0.70879,0.26338798,-0.60158247,-0.06569866,-0.07310114,-0.4578538,-0.13667175,3.4424188,-0.15159445
45,51.0,-0.23658352,1.0071617,0.08715431,0.010536726,-0.3378199,0.18452045,1.2692358,-0.12589014,0.5694789,-0.23305431,-0.39251998,-0.5494649,-0.20361967,0.74167794,-0.805047,0.88866204,-0.11430783,-0.45690084,0.59420913,0.21098721,-0.24436869
46,52.0,-0.17408234,-0.018828234,0.14205855,-0.9549449,-0.26599774,0.41515043,-0.74729556,1.5589191,-1.2140676,-0.5480825,-0.90845406,-0.6746312,-0.48471224,1.0875226,0.1259663,-0.8606933,-0.06814355,0.589079,-1.1353985,1.0213492,-0.06228395
47,53.0,-0.70788366,-0.60627943,-0.21321057,-0.49675974,-0.45412254,-0.15453959,0.6018805,1.2993635,-1.5662626,-0.67953956,-0.8648578,0.35079473,-0.104660094,1.327878,-0.91665393,-0.69014114,-0.0950919,1.0254062,-1.0497499,-0.21701133,-0.26753616
48,54.0,0.49374193,1.3474228,0.06903782,1.4769447,0.32112485,0.19925494,-0.3450841,-0.47781312,1.3229834,0.097600624,-0.28537557,0.16360947,0.58029765,-0.13190678,-0.48209175,-0.023197042,-0.07592535,-0.27697742,1.678801,0.8082303,0.06285968
49,55.0,0.17588978,0.8830098,,0.6677405,-0.008052178,0.43170622,-0.40722135,-0.016001627,0.9057131,-0.273631,0.507203,1.2077352,0.4986852,-0.39255556,4.026103,0.123018585,-0.07577674,-0.43992245,1.4067158,0.017466754,0.061075922
50,56.0,0.67983484,-1.0922307,-0.29185343,-0.65290296,0.7292271,-1.0769522,0.50845915,-0.09216526,-0.61179626,0.47220117,0.15394983,0.026885957,0.5448961,-0.36655915,-0.8144539,0.19382946,,0.17972282,-1.024662,-0.015315857,-0.21988685
51,57.0,-0.4078635,-0.36651647,-0.14100839,-0.78250796,-0.33347914,0.27850854,0.4358168,0.22907469,-0.3545635,-0.39143655,-0.19080935,-0.18262991,-0.5126701,-0.379575,0.81914014,-0.7446605,-0.08010955,-0.2659515,-0.45398363,1.5013074,-0.18116993
52,58.0,0.012745101,-1.0118555,-0.34382892,1.3386441,0.044884883,-0.5094128,-0.030680813,-1.4685029,1.7070715,-0.082584076,0.48648483,0.14910997,-0.11407638,-0.77561706,-0.31743696,-0.2290661,,-0.84040725,1.6313565,0.7364658,-0.20944747
53,59.0,0.055937275,-0.22338694,-0.012753825,0.6521855,0.048474666,-0.40844852,-0.06037465,-0.5772865,0.38700825,0.025333745,-0.56450754,-0.1014172,0.1992867,-0.7643187,0.39744002,-0.10706535,-0.065514944,-0.89207995,0.1161221,0.51018995,-0.18103234
54,60.0,-0.19541815,0.9871115,-0.07701854,1.0861666,-0.39161453,-0.19239677,1.7380912,-0.5455383,1.1322314,-0.41671255,-0.19293897,-0.18358056,-0.7334546,0.1714831,-0.81451106,-0.59743387,-0.06894752,-0.66526693,1.2457916,-0.87907094,
55,61.0,0.2377293,-0.34661058,0.060827054,-0.4278788,-0.0038922632,-0.27104938,1.7968183,-0.5735096,0.882851,0.00024363757,2.1425445,0.6263791,0.1996565,-0.88346225,2.7355232,0.055233616,-0.07123223,-1.0416135,0.5277043,0.13669854,-0.12782118
56,62.0,-0.13189015,-0.1504635,-0.10995043,-0.42074743,-0.18712693,-0.68517727,0.39178354,-0.44528803,0.22233409,-0.06770226,0.18841648,0.1304268,0.4831313,-0.25900102,-0.24952142,-0.4484246,-0.072994664,-1.3009994,-0.48982048,1.9384699,-0.23885152
57,63.0,-0.19828537,0.6289764,,-0.90148777,-0.20712166,2.6299746,2.0161448,2.1699152,-0.9082097,-0.24784105,-0.8490464,-0.7491214,-0.34745452,2.2789705,-0.4242724,0.15625681,-0.07188431,0.006257089,-1.1783931,1.9561102,-0.24597153
58,64.0,4.2380157,0.47015098,-0.16640158,-0.9302771,4.5351095,-0.754549,-0.54296106,-1.4005148,1.0028536,3.9363651,1.7841648,2.3774312,2.3133671,-0.80113196,-0.2695785,2.6356292,-0.06990365,-1.0194591,0.57380986,-0.15207364,
59,65.0,-0.38436052,-0.3597139,-0.13600037,-0.14368716,-0.32721153,1.1438993,-0.31914738,0.89778847,-0.68418837,-0.4673023,-0.65649396,-0.65980923,-0.79729784,0.69469506,-0.59026533,-0.6330769,-0.05513559,-0.053249378,-0.4640378,2.1784484,-0.113172226
60,67.0,-0.5003819,-2.0818458,,-2.613343,-0.5566816,-4.070458,-3.2634718,-1.7720891,-2.4052176,-1.3170694,-1.37378,-0.9105817,-0.7973939,-4.3873267,-0.20434925,-0.6896676,-0.07606046,-1.2515486,-2.155725,-2.9463642,-0.20096281
61,68.0,0.23888797,-0.47124588,,-0.06242121,0.69306386,1.8126907,2.9947727,1.8541389,-0.31146437,0.47031972,1.7954066,1.5630735,1.0818417,0.7372179,2.2203627,0.58060664,-0.0580541,-0.56593084,0.37599277,0.7942115,0.009140811
62,69.0,-0.30556265,1.2917132,-0.4142249,-0.33326706,-0.35656738,-0.95153433,-0.3191054,-0.7889235,0.9055584,-0.31367102,-0.29042685,0.13715337,0.25959128,0.0550011,2.1171699,-0.524824,,-1.1815304,0.57476526,0.339308,
63,70.0,3.9269795,-1.0363603,,-1.4276749,3.8952038,0.48842686,0.02292305,-0.14617501,-1.8841455,4.0139318,-0.77649575,3.9211261,3.1610718,2.413438,-1.0103179,2.864228,-0.07256006,0.7904137,-2.0720856,1.1731011,-0.111312866
64,71.0,-0.07231827,-0.40561488,-0.2380914,-0.60530865,-0.13591589,-0.63642555,0.63147813,-0.6995452,1.0263225,-0.012269672,0.12281296,-0.46462256,1.6387322,0.32634443,-0.7275292,0.16650505,-0.07178285,-1.0514036,0.68420154,-0.20084858,-0.2519832
65,72.0,-0.10269144,1.6578563,-0.2158775,-0.5486051,-0.06171387,-0.5603643,-0.13152394,-0.49087867,1.267071,0.3136273,1.2237132,0.39041072,0.41177964,0.37103635,1.2648076,0.79758245,,-0.9101819,0.48171332,-0.3936173,-0.16033976
66,73.0,0.70717233,-0.68298507,-0.17197946,1.5777179,0.8017683,-0.9776229,-0.8644074,-1.0053617,0.84033716,0.7859468,0.10472666,0.38926426,0.6919165,-1.3422806,0.84375614,2.9531658,-0.07041238,-0.7295596,0.48529506,-0.778684,-0.15937406
67,74.0,-0.5763355,-0.041666597,0.19544247,0.36903042,-0.30322808,-0.47809848,1.4900247,1.9546918,-1.000507,-0.44093785,-0.62405354,-0.048539713,-0.21471743,-0.045829996,-0.38239557,0.15238364,-0.05112073,0.0025382526,0.19753492,-0.79818517,-0.0273669
68,76.0,-0.07737701,1.7246752,0.11237692,2.4723508,-0.14205727,-0.1941498,0.3626354,-0.51276386,1.4434663,0.11748224,0.39279214,0.07815569,0.03382187,-0.79461104,-0.13651325,-0.1291265,,0.24772453,1.6585636,-1.1711453,-0.06333151
69,77.0,-0.44630462,0.45423472,-0.3171241,0.33993354,-0.37335464,-0.4060445,0.062983,-0.41610768,1.1675454,-0.05423188,-0.30558553,-1.0484427,-0.33545998,-0.3307262,-0.6275399,-0.34376886,-0.07314997,-0.8678931,1.1665337,1.7675741,-0.152663
70,78.0,0.01911983,-0.15371624,-0.14088072,-0.666404,-0.018271938,-1.3812038,-1.0730186,-1.093602,0.5993049,0.034068055,0.82449704,-0.4496333,0.3570975,-1.4470334,-1.0071105,-0.42852554,-0.07260672,-0.8975802,0.04309239,-1.5333676,-0.1649356
71,79.0,-0.29152015,2.9384685,-0.059638664,0.7608953,-0.33235455,-1.1897558,0.20974088,-1.363188,1.715395,-0.18039334,0.51384616,-0.68486404,0.16722898,0.65613836,-0.89890116,-0.1091105,-0.071384236,-0.6193608,1.0820084,-0.7496943,-0.2029113
72,80.0,-0.42380357,-0.30394667,-0.3743253,-1.1887282,-0.43478355,0.81946343,-0.20970675,-0.08908539,-0.506077,-0.3998394,-0.76182866,-0.10662862,-0.66491336,-0.0923714,0.6197945,-0.1671054,-0.08200707,-0.5720166,-0.5929402,1.1222442,-0.20184125
73,82.0,-0.41964477,-0.70179784,-0.022008881,-1.1669269,-0.41231543,0.01241502,0.06488274,0.22419547,-1.5196714,-0.41072127,-0.80756545,-0.48390168,-0.9048893,0.97028655,-0.6689833,-0.36254284,-0.07411908,0.18015786,-1.501946,0.15226254,
74,83.0,-0.45513695,-0.23327641,0.10188146,0.6045226,-0.048382096,-0.018185342,2.1199439,1.8180956,-0.69470096,-0.27984777,-0.41733354,0.12785989,0.014862455,0.70461226,0.5622268,-0.34456807,-0.052639093,0.62022793,0.022681564,-0.19194101,-0.029103754
75,84.0,0.029677687,0.18748644,0.0617457,-0.19402787,0.075016305,-0.059294663,0.05901071,-0.9958242,0.5503212,0.009424417,5.0642343,1.5187198,1.6862073,-0.4875718,0.34448755,-0.15560408,-0.07459079,-0.61277825,-0.10613473,-0.55052066,-0.107748084
76,85.0,-0.3177465,0.5782944,-0.21476312,-0.28287455,-0.123872556,0.6543867,0.5434154,-0.13056545,0.7428121,-0.0039731944,-0.48527268,-0.93141353,0.05922041,1.2715472,-0.58241415,-0.4966544,-0.07255146,0.42965442,0.49237606,0.43846446,-0.13093701
77,86.0,-0.31137428,1.470888,-0.33515972,0.7645592,-0.23886885,-1.0802819,-0.77746123,-1.1973269,1.4112774,-0.3461045,-0.089391135,-0.5615464,-0.4170113,-1.1133602,0.25563282,0.16819997,-0.07525819,-1.0980119,1.045018,0.802022,-0.15335277
78,87.0,0.26713946,0.9424883,-0.22337458,1.2052739,0.41570836,-1.8452913,-0.49635231,-1.7733321,0.6447826,0.3373034,0.72634494,-0.06505048,1.0732615,-0.74640304,-0.5071883,0.02268685,-0.072191864,-0.70586675,0.04585122,-1.5110242,-0.16449541
79,88.0,-0.35442463,-0.9456648,-0.09705192,-1.5140506,-0.24468495,0.40683872,-0.3908466,2.4767478,-1.6734407,-0.57233024,-1.1155248,-0.9866946,-0.9839942,0.25188676,-0.56332904,-0.44024238,-0.05015156,0.75898045,-1.7450609,-0.0960177,-0.24480596
80,89.0,-0.32375467,-0.55009747,-0.018690348,-0.51211464,-0.40306786,0.022734204,-0.2579159,-0.024323791,-0.25565875,-0.63295877,-0.90238166,2.1041162,0.08245267,-0.18898202,5.17311,-0.72374105,-0.070912644,-0.19641203,-0.3365102,-0.42446145,-0.11513534
81,90.0,-0.48338583,-1.4150875,-0.30155244,-0.76502615,-0.3770894,0.37096307,-0.3442014,0.16634156,-0.72083676,-0.5588777,-0.8856596,-1.0254283,-0.7833967,1.0922498,-0.9353973,-0.7600385,-0.069647506,-0.43010843,-0.99504626,0.8994982,-0.26157945
82,91.0,-0.34108648,-0.95553464,-0.21703748,-0.114385605,-0.23351695,1.3966373,-0.16846405,0.49069965,-0.015088893,-0.20805903,-0.06724342,-0.4034609,-1.2269683,0.952734,-0.26268306,-0.16569549,-0.06519304,-0.5976175,0.2410161,0.87118644,-0.23388034
83,92.0,-0.46358532,-1.0655978,-0.06059434,-1.2402693,-0.44460756,1.2263771,-0.46420982,2.0516574,-1.426548,-0.6647195,-0.68492573,-0.953534,-1.0235838,1.2502536,0.07480677,-0.88857543,-0.05682038,-0.062823184,-1.4495702,-0.434368,
84,93.0,-0.19496399,-0.56123114,-0.26796257,-0.47146028,-0.23551935,-1.4247526,-1.2646569,-0.5014168,-0.73663163,-0.35231274,-0.75739235,-0.31900245,-1.0160701,-1.7988055,1.3418449,-0.112329416,-0.072754465,-0.39043605,-0.60199994,-1.3471192,-0.18926
85,94.0,-0.28841096,-0.13453074,-0.21884689,-0.9617147,-0.2751874,1.4519335,0.5859335,0.35671437,-0.06264514,-0.27616784,-0.034219716,-0.68432504,0.6653077,2.4244862,0.92039865,-0.6315284,-0.06295219,-0.78186816,-0.5076522,1.2510767,-0.20995001
86,95.0,-0.49240434,-0.981573,-0.43430042,-1.0097305,-0.4134295,-0.31325987,-1.1385933,-0.3152837,0.058753278,-0.43755016,-0.292525,-1.1300753,-1.1737665,0.45442468,-1.0035368,-0.6426435,-0.12552844,-0.5849976,-0.051964544,-0.10989654,-0.1780638
87,96.0,-0.39030895,-0.80377984,-0.3210885,-0.2026493,-0.3773961,0.62100273,-0.62675416,0.1754496,-0.6078084,-0.5268465,-0.7321337,-0.62006074,-0.86121,0.4296311,0.9859755,2.3989565,-0.07010229,-0.21449843,-0.56947255,0.11429633,-0.1584532
88,97.0,-0.4187117,0.3626212,-0.13730262,-0.53072244,-0.3419371,-0.7223043,-0.12089174,-0.8968368,0.5890552,-0.15464318,0.27743343,-0.75022155,-0.46106464,-0.3336377,-0.29713318,5.259666,-0.072554775,-0.7366542,0.27183038,0.010748439,-0.23341538
89,98.0,1.1316308,0.6103944,-0.4019084,1.9739325,1.0829086,2.1518736,-0.69071424,-0.77620685,1.6145374,1.2332686,0.7232271,0.85502964,0.36595944,0.5767275,-0.21336105,2.2176816,-0.07177303,-0.9149137,1.8214253,0.38168043,-0.03054796
90,99.0,-0.44837362,0.19522154,-0.06982637,0.67628646,-0.4666935,1.428587,-0.45943657,1.3948866,-0.47033715,-0.6064382,-0.79576725,-0.08513784,-0.6715655,-0.3887762,-0.3161677,-0.30795902,-0.07194073,0.4533355,0.35263714,-0.91508657,-0.01867378
91,100.0,-0.35077024,-0.10688443,-0.06466096,0.09726115,-0.39476883,-0.8749179,-2.1490693,-0.95085126,-0.47124857,-0.4612968,-0.7017676,-0.0072045503,-0.28646418,-0.4407663,0.7649756,-0.13314381,-0.07365376,0.16603437,-0.5657583,-0.9846122,-0.038225096
92,101.0,-0.20245248,0.11638586,,-0.34681326,-0.29276097,0.46046486,-0.9593856,0.82815325,-0.8019815,-0.2352783,-0.9662414,-0.46901825,-0.66364497,0.2038908,1.4867886,-0.25865096,-0.08311849,2.0698,-0.72677445,-0.53339356,
93,102.0,-0.4060682,3.4074562,-0.15791534,0.9368266,-0.3635818,0.3989537,0.7363872,-0.7139265,1.4589278,-0.1921491,-0.076071925,-0.912536,-0.214839,1.1782316,-0.5451481,-0.3051251,-0.07480797,-0.26937345,1.23076,-0.53647584,-0.030534051
94,103.0,-0.49361512,-1.0801924,-0.26854464,-0.86311764,-0.50845116,1.5724365,0.60265493,2.810448,-1.6306965,-0.8494562,-1.0478723,-1.1184548,-1.2971519,0.63573885,-0.765568,-0.90831953,-0.07400352,0.8528304,-1.7214538,0.03311739,-0.1750148
95,104.0,-0.46510887,-0.9693335,-0.16129382,-1.1115152,-0.44545344,0.55202097,-0.62205565,1.0559943,-1.1956295,-0.73670316,-1.1015173,0.49233705,-0.3968272,0.3382347,1.4873403,-0.90376574,-0.07670608,1.9197372,-0.58085185,-1.1209853,-0.063395515
96,105.0,-0.24327947,0.73448426,,0.9222188,-0.38094613,0.9403652,0.3561885,0.6355155,0.146262,-0.45257282,-0.6688982,-0.23681493,-0.2639868,1.8466274,-0.16947322,-0.7473947,-0.07328423,0.58057225,0.74084985,-0.4396072,
97,106.0,-0.47426134,-1.2979573,-0.09129727,-0.7401296,-0.45088485,1.5564774,0.9133044,2.9266932,-1.4855205,-0.7418506,-1.0662025,-0.17115277,-0.7121956,1.6040531,0.1825145,-0.9346129,-0.07694905,1.3389844,-1.0324116,-0.2521352,-0.18499196
98,107.0,-0.38964072,0.9517744,-0.057152774,0.93117446,-0.36320263,1.098389,0.7622077,-0.06638334,0.5195565,-0.24178775,-0.52994686,-0.6490658,-0.34427354,0.5602022,-0.19633032,-0.5897348,-0.07235477,-0.3416269,0.85986525,-0.8415153,-0.07645738
99,108.0,-0.46508974,-0.21835436,0.02355101,0.044806823,-0.42604646,2.0055873,1.4394175,0.7159167,-0.3571933,-0.3565132,-0.65807253,-0.48527363,-0.6767208,1.1892289,0.6731699,-0.70146114,-0.07516132,0.7645703,-0.14767206,-0.27528393,-0.15515119
100,109.0,0.34806708,1.3498214,-0.104287,1.104073,0.3530273,-0.2154466,0.75221485,-1.1429085,1.770784,0.645513,1.6472125,-0.22154728,0.46036097,0.13934912,-0.6952733,-0.23065634,-0.07334667,-0.96018785,1.4845916,-1.3827631,-0.18303841
101,110.0,-0.32729614,3.0469103,0.08684918,1.724875,-0.36386573,0.71232176,-1.1033393,-0.77557874,0.8986182,-0.3665906,-0.32685158,0.033707052,0.16794674,-0.27889615,0.2975666,-0.061618377,-0.07385842,-0.61300725,1.3722979,-0.19793741,0.06565715
102,112.0,-0.5334222,0.82121915,,0.9596249,-0.29906678,1.1839997,4.1796346,2.0694592,-0.08136018,-0.1462105,-0.6975037,-0.28785568,-0.2762615,2.3353,0.9648988,-0.2891266,,0.022086961,1.0555948,0.39691055,-0.039844483
103,113.0,-0.22550505,0.5825775,-0.50502586,-0.2887205,-0.1952693,-1.0479121,-1.0175519,-0.117441475,0.12143763,0.8677348,0.03428779,-0.19877242,0.0016634469,-0.23562112,-0.76806885,0.6325082,-0.09284246,0.4388807,-0.23574466,-0.7383695,-0.18354996
104,113.0,0.10238768,0.6859982,0.07373955,1.7935481,0.05957893,-0.3164642,-1.0509176,-1.1106921,1.1516163,0.055837154,0.22524264,-0.1924036,-0.36773705,-0.567575,0.53631777,-0.46276847,-0.06756231,-0.9682655,1.2875711,-1.1253215,0.06336745
105,114.0,-0.33054867,-0.6089897,-0.20406671,-0.11727566,-0.34286296,-0.50774705,0.016272556,-0.24670112,-0.24314095,0.759569,-0.5263058,-1.0282059,-0.64947695,-0.27935618,-0.82975626,-0.18293932,-0.071465,-0.45157894,-0.34048972,-0.45839444,-0.23886822
106,115.0,-0.32158285,1.2208929,0.08467207,0.2381485,-0.20740901,1.1862959,-0.5487847,0.6401491,0.68005896,-0.29043785,-0.32467547,0.03914836,-0.28817776,1.5125188,-0.39695624,0.14441793,,-0.111000754,0.9506237,0.36442485,-0.014721756
107,116.0,-0.25287807,0.115728416,-0.20904455,1.775333,-0.2713095,0.4220069,-0.3805932,-0.106172614,0.9434091,-0.32101154,-0.40861413,-0.05419839,-0.38201845,0.47889012,1.8918109,-0.4704643,-0.068708606,-0.5816295,0.87085545,0.48167923,-0.25173298
108,117.0,-0.4620164,-0.7975063,0.22874856,-1.2760506,-0.40862703,0.8033366,1.8554442,0.39919412,-1.385124,-0.48988897,-0.72843546,-0.9200405,-1.0186161,0.047934163,-0.22291282,-0.7249588,-0.07234415,0.39436072,-1.4334079,0.41488948,-0.28686097
109,118.0,-0.47509775,0.23085988,-0.04689646,1.750384,-0.4247407,1.8864175,0.9987275,-0.579934,0.42840576,-0.4088328,-0.8446886,-0.6305453,-1.0929132,0.07397569,0.048483826,-0.25766486,-0.07369602,-0.23647638,0.81543636,-0.3567239,-0.16546784
110,119.0,-0.35002592,1.0401096,0.023304947,0.69911826,-0.3427539,0.6438997,0.6762688,-0.5909372,1.2334863,-0.05376071,0.8424763,-0.7878166,-0.57603425,0.35822943,-0.43948174,2.5138118,-0.06889816,-0.4421849,1.3915901,-0.5893277,0.030158581
111,120.0,-0.26268935,-0.6803123,,-1.044705,-0.44377667,0.49192092,0.15998983,1.0312883,-1.1048409,-0.50223553,-1.0007472,-0.46261334,-0.8393832,0.073983334,-0.4773344,0.2734813,-0.070926726,0.72947925,-1.1296132,-0.16589074,-0.15382448
112,121.0,-0.29154623,-0.4109976,-0.15672033,-0.2345175,-0.30877477,-0.5339619,-1.0620917,-0.44882283,-0.045548804,-0.3127295,-0.69261056,-0.55629987,-0.6725246,-0.53113824,0.21458863,-0.3438478,-0.07366877,-0.5368274,-0.20815013,-0.44791016,-0.2577856
113,122.0,-0.010735513,0.014692479,-0.012301464,1.2556456,0.08587443,-0.53425425,-0.95110744,-0.5247082,0.10774182,0.03908781,1.1990032,0.1162486,0.28716108,-1.0483716,-0.33633658,0.16946942,,-0.54226553,0.24449697,-0.9927363,-0.101082474
114,123.0,-0.47165096,-1.3195217,-0.07814166,-1.3005857,-0.48148566,0.05529632,0.24722397,0.09465361,-1.4759594,-0.67355865,-1.0998101,-0.6972016,-0.8401916,-0.66184413,-0.32427415,-1.0193691,-0.079828106,0.21075477,-1.5898834,0.15245137,-0.07890796
115,124.0,-0.11094473,-0.9424146,0.13074604,-0.030347431,-0.14050393,-0.3585439,-0.34420115,-0.84265023,-0.55726326,-0.36663982,-0.57808566,-0.10241,-0.8859087,-1.0112677,-0.30156425,-0.5900484,-0.06617743,0.39792147,-0.60076445,-0.46078372,-0.18949923
116,125.0,-0.5306946,-0.75326526,0.017330261,-0.8289249,-0.49701816,1.0929666,0.0013841072,1.3532869,-1.4432205,-0.7428402,-1.117111,-0.4766875,-1.4204032,1.9085661,-0.16243556,-0.7873711,-0.075217955,1.0793695,-0.9729127,0.4190016,-0.18016596
117,126.0,-0.5481689,0.33467203,0.07761363,0.015814874,-0.4315131,1.8771935,0.06959817,3.23413,-0.76148635,-0.6390421,-0.88335973,-0.4568162,-0.788579,3.6420157,-0.3508886,-0.9282748,-0.10692399,3.2004857,-0.30406195,-0.34022158,-0.21531707
118,127.0,-0.4327725,0.12442153,-0.26807913,0.1538409,-0.41342816,-0.8868677,-0.24258551,-0.38040474,-0.66768837,-0.5899025,-0.56203735,0.06097244,-0.3326977,-0.84374285,-0.59278387,-0.56024927,-0.06560291,1.5717925,-0.16929492,-1.6402601,-0.21246412
119,128.0,-0.4540083,-0.19462141,-0.2843378,0.67839247,-0.38019097,-0.52090174,0.14893743,-0.8533659,-0.046442233,-0.34058002,-0.8022523,-1.0439391,-0.50910413,-0.7916246,-0.78551376,-0.37388,-0.07754771,-0.49817103,-0.11955169,-0.61754125,-0.21868034
120,130.0,-0.7315832,-0.76396245,-0.293909,-0.7951326,-0.41382566,-0.927268,0.49282584,0.6235219,-1.1854981,-0.49001408,-0.60656846,-0.21490385,-0.6005307,-0.94903344,0.019715892,-0.36557406,-0.09694605,0.6387652,-0.8592806,-1.0261246,-0.2054172
121,131.0,-0.4911394,-0.2652643,-0.14524817,0.43939236,-0.4288767,-0.28720936,0.47728822,-0.261822,-0.5785321,-0.45591924,-0.550292,-0.15818565,-0.2908943,-0.36362568,-0.98918265,-0.7208026,-0.071016334,1.4518092,-0.44750863,-1.3563927,-0.19603898
122,132.0,-0.4525122,-0.6784533,-0.30190253,0.020432116,-0.4899659,0.56186694,0.6549795,0.4752246,-0.74909717,-0.69176865,-0.72879124,-0.34470806,-0.5582447,0.03949864,-0.34116298,-0.40599966,-0.07395459,0.71998185,-0.6677449,-0.7973439,-0.1997709
123,133.0,-0.38550806,-1.0240886,-0.22633442,-0.8371653,-0.27628136,-0.5355798,-0.5294402,-0.20493051,-1.107674,-0.45517865,-0.82805735,-0.32183474,-0.9309202,0.16924052,-0.8447948,-0.55620193,-0.070520975,0.15014748,-1.2403506,-0.7570247,-0.24101567
124,134.0,-0.46004692,-0.13342226,-0.119179636,-0.1328336,-0.3747259,-0.17456038,0.2652137,-0.29517657,-0.42458755,-0.47323793,-0.5062201,0.22300829,-0.7348335,-0.030703655,0.54155684,-0.28838074,-0.06906792,0.53498065,-0.15907075,-1.3345338,-0.11937665
125,135.0,-0.39312622,0.079577394,0.07476548,1.5232624,-0.41477334,1.005667,-0.39461762,-0.17378493,1.0350963,-0.48798266,-0.27632612,-0.43016776,-0.074394375,0.257384,0.9960731,-0.6690824,-0.074467376,0.06011288,1.2029712,-0.35667446,
126,136.0,-0.4634061,-0.49632114,,-0.6842419,-0.47851652,0.315138,-0.237244,0.51561624,-1.4094864,-0.6495007,-0.86518615,0.043505255,-0.6112741,0.9674995,0.040463615,-0.8825868,-0.07454077,1.7883557,-1.258705,-0.99951726,
127,137.0,-0.497682,-0.12569776,,-0.68510884,-0.44508865,0.44620183,-0.6243127,-0.1338403,-1.5788233,-0.71780735,-0.76613826,0.44503722,-0.76550835,0.37194264,-0.6961169,-0.8669616,-0.06417443,2.8670108,-1.4757109,-0.23578039,-0.027988123
128,138.0,-0.33891165,-1.4011235,0.10086159,-0.5781804,-0.016156191,0.73424566,-0.070556924,1.7814673,-1.1984075,-0.41363475,-0.26140043,-0.36764985,-0.68290377,-0.48890686,0.087196045,-0.3376651,-0.06986687,0.06581,-0.33468318,1.5648434,-0.230571
129,139.0,-0.28483,-1.2715133,,-0.84293735,-0.22867323,-0.7674484,-1.0145901,-0.2562979,-0.7279773,-0.045643378,-0.3603152,-0.34274742,-0.2754088,-0.9516369,0.048938774,-0.63596624,-0.07400979,0.026030978,-1.155741,0.41364434,-0.14532644
130,140.0,-0.47168452,-1.0463601,-0.029896984,-0.98525846,-0.30003935,-1.1848559,-1.4289697,-0.7949302,-0.55840266,-0.6259927,-0.6371398,-0.8479457,-0.7409997,-1.1388668,-0.19413826,-0.42913747,-0.071145386,-0.8023564,-0.54702526,-0.00014719467,-0.17342041
131,141.0,-0.21560863,-0.5294659,0.038553495,-0.47623685,-0.2612928,-0.7863281,-0.5962512,-0.2942454,-0.3108893,-0.09354175,0.120117724,-0.076696984,-0.44190648,-0.6932813,-0.38339278,2.2870765,-0.068527415,0.7447905,-0.37884185,-0.9450922,-0.2159764
132,143.0,-0.4334101,-0.09920222,0.02094002,-0.4860623,-0.49635932,-0.4931414,-0.80036443,0.07324883,-1.2960622,-0.68932843,-0.8189686,-0.693263,-0.9988815,-1.1037614,-0.8494563,-0.30107406,-0.067695946,0.8234088,-1.1788042,-0.3292568,
133,144.0,-0.41693252,-0.9509119,-0.5085364,-0.94885886,-0.32585424,-1.2268482,-0.769773,-0.9176485,-0.48626325,-0.019954676,-0.48263818,-0.6573867,0.11057886,-1.1162655,0.049701735,-0.33705238,-0.07067998,-0.6031271,-0.8588144,-0.971104,-0.31434458
134,145.0,-0.26296443,-0.61904114,-0.22768942,-0.89176124,-0.26159692,-2.0383964,-2.2826462,-0.89494693,-0.4601871,-0.034184273,0.53717935,0.030728616,0.78963816,-1.0497274,-0.3836302,-0.13033932,-0.0680466,0.06159907,-0.92535853,-1.0888264,-0.21547762
135,146.0,-0.5520625,-0.56154424,-0.21239088,-0.8922479,-0.47363624,0.64136344,0.114123404,0.50105834,-0.57425433,-0.64531636,-0.70953333,-0.62337935,-0.69141555,0.3698657,-0.7314567,-0.93561345,-0.07219835,1.5263679,-0.925921,1.0268317,-0.22024536
136,147.0,-0.39666465,-0.57171774,-0.24496195,-0.17914046,-0.40906668,-0.3797292,-1.3138846,1.0099783,-0.8891397,-0.33430013,-0.8950872,-0.475992,-0.6456453,-0.52432865,-0.9857359,-0.5507144,-0.14162147,4.3394775,-0.5983562,-1.0022366,-0.2600219
137,148.0,-0.4295205,-0.8832951,-0.39785978,-1.1782408,-0.42675123,-0.96692777,-0.7370729,-0.52687734,-0.6207146,-0.50139534,-0.80341935,-0.68768096,0.3302957,-1.3472085,0.4574518,-0.59322584,-0.0777881,-0.6135536,-1.0712553,0.5168367,-0.18704487
138,149.0,-0.40015504,-0.2325691,-0.43437517,-0.5874955,-0.4667398,-1.1132607,-0.0556545,-0.9353386,-0.71655476,-0.50720096,-0.9068887,0.207181,-0.24617308,-0.7994368,-0.108443126,-0.7747496,-0.066927426,0.23715879,-1.170008,-0.9497623,-0.17187266
139,150.0,0.8722922,1.5737954,,1.133027,-0.38782442,1.2127033,0.013757099,0.99946165,0.16040467,-0.3682848,-0.5888263,0.008268989,0.01554685,0.7033284,0.65396464,-0.59230435,-0.076419935,0.74459195,0.34352314,-0.032017678,-0.02370811
140,151.0,-0.2537356,1.2882599,-0.0100180665,0.3951681,-0.32605454,0.039007463,-0.104491785,0.07761824,-0.22085126,-0.31366768,-0.39293215,-0.05453372,0.25763735,0.6947804,-0.87221014,-0.35171497,-0.06681806,-0.35508576,-0.29281256,-0.017057331,-0.06146178
141,152.0,-0.22636004,-0.12442254,-0.1065501,0.0843035,-0.15382843,-0.9508983,-1.2192831,-0.29123545,-0.14911288,-0.13211548,-0.71388674,-0.3024621,-0.036051616,-1.3521543,-0.28839478,-0.13152373,-0.069854036,-0.9724858,-0.48610523,0.39981565,-0.2256138
142,153.0,-0.5214491,-0.7021039,-0.12931153,-0.5187009,-0.48852792,-0.09415333,-0.30186182,-0.106320515,-1.049183,-0.5800558,-1.0074283,-0.42639202,-0.5447716,-0.70114976,-0.7526728,-0.6241678,-0.07667589,0.8583888,-0.801052,-0.60232806,-0.27778172
143,154.0,-0.37914005,-0.7157608,0.13412932,-1.1470454,-0.42368582,-0.44832784,-0.85490614,0.09574488,-1.3568751,-0.3262173,-0.76786804,-0.8351255,-0.6701243,-0.596408,-1.232084,-0.45735535,-0.06274409,-0.2008706,-1.41647,-1.1227607,-0.27808398
144,155.0,-0.119471595,-0.16579956,-0.1828358,-0.5115526,-0.0833566,-0.8983518,-1.2703791,-0.2941271,-0.06497932,0.24982414,0.07897017,-0.45728013,0.43940544,-0.90860534,-0.7557105,0.032346874,,-0.14767975,-0.49766564,-0.4726847,-0.21658432
145,156.0,-0.3238302,-1.0269824,0.23800477,-1.4577758,-0.28597024,0.52724266,-1.3305622,0.7125978,-1.7803618,-0.48911646,-1.0535992,-0.7942527,-1.1097225,-0.61815315,-0.45867088,-0.5262421,-0.051678263,1.8785131,-1.7334125,-0.39426517,-0.27411613
146,157.0,-0.4587698,-1.0850713,,-1.9066511,-0.42323738,0.6262726,-0.010876732,0.16764303,-1.433715,-0.63801986,-0.9309044,-0.62583894,-0.67311305,-0.29187012,0.47825566,-0.6079563,-0.06679863,0.59096915,-1.6954776,0.8052796,-0.12650938
147,158.0,-0.34772646,-0.7450552,,-1.0780255,-0.44838023,0.042109866,-0.29642084,0.27250296,-1.2859491,-0.5901952,-0.8910901,0.38039362,-0.8907394,-0.980182,0.38873565,-0.49905837,,0.21887492,-1.2371026,-0.35653043,-0.110612914
148,159.0,-0.47729567,0.28757352,0.03847375,0.8058623,-0.46794578,1.5875196,1.1156446,3.2625628,-0.7313846,-0.6086466,-0.93238455,-0.03562831,-1.002655,1.7735859,1.2092202,-0.4174462,-0.07685263,1.4915563,0.23879929,0.7156784,-0.071060754
149,160.0,1.1067266,-0.9296701,-0.061524715,-0.25554866,1.0576597,-1.4146401,-1.5527396,-0.7546701,-0.37288344,1.7278079,-0.45203295,0.31577894,-0.2509179,-1.4739114,0.34578195,1.0174515,-0.07266448,-0.672737,-0.7185286,-0.85261494,-0.16016379
150,161.0,-0.42103413,-0.9838015,-0.43398595,-0.80854267,-0.39838445,-1.0523572,-0.9049355,-0.47322136,-0.30070835,-0.30044216,-0.397719,0.55627614,-0.29136956,-1.294284,1.2953494,-0.4414509,-0.07636201,-0.64609796,-0.6603318,-0.4235617,-0.24050201
151,162.0,-0.7432487,-1.1985517,-0.38604018,-0.5879591,-0.40571713,-1.3127189,-0.05293074,0.3005355,-1.724648,-0.4574114,-0.7384657,-0.29245996,-0.6309452,-1.5761546,-0.805397,-0.6232278,-0.08283387,-0.1400433,-1.6041607,0.42780662,-0.27508348
152,164.0,-0.486142,-1.037688,-0.056796875,-0.8338813,-0.44804344,-0.42820147,-1.8184713,0.029109906,-0.9388369,-0.50137407,-0.71438134,-0.47722453,-0.63683426,-0.818091,-0.29961973,-0.27429676,-0.087748215,-0.0592317,-1.2575791,0.30358368,-0.1722079
153,165.0,-0.21966587,0.7694439,0.10197002,0.90211654,-0.29905397,-0.5498801,-0.14311966,-0.5024813,0.16294935,-0.08954087,1.1374282,0.54833585,-0.18621081,-0.24024847,0.12181141,1.6229372,-0.0738125,-0.3869857,0.22612867,-0.8845505,-0.12352025
154,166.0,-0.5167408,0.6722494,-0.34136167,-0.07985405,-0.49626666,1.0300708,-0.10948215,0.9520986,-0.010850544,-0.39777374,-0.54050016,-0.46286187,-0.05383385,1.7125521,-0.8665514,0.08982247,-0.06108693,0.88323534,0.0027047396,-0.25778764,-0.123034015
155,167.0,-0.3821548,0.31313056,-0.014934488,-0.36721593,-0.39201465,0.29140583,-0.58912903,-0.28605545,-0.49392274,-0.4382172,-0.5525701,-0.30336055,-0.49836546,-0.07689108,-0.62983114,-0.04835281,-0.06603238,0.11569609,-0.4626505,-0.94930136,-0.22497028
156,168.0,-0.38885063,0.3548748,-0.08378636,1.9167482,-0.4178013,0.524056,-1.4834672,0.26617968,-0.23545088,-0.8927262,0.06409647,0.18875787,-0.94851947,-0.33495826,0.62141055,-0.5386653,-0.07995333,0.18767773,0.66903347,-0.124693274,-0.10767349
157,169.0,-0.27091515,0.86465544,0.24995406,-0.020433066,-0.3705843,1.1799202,0.24858741,0.7036284,-0.66731715,-0.49148208,-0.6103974,0.40768376,-0.581989,0.49259147,0.27135035,-0.48337492,-0.07674078,0.46502736,-0.6507199,1.5351077,
158,170.0,-0.03124609,0.63631165,0.01525557,-0.17165594,-0.1486435,0.8715513,0.7853561,0.37290505,0.25981694,-0.07346396,0.0111533245,-0.78113604,-0.21005352,0.8034765,-0.4145792,-0.34690458,-0.071981356,-0.11558285,0.24173094,1.4017211,-0.26259857
159,172.0,-0.49741673,-0.59366536,-0.0069324374,-0.9533043,-0.4629628,-0.40940112,-1.6636119,0.1549003,-1.1928105,-0.18096237,-0.6006645,-0.23969363,-0.27433357,-0.8253372,-1.2560576,-0.47138107,-0.076025836,0.6189635,-1.0268545,-0.736017,-0.17692767
160,173.0,-0.439321,-1.2124264,-0.028288005,-0.23221733,-0.42416927,-0.8297987,-0.572933,-0.6244096,-0.7645217,-0.61486936,-0.80839473,-0.75288796,-0.9907685,-0.3542625,-1.0792174,-0.74283576,-0.07532722,-0.312653,-0.80367994,-0.32452416,-0.24891064
161,174.0,-0.3055077,2.5269897,0.18565156,0.38574067,-0.23553644,-0.6432362,1.3889505,-0.49248257,1.729259,0.11394664,0.50975436,-0.7923604,-0.41928166,0.25097072,-0.7343693,-0.05609915,-0.06670231,-0.55107695,1.4330176,-0.5701504,-0.15005633
162,175.0,-0.04445727,0.6515382,,-0.2656003,-0.20041269,1.308597,0.4591026,0.15623125,-0.3599845,0.2713318,-0.766894,0.20313148,-0.2669062,1.7914215,2.2151263,-0.038002755,-0.069830455,0.86985296,-0.48940918,-0.5081,-0.08284282
163,176.0,-0.81049734,0.7120336,-0.32521853,-0.33172604,-0.47371018,0.2411582,1.653732,0.87211114,-0.7243075,-0.076680966,0.10315424,-0.6325454,-0.30024377,0.27925304,-0.9115736,-0.60969293,,0.763105,-0.038506247,0.7085616,-0.16952644
164,177.0,-0.7115058,-0.9914407,0.26480192,-0.84257555,-0.41499245,1.3941478,1.4821994,3.3066049,-1.3562553,-0.17924665,-0.54500127,-0.5665838,-0.13282804,1.257612,-0.3912393,-0.5087957,-0.06978505,0.95653605,-0.98793834,-0.18013132,-0.23485906
165,178.0,-0.07852177,-1.0833889,,0.009254513,-0.12699291,0.28951246,0.11725373,1.0587436,-0.15480502,-0.31019938,-0.22689849,0.098221965,-0.20863134,1.192931,0.92807657,-0.6598446,-0.0648193,1.8898797,-0.14985277,-0.7260275,-0.065326765
166,179.0,-0.091049954,0.37220988,-0.07247864,-0.8155046,-0.16125391,-1.0284809,-0.01252594,-0.5433083,0.016787121,-0.20627274,-0.10954421,-0.51563954,-0.5471061,-1.39694,-0.7688796,-0.5285559,-0.097319715,0.42447126,-0.13677378,-1.1949606,-0.23420745
167,180.0,-0.118381195,1.7592477,-0.40579826,-0.044350505,-0.24689779,-1.3535843,-1.1328154,-1.0906713,0.25781706,-0.008502069,1.2383515,-0.23094937,1.399334,-0.37508202,-1.1226016,-0.50399387,-0.056627806,0.553625,-0.015196331,-1.9154522,-0.27684718
168,181.0,0.17165501,-0.62695646,-0.3839723,-0.14726049,0.10950857,-1.2798103,-0.36051178,-1.5671927,1.3133049,0.37259176,0.35984567,-0.117995396,0.02865492,0.04739828,0.66384864,0.24056818,-0.097188994,-0.71788657,0.80722934,-0.7580381,-0.25918692
169,182.0,-0.46117902,-0.48428962,0.07720385,-0.6206033,-0.5286259,-0.15209708,-0.28927287,0.12762466,-0.8799034,-0.3992449,-0.8664471,-0.35861075,-0.63433933,0.7627389,0.11124917,-0.7451412,-0.0686133,1.5860898,-0.65213764,-0.8633832,-0.11810516
170,183.0,0.06267622,1.8064498,-0.061713304,1.1384223,-0.41895398,-0.018980132,0.60721105,-0.3512195,0.28923187,-0.096197054,-0.3606041,-0.9327853,-0.89000046,-0.0089294845,-0.95677334,-0.1183285,-0.06619887,-0.018248573,0.73054504,-0.3428877,-0.030856697
171,184.0,-0.23176411,-0.39106047,-0.05045988,-0.6132197,-0.3989068,0.58210146,0.47255188,0.646854,-0.1718107,-0.17706923,-0.71195894,-0.8493105,-0.2073008,0.7317295,-0.10943053,-0.6729654,-0.084741965,0.22992593,-0.3957561,-0.121148795,-0.14432131
172,185.0,0.3689066,-0.68898344,-0.033819444,1.2196939,0.24836126,-0.81867933,-0.59392184,-1.022529,1.0683211,0.3709492,0.9442017,0.3046648,0.661891,-0.8908058,0.87082213,0.42183715,-0.06282891,0.08721072,0.8758497,-1.1150352,-0.13364992
173,186.0,0.85382265,-0.64913833,,-0.4584988,0.7431134,-2.0273569,-1.7266746,-0.944081,-0.19774602,0.39902043,0.7797745,0.63954705,0.7611439,-1.807231,-0.63739234,0.5293822,-0.07201356,-0.34559622,-0.63439053,-1.2866077,-0.0696471
174,187.0,-0.020592844,-1.3098018,-0.22892757,0.17325632,-0.12929009,-0.9701136,-1.1470295,0.5981883,-0.5826171,-0.3960644,1.9566082,0.9256892,0.18803206,-1.0308537,0.54004127,-0.37574503,-0.08040698,0.27960557,-0.40417853,-0.88438565,-0.2206102
175,188.0,-0.5535574,-0.4626282,-0.1639175,-0.1752699,-0.2195069,-0.63649315,0.31140715,1.2648716,-0.8220576,-0.53656876,-0.40162814,-1.1238918,1.6111126,-0.52290344,-0.61184204,-0.10383907,-0.07036207,-0.22252826,-0.21497436,0.07503271,-0.26318866
176,189.0,-0.48708788,-0.5194603,0.08547518,-1.2377619,-0.42661068,1.2003294,0.40469435,1.2743176,-1.8609016,-0.7069378,-0.9423797,-0.6102113,-1.2959622,1.3388742,-0.5461762,2.213641,-0.071692236,4.8569307,-1.9995097,-0.5808161,-0.16791272
177,190.0,-0.47124493,-0.5453841,-0.11630617,-1.1512913,-0.48034322,-0.6563577,0.46202576,-0.06426917,-1.1957318,-0.74746704,-0.7395757,-0.7817821,-1.2513078,-1.216594,-1.0377612,-0.6047384,-0.07209428,2.165668,-1.4201887,-0.5525492,-0.1370561
178,191.0,0.5931798,0.3930354,-0.22458054,3.0038655,0.5568656,-0.14139771,-0.6045815,-0.86818016,0.82523316,0.78536546,0.5325191,0.28772143,0.052663933,-1.143532,0.36676306,1.1604022,-0.069554724,0.019992786,1.2806957,-1.2328467,-0.0929305
179,192.0,-0.08232296,2.0388331,0.19667237,1.2930982,-0.21830246,0.44352484,0.40608627,0.74285525,0.4325149,-0.1799238,-0.37616467,-0.48009473,-0.38837385,0.7009802,0.761973,-0.2311552,-0.06552148,1.7357485,0.5279331,0.009726027,-0.08442188
180,193.0,-0.25868842,-0.9972904,0.019662557,0.35670844,-0.23604353,-0.4468701,-1.0462204,0.27771947,-0.39841953,-0.27160373,-0.52145547,-0.1924429,-0.40168118,-0.49208945,-0.44611976,-0.31117344,,0.048823204,-0.46964452,-0.25111806,-0.059073284
181,194.0,-0.21139976,0.2253838,-0.045030776,0.10030779,-0.22708626,-0.034112893,-0.41174167,-0.12695514,-0.42668545,-0.28094456,-0.25794426,0.59100175,0.26866746,-0.04586824,1.0696253,-0.34584776,-0.06828338,1.7285229,-0.5543353,-0.8751168,-0.07827075
182,195.0,-0.18609886,-0.019855905,,-0.7033249,-0.22908342,0.8581754,1.25259,0.61531204,-1.4811544,-0.480472,-0.9072345,-0.19777645,-0.15640107,0.7019503,0.6086088,0.0073217507,-0.07221428,3.247829,-1.8431355,-0.2953794,-0.15963945
183,196.0,-0.3559971,-2.0355566,,-1.7057683,-0.46562818,0.06367517,1.9224837,2.276012,-1.6650277,-0.52875626,-0.74209535,-0.6105031,-1.1869721,2.1509302,-0.737695,-0.7041055,-0.07254852,1.4418355,-1.5475339,0.05488497,-0.14193515
184,197.0,-0.31727538,1.4510014,-0.06743142,2.7525845,-0.27356878,-1.3944002,0.5471936,-1.422364,2.0184493,-0.049300425,0.3662944,-0.60582864,0.4364985,-0.9912977,-1.058888,-0.355417,-0.071047395,-0.33492166,1.6746387,-0.4029929,-0.047957037
185,198.0,-0.42418566,1.9354507,-0.04892447,1.9666612,-0.3802628,-0.45212197,0.39279985,0.061252605,1.0973927,-0.49991855,-0.46414664,-0.5180425,-0.11329972,0.10382438,-0.2239881,-0.8943488,-0.08203964,0.9094066,1.1901094,-0.3875769,-0.13548964
186,199.0,4.6383424,0.9968053,-0.17332079,2.4429548,4.8894176,0.8792212,-0.069027595,-0.94907516,2.938229,4.5604496,0.43773648,2.2227921,1.6903591,-0.15505528,0.07321168,3.519222,-0.07290231,-0.030200364,2.843146,-0.7722795,-0.08127369
187,200.0,-0.17825955,0.008480864,0.09954428,2.1075659,-0.13536888,-0.6191093,-0.8653534,-1.1360644,0.61994934,-0.4931683,0.15045264,-0.18113235,-0.56780463,-1.012468,0.5942031,-0.28012246,-0.072285645,-0.48292437,0.76759124,-0.9782161,-0.023483936
188,201.0,-0.3219664,0.5317681,-0.22082432,1.1950194,-0.25723872,-0.16040939,-0.1861834,-0.43660387,0.29609394,-0.2221508,-0.09619055,-0.1937685,-0.13995934,-0.71305776,-0.6142077,-0.41080043,-0.072857305,0.07576517,0.25292116,-0.7238544,-0.20918475
189,202.0,-0.018387755,2.151543,-0.1975799,3.408067,-0.10045901,0.43318838,-0.2962933,-0.6554816,1.7738501,0.055471376,-0.042078298,0.21816388,-0.34686863,-0.10035757,0.71205485,0.011619571,-0.07306511,-0.40273413,2.1727617,0.07044439,-0.13393547
190,203.0,0.9552072,-0.34566218,-0.3636447,-0.08590199,1.542885,0.032915685,1.7837455,1.0230135,-0.48889872,1.4129648,-0.025689404,0.6651436,0.494826,0.40041894,-0.726939,0.7251153,,-0.01852146,0.061378703,-0.15894455,-0.105212934
191,204.0,-0.2594262,1.1193542,-0.041855317,1.7765273,-0.32149085,0.27357543,0.99970937,-0.45748335,0.9664393,-0.07240203,-0.41553098,-0.8162153,-0.3761676,0.2736207,-0.26765588,-0.21545848,,-0.48215526,0.8403133,0.20968394,-0.172878
192,205.0,-0.329096,-0.4857386,0.01434196,0.03011955,-0.36431953,0.87642837,-0.21004099,1.0859618,-0.23738647,-0.48883632,-0.22466566,-0.9861535,-0.076163955,1.8295835,-0.597341,-0.5449263,-0.44698155,1.0094247,-0.21730071,0.36476034,0.031504773
193,206.0,-0.48540854,-0.19893514,-0.26754734,-0.25899544,-0.47299314,-0.7754063,0.65931016,-0.66372126,1.0641934,-0.33304483,-0.18320456,-0.89859724,-0.8374077,-0.62727165,-0.84838074,-0.26792067,-0.06859173,-1.1511917,0.8012017,2.8567464,-0.11129218
194,207.0,-0.5743091,-0.6438524,0.10355668,-0.5560499,-0.3802946,-0.16112411,2.5545874,1.5526012,-1.6530626,-0.09827817,-0.6736816,-0.84118515,-0.4764713,-0.41866794,-0.778584,-0.32832855,,1.1767627,-1.2917482,0.7514619,
195,208.0,-0.45156002,-1.1870005,,-1.0494971,-0.59944046,2.1373503,2.056438,3.095265,-1.3401469,-0.79029566,-0.9204413,-0.8383141,-1.378189,0.77860916,1.6256076,-0.8339949,-0.06917784,1.5658722,-1.3466882,2.251544,-0.17435184
196,209.0,-0.3156379,1.8932673,-0.21116516,0.52622056,-0.27890533,-0.6171814,-1.1518416,-1.183139,2.1353369,-0.38689303,0.6009449,-0.7765981,-0.10367119,-0.52157205,-1.0066153,-0.51182365,-0.07190502,-1.0393149,1.8235154,-0.22675076,-0.15792985
197,210.0,-0.3632862,-0.050147075,-0.265256,0.4729379,-0.418197,-0.39842346,-0.36454645,-0.84619254,1.1839352,-0.34339207,-0.0996302,-1.2043222,-0.44904348,-0.63019264,-1.0537359,-0.66383713,-0.07066094,-0.6707771,0.9122905,1.4073439,-0.20522626
198,211.0,0.08827486,0.27689454,0.17924389,0.40825438,-0.10072738,-0.5771155,-0.7731031,0.26844618,0.31529403,-0.122568324,0.69651955,-0.087472714,1.0674319,0.44979918,-0.5387888,1.0541697,-0.17571267,1.0325105,-0.010268853,-1.2292674,-0.1865002
199,212.0,-0.20354025,-0.5390322,0.006587047,-0.6650235,-0.32839954,-0.19519092,0.2924767,-0.029144159,-0.9596592,-0.5037842,-0.33397913,0.30068654,-0.34974495,-0.36556825,-0.7782044,-0.29492205,-0.07059887,1.1552163,-1.0896652,-0.02097484,-0.23114216
200,213.0,-0.43706205,-1.0068165,0.009002995,-0.8595316,-0.46114126,0.3611075,0.21829838,0.5123282,-0.62591904,-0.6315874,-0.8057656,-1.229277,-0.90865546,1.257723,-0.6063048,-0.27418146,-0.07276458,-0.18169148,-0.91662484,2.462072,-0.27963856
201,214.0,-0.62271017,-0.22822528,-0.36938182,0.39558887,-0.39679474,1.1780148,0.52664125,1.5463536,-0.20687914,-0.5198553,-0.4321296,-0.9916471,-0.65484977,0.7527827,-0.45829934,-0.42937383,-0.06571318,0.54595053,0.49460533,1.3628868,-0.26158962
202,215.0,-0.15072738,0.48927468,-0.060905322,-0.16952997,-0.2417717,-0.5369514,-0.2804165,-0.23718025,0.6905864,-0.102832966,0.25019863,0.43431318,0.30762777,-0.19916105,2.068731,-0.32512742,,-0.43618396,0.2536294,-0.024730023,-0.14869922
203,217.0,-0.19164383,2.0322752,0.060154885,0.11588611,-0.3318424,0.74632025,0.814122,-0.71137434,1.4846737,0.08911022,-0.22957464,0.63093,0.12100311,0.95524055,5.034079,0.25893444,-0.07011339,-1.0021775,0.73011357,1.8007567,-0.019758008
204,218.0,-0.13967861,0.3294033,0.098798096,1.4839631,0.3107098,3.8216162,2.3118672,1.6316415,0.3324493,0.18383478,1.0445054,0.43331367,0.52369887,0.9515935,1.8742077,0.26830006,,-0.56533235,1.296397,1.4696612,0.0132039115
205,219.0,-0.4622337,1.2792875,-0.31555,0.71196693,-0.40730342,0.07921469,0.46852884,-0.5022512,1.302184,-0.32903206,-0.26632324,-0.08069628,0.24871612,1.0120621,0.23273967,-0.39001465,-0.07067518,-0.8379618,1.3645535,2.1805325,-0.106312215
206,220.0,-0.441479,-0.026952667,-0.07905212,-0.1404711,-0.4133754,-0.9731053,-1.2838763,-0.8444568,-0.3180919,0.23057635,-0.49082986,-0.97653943,-0.64871705,-1.0677559,-1.0158999,-0.08042709,-0.051571276,-0.19411166,-0.49443856,-1.0619304,-0.20326988
207,221.0,-0.11037245,-0.513313,0.06464502,-0.6472394,-0.11529491,0.21526068,0.19345213,0.71926445,0.040343598,-0.4235752,-0.40931457,-0.97850955,-0.8056889,-0.33127958,-0.46240643,-0.3164222,,-0.040971495,0.18713246,0.7188003,-0.05819525
208,222.0,-0.50241727,1.8923603,-0.3766115,0.43472895,-0.4235023,-0.39498606,0.32168064,-0.16795842,0.71927035,-0.3448244,0.19251959,-0.42646787,-0.5253974,0.29098266,-0.6307411,-0.23314291,-0.071263455,0.6963507,0.87081957,-0.6499535,-0.22067492
209,223.0,-0.019187521,0.33916172,0.08021987,1.300984,-0.004562301,1.7750267,-0.8549052,-0.17198473,1.1687484,0.13793086,1.599622,-0.4032886,-0.09319544,0.7654431,0.3537364,-0.42808452,-0.071327135,-0.44862893,1.3877289,0.8985243,0.06315506
210,224.0,-0.42217356,-0.688009,-0.06009553,-1.1667459,-0.4262914,0.010132385,-0.27800506,0.4328139,-0.6556721,-0.5017775,-0.7647787,-0.54289645,4.6160283,0.53535515,0.15225467,-0.78244704,-0.074860446,0.41301376,-0.7194045,-0.23886701,-0.23284729
211,225.0,-0.37234992,-0.5195345,-0.2098432,-0.7066891,-0.33966962,1.2106098,0.8080397,0.81605333,-0.21271738,-0.24903485,-0.49262968,-0.5526805,-0.31695557,1.4833325,0.39079073,-0.86755395,-0.07386312,0.51714474,-0.27725175,2.2168512,-0.17047256
212,226.0,-0.44931483,-1.014234,-0.20486079,-1.595341,-0.3718093,1.6644366,0.020535683,1.2113992,-1.3593215,-0.30094114,-0.7448747,-1.0215641,-0.32310954,2.0868688,-0.36109385,-0.89019144,-0.073726565,1.469563,-1.6491463,1.7672663,-0.21700278
213,227.0,-0.18236782,-0.034578312,-0.31116986,1.7175231,-0.10389782,0.45682672,-1.3347319,-1.2214218,1.6069485,-0.066864446,2.6445065,-0.058548212,0.40089518,-0.27052963,0.046619795,-0.19421923,-0.068491876,-0.8180163,1.2665051,-0.21492627,-0.16830136
214,230.0,-0.29034352,1.9484994,-0.41433,1.3454866,-0.30596206,-0.3730942,-0.72794545,-0.44878665,1.212494,0.039571423,0.79572207,-0.1060744,-0.28942075,-1.0821195,0.51326233,0.2422173,-0.05651638,0.43014377,1.3855808,-1.2322613,0.014776525
215,231.0,-0.4960241,-0.14193772,-0.3487459,-0.5326366,-0.55105764,0.43232617,0.28387266,0.7570546,-0.083640076,-0.43636996,-0.43617454,-0.70660883,-0.47629952,0.7513061,0.5466192,-0.88035476,-0.069482766,-0.23368476,-0.61869997,0.30332324,-0.16303149
216,233.0,0.48495832,-1.4867789,-0.019668173,0.6023161,0.61895406,-1.9354814,-1.3209783,-1.8564578,-0.013186202,0.34687537,-0.14654031,0.065019235,0.041235402,-1.7214054,-0.72791314,0.31788802,-0.0705013,-1.2534024,-0.033312712,-0.66849744,-0.19013922
217,234.0,0.15668532,0.31122,0.14812689,0.9769349,0.16546771,1.5253721,0.31723216,-0.34944487,0.9958289,0.29008678,1.1181476,-0.15376216,0.24146928,1.0200157,-0.15267335,1.0887939,-0.06718188,0.32797715,1.1777711,-0.37460637,0.003792986
