MO_ID,E_ID,X1,Y1,X2,Y2,X3,Y3,X4,Y4,X5,Y5,X6,Y6,X7,Y7,X8,Y8,X9,Y9,X10,Y10,X11,Y11,X12,Y12,X13,Y13,X14,Y14,X15,Y15,X16,Y16,X17,Y17,X18,Y18,X19,Y19,X20,Y20,X21,Y21
MO_507_E_323.jpg,E323,6722.5,5315.5,6712.667,5279.667,6668.667,5278.333,6611.333,5279.667,6954.333,5305.667,6909,5308.333,6934.333,5280.333,7015.333,4947,6996.667,4975,6974,4951,6645,4726,6648,4765,6595,4753,7500,5904,8217,5058,8037,4974,8127,4386,7779,3756,7569,3858,7281,3522,6651,3144
MO_360_E_82.jpg,E82,6778,4462,6785.5,4428.5,6690.5,4438.5,6653.5,4431.5,6992.5,4504.5,6951.167,4500.5,6973.833,4473.833,7051.5,4244.5,7035.5,4267.167,7016.833,4233.833,6847.5,3955.167,6830.167,3976.5,6794.167,3955.167,7533.5,5048.5,8145.5,4436.5,7935.5,4382.5,8205.5,4106.5,8217.5,3146.5,7815.5,3326.5,7737.5,3056.5,7161.5,2120.5
MO_361_E_83.jpg,E83,7167,4751,7155.833,4714.5,7101.167,4681.167,7053.167,4681.167,7419.833,4741.167,7375.833,4750.5,7394.5,4711.833,7559.5,4268.5,7539.5,4294.5,7522.5,4261.5,7092.5,4082.5,7094.5,4125.5,7043.5,4104.5,8113.5,5339.5,8789.5,4303.5,8597.5,4247.5,8728.5,3809.5,8326.5,2713.5,8005.5,2873.5,7681.5,2579.5,6820.5,1813.5
MO_362_E_84.jpg,E84,7078,4227,7057.5,4196.5,7003.5,4207.5,6978.5,4234.5,7329.5,4070.5,7310.5,4087.5,7300.5,4054.5,7188.5,3769.5,7184.5,3792.5,7150.5,3787.5,6742.5,3731.5,6761.5,3760.833,6710.5,3775.833,8069.5,4272.5,8157.5,3300.5,8001.5,3344.5,7997.5,2984.5,7360.5,2322.5,7162.5,2472.5,6844.5,2310.5,5731.5,2036.5
MO_365_E_90.jpg,E90,6993,5804,6984.5,5765.167,6913.833,5777.167,6865.833,5781.167,7261.833,5782.5,7228.5,5793.167,7232.5,5758.5,7233.5,5467.5,7228.5,5484.5,7195.5,5466.5,6874.5,5313.5,6877.5,5343.5,6825.5,5339.5,7906.5,6098.5,8154.5,5330.5,8042.5,5370.5,8114.5,5054.5,7726.5,4212.5,7514.5,4476.5,7346.5,4200.5,6473.5,3508.5
MO_366_E_91.jpg,E91,7285,4396,7266.5,4363.5,7191.5,4410.5,7135.5,4421.5,7520.5,4319.5,7485.5,4343.5,7482.5,4306.5,7409.5,3981.5,7399.5,4027.5,7359.5,4009.5,7015.5,3967.167,7028.833,4004.5,6982.167,4009.833,8219.5,4474.5,8195.5,3602.5,8071.5,3662.5,8107.5,3458.5,7480.5,2690.5,7390.5,3008.5,7325.5,2902.5,6365.5,2374.5
MO_368_E93.jpg,E93,5372,4616,5370.5,4583.5,5437.5,4608.5,5488.5,4609.5,5160.5,4578.5,5188.5,4587.5,5191.5,4559.5,5168.5,4299.5,5183.167,4324.833,5208.5,4300.833,5435.167,4140.833,5436.5,4163.5,5473.833,4159.5,4553.5,4803.5,4329.5,4235.5,4465.5,4235.5,4401.5,3979.5,4650.5,3193.5,4834.5,3457.5,4958.5,3229.5,5594.5,2653.5
MO_369_E94.jpg,E94,6278,5249,6280.5,5225.833,6416.5,5352.5,6464.5,5369.833,6058.5,5211.5,6086.5,5221.5,6088.5,5191.5,6128.5,4869.5,6142.5,4905.5,6172.5,4887.5,6603.5,4684.5,6632.5,4712.5,6594.5,4717.5,5369.5,5395.5,5135.5,4687.5,5339.5,4639.5,5282.5,4335.5,5708.5,3439.5,5973.5,3645.5,6193.5,3409.5,6921.5,2797.5
MO_371_E_96.jpg,E96,6740,4843,6715.5,4762.5,6775.5,4754.5,6847.5,4762.5,6427.5,4842.5,6463.5,4854.5,6475.5,4786.5,6323.5,4442.5,6339.5,4474.5,6383.5,4434.5,6723.5,4234.5,6715.5,4294.5,6783.5,4278.5,5659.5,5238.5,5335.5,4402.5,5523.5,4410.5,5407.5,3950.5,5623.5,3238.5,5891.5,3450.5,6091.5,3118.5,6975.5,2406.5
MO-372_E_97.jpg,E97,6715,5158,6703.833,5120.5,6753.167,5107.167,6822.5,5108.5,6430.5,5230.5,6470.5,5227.5,6445.5,5198.5,6354.5,4872.5,6377.5,4908.5,6392.5,4862.5,6693.5,4581.5,6698.5,4621.5,6730.5,4600.5,5876.5,5690.5,5452.5,5090.5,5564.5,4994.5,5392.5,4678.5,5531.5,3693.5,5832.5,3826.5,5850.5,3700.5,6324.5,2740.5
MO_476_E_219.jpg,E219,5597,4463,5587.833,4408.5,5667.833,4411.167,5745.167,4412.5,5073.5,4493.5,5118.5,4489.5,5107.5,4462.5,5188.5,3959.5,5202.5,3996.5,5230.5,3964.5,5744.833,3635.833,5732.833,3677.833,5783.5,3662.5,4186.5,5047.5,3461.5,3892.5,3746.5,3778.5,3756.5,3025.5,4708.5,1801.5,4748.5,2153.5,5091.5,1910.5,6424.5,1099.5
MO_504_E_324.jpg,E324,7344,5030,7365.5,4991.5,7321.5,4969.5,7271.5,4969.5,7575.167,5060.833,7540.5,5058.167,7560.5,5038.167,7645.833,4738.167,7633.833,4763.5,7612.5,4734.167,7352.5,4405.5,7353.5,4429.5,7304.5,4423.5,8049.5,5505.5,8607.5,4869.5,8454.5,4803.5,8604.5,4428.5,8256.5,3672.5,8016.5,3801.5,7887.5,3561.5,7200.5,2886.5
MO_505_E_326.jpg,E326,6912,4129,6908.5,4100.5,6965.5,4097.5,7005.5,4094.5,6684.5,4118.5,6714.5,4127.5,6704.5,4101.5,6613.5,3776.5,6617.5,3793.5,6651.5,3772.5,6920.833,3555.833,6918.167,3595.833,6960.833,3574.5,6056.5,4387.5,5748.5,3703.5,5904.5,3683.5,5800.5,3363.5,6128.5,2715.5,6344.5,2855.5,6480.5,2587.5,7128.5,2069.5
MO_506_E_322.jpg,E322,7428,5789,7425.5,5756.5,7483.5,5757.5,7542.5,5757.5,7221.5,5814.5,7253.5,5816.5,7243.5,5797.5,7144.167,5476.167,7152.833,5494.833,7168.167,5470.167,7482.5,5300.5,7478.5,5321.833,7510.5,5315.833,6531.5,6225.5,6195.5,5433.5,6318.5,5427.5,6279.5,5088.5,6489.5,4392.5,6753.5,4593.5,6930.5,4328.5,7607.5,3839.5
MO_508_E_327.jpg,E327,6616,5245,6608.833,5214.167,6686.167,5206.167,6730.167,5203.5,6310.167,5359.833,6351.5,5349.167,6323.5,5321.167,6207.5,4939.5,6223.5,4959.5,6238.5,4927.5,6603.5,4642.5,6604.5,4668.5,6652.5,4657.5,5878.5,5986.5,5068.5,5194.5,5230.5,5140.5,5050.5,4660.5,5326.5,3478.5,5626.5,3688.5,5890.5,3322.5,6712.5,2548.5
MO_509_E_329.jpg,E329,6886,4685,6862.5,4641.5,6942.5,4658.5,6980.5,4654.5,6700.5,4699.5,6717.5,4706.5,6723.5,4666.5,6660.5,4465.5,6662.5,4491.5,6690.5,4469.5,6795.5,4169.5,6806.5,4207.5,6836.5,4178.5,6190.5,4917.5,5954.5,4490.5,6067.5,4490.5,5929.5,4286.5,6073.5,3740.5,6244.5,3866.5,6279.5,3737.5,6547.5,2916.5
MO_510_E_330.jpg,E330,7321,3887,7303.833,3868.5,7247.833,3908.5,7206.5,3919.167,7463.5,3826.167,7440.833,3837.5,7444.167,3812.833,7439.5,3558.167,7432.167,3582.833,7414.167,3562.833,7140.5,3518.5,7149.833,3551.833,7107.833,3549.167,7972.5,3971.5,8196.5,3327.5,8076.5,3335.5,8104.5,3027.5,7696.5,2539.5,7576.5,2671.5,7420.5,2523.5,6768.5,2112.5
MO_511_E_331.jpg,E331,7825,4488,7819.833,4450.5,7749.167,4497.167,7678.5,4507.833,8127.833,4475.833,8086.5,4490.5,8081.167,4445.167,8062.5,4094.167,8043.833,4132.833,8018.5,4107.5,7625.5,3911.5,7633.5,3934.5,7578.5,3934.5,8898.5,4872.5,9290.5,3884.5,9074.5,3896.5,9102.5,3468.5,8625.5,2590.5,8337.5,2788.5,8116.5,2586.5,7086.5,2135.5
MO-513_E_333.jpg,E333,6473,4770,6474.167,4737.833,6399.5,4749.833,6359.5,4756.5,6723.833,4720.5,6695.833,4731.167,6702.5,4707.167,6806.5,4353.5,6791.833,4376.167,6770.5,4349.5,6442.5,4219.833,6443.833,4250.5,6405.167,4227.833,7452.5,5108.5,7854.5,4304.5,7698.5,4268.5,7854.5,3884.5,7374.5,2972.5,7242.5,3236.5,7176.5,2960.5,6287.5,2171.5
MO-514_E_335.jpg,E335,6866,5662,6877.5,5625.5,6829.5,5621.5,6775.5,5607.5,7141.5,5707.5,7111.5,5717.5,7125.5,5683.5,7287.5,5300.5,7271.5,5330.5,7249.5,5298.5,6874.5,4993.5,6875.833,5026.833,6831.833,5009.5,7630.5,6331.5,8290.5,5545.5,8158.5,5467.5,8349.5,5021.5,7989.5,4132.5,7779.5,4198.5,7569.5,3922.5,7051.5,3055.5
MO_515_E_338.jpg,E338,5556,4417,5553.167,4386.5,5507.833,4359.833,5459.833,4350.5,5947.167,4480.833,5914.5,4482.167,5932.5,4453.5,5965.833,4031.5,5950.5,4055.5,5933.167,4035.5,5551.5,3651.5,5549.5,3678.5,5510.5,3659.5,6552.5,5089.5,7291.5,4317.5,7067.5,4205.5,7290.5,3681.5,6921.5,2451.5,6585.5,2673.5,6376.5,2317.5,5214.5,1487.5
MO_516_E_340.jpg,E340,6106,5539,6118.5,5516.5,6171.5,5543.5,6214.5,5551.5,5811.5,5495.5,5844.833,5506.167,5834.167,5474.167,5854.5,5004.5,5860.5,5027.833,5886.5,5008.5,6364.167,4783.5,6355.5,4810.833,6390.167,4810.833,4849.5,5837.5,4613.5,4717.5,4861.5,4701.5,4793.5,4305.5,5513.5,3249.5,5797.5,3601.5,6037.5,3359.5,7261.5,2649.5
MO_517_E_160.jpg,588160 (Rupestris parent),6895,5455,6881.167,5424.167,6859.167,5389.5,6837.167,5444.167,7073.5,5368.167,7050.833,5385.5,7041.5,5345.5,7053.5,5035.5,7053.5,5068.833,7020.167,5039.5,6676.833,4951.833,6695.5,4987.833,6648.833,4983.833,7841.5,5512.5,7877.5,4632.5,7733.5,4620.5,7695.5,4365.5,7103.5,3925.5,6943.5,4081.5,6779.5,3977.5,6079.5,3910.5
MO_519_E_339.jpg,E339,6490,4933,6511.5,4898.5,6483.5,4860.5,6431.5,4826.5,6739.5,5114.5,6689.5,5098.5,6727.5,5070.5,6887.5,4778.5,6877.5,4802.5,6851.5,4770.5,6721.5,4342.5,6707.5,4378.5,6675.5,4322.5,6935.5,5909.5,7991.5,5489.5,7865.5,5357.5,8299.5,5021.5,8339.5,3833.5,7983.5,3865.5,7947.5,3390.5,7161.5,2406.5
MO_520_E_341.jpg,E341,6678,5666,6665.833,5625.5,6785.833,5672.167,6824.5,5666.833,6484.5,5660.167,6516.5,5670.833,6504.5,5628.167,6499.167,5449.5,6513.833,5484.167,6549.833,5450.833,6783.167,5312.833,6780.5,5334.167,6821.833,5323.5,5966.5,5879.5,5732.5,5369.5,5813.5,5390.5,5750.5,5057.5,5954.5,4439.5,6131.5,4586.5,6272.5,4287.5,6955.5,3560.5
MO-521_E_342.jpg,E342,7378,5135,7359.5,5095.167,7471.5,5083.167,7534.5,5079.5,7054.5,5187.833,7081.833,5192.5,7069.833,5163.167,6878.5,4788.5,6893.5,4814.5,6918.5,4774.5,7390.5,4544.5,7389.5,4573.5,7435.5,4556.5,6286.5,5759.5,5642.5,4987.5,5822.5,4935.5,5562.5,4499.5,5718.5,3433.5,6022.5,3569.5,6098.5,3093.5,6793.5,1848.5
MO_522_e_160.jpg,588160 (Rupestris parent),6071,4324,6058.5,4294.5,6099.833,4263.833,6146.5,4262.5,5802.5,4372.167,5841.167,4375.5,5823.167,4345.5,5607.833,4009.167,5629.167,4034.5,5642.5,3997.833,6020.833,3741.833,6023.5,3774.5,6060.833,3751.167,4969.5,5069.5,4327.5,4187.5,4450.5,4064.5,4267.5,3572.5,4854.5,2654.5,5106.5,2730.5,5380.5,2492.5,6325.5,2357.5
MO_525_E_345.jpg,E345,5615,3640,5634.5,3624.167,5513.833,3620.833,5469.833,3618.833,5840.167,3760.833,5814.833,3752.167,5837.5,3727.5,5943.5,3449.5,5921.5,3467.5,5907.5,3429.5,5574.5,3235.5,5568.5,3271.5,5534.5,3244.5,6006.5,4014.5,6351.5,3801.5,6267.5,3723.5,6525.5,3438.5,6433.5,2799.5,6274.5,2817.5,6083.5,2529.5,5427.5,2113.5
MO_526_E_346.jpg,E346,7299,6085,7302.5,6052.5,7370.5,6056.5,7422.5,6060.5,6946.5,6042.5,6986.5,6044.5,6976.833,6008.167,7112.5,5733.5,7124.5,5765.5,7158.5,5735.5,7575.5,5471.5,7559.5,5499.5,7612.5,5495.5,6305.5,6634.5,5723.5,5701.5,5933.5,5632.5,5816.5,4990.5,6758.5,4027.5,6980.5,4255.5,7301.5,4040.5,8307.5,3582.5
MO_531_E35.jpg,E352,6661,5953,6666.5,5917.5,6626.5,5895.5,6574.5,5885.5,6872.5,5993.167,6842.5,6000.5,6850.5,5965.167,7003.833,5591.833,6977.167,5623.833,6961.167,5598.5,6641.5,5403.5,6644.167,5432.167,6601.5,5426.167,7476.5,6607.5,8076.5,5645.5,7902.5,5533.5,7871.5,5275.5,7691.5,4471.5,7385.5,4531.5,7211.5,4279.5,6881.5,3769.5
MO_320,E26,2719.833,1729.833,2711.5,1722.833,2729.167,1720.167,2745.167,1717.5,2649.833,1744.167,2658.167,1744.833,2655.5,1738.833,2615.5,1651.833,2618.833,1657.167,2622.5,1649.833,2710.5,1591.833,2709.833,1597.167,2720.833,1595.167,2537.167,1836.167,2448.5,1709.167,2472.833,1686.5,2423.833,1585.167,2457.833,1426.5,2518.5,1443.5,2563.5,1334.167,2757.167,1228.833
MO_321,E27,4602,3322,4585.5,3291.5,4678.5,3285.5,4733.5,3273.5,4437.833,3386.167,4481.833,3376.833,4451.167,3358.167,4230.5,3117.5,4256.5,3136.5,4266.5,3100.5,4549.5,2839,4558,2882,4598,2851.5,4156.5,3906.833,3502.5,3441.5,3592.5,3369.5,3394.5,3123.5,3412.5,2331.5,3622.5,2373.5,3754.5,2097.5,4258.5,1239.5
MO_322_E028,E28,2867,1754,2859.5,1739.5,2881,1741,2901.5,1739,2766,1752.5,2777,1752,2771.5,1742,2759.5,1634.5,2765.5,1644,2771.5,1636,2873,1478,2874,1488,2888,1485.5,2518.5,1976,2288.5,1674,2346.5,1652,2276.5,1452,2464.5,1028,2564.5,1106,2618.5,1002,2974.5,788
MO_327,E33,4687.5,2959.5,4691,2907,4725,2875,4781,2895,4511,2955,4549,2963,4539,2927,4471,2651,4487,2677,4519,2647,4765,2393,4763,2427,4817,2409,3905,3393,3447,2635,3641,2619,3575,2201,3917,1495,4107,1713,4205,1429,4811,639
MO_342,E52,4645,3811,4631.167,3776.167,4561.833,3834.833,4520.5,3838.833,4769.833,3776.167,4745.833,3782.833,4753.833,3745.5,4909.833,3354.833,4895.167,3380.167,4868.5,3348.167,4516.5,3248.833,4519.167,3282.167,4465.833,3268.833,5683.5,3959.5,5906.5,3053.5,5762.5,3053.5,5750.5,2687.5,5336.5,2171.5,5162.5,2309.5,4988.5,2045.5,4639.5,1279.5
MO_343,E56,4548,3623,4518.5,3588.5,4556.5,3579.5,4610.5,3591.5,4346.5,3654.5,4379.5,3652.5,4356.5,3622.5,4257.5,3389.5,4279.5,3419.5,4302.5,3392.5,4518.5,3161.5,4516.5,3196.5,4563.5,3165.5,3925.5,4175.5,3325.5,3699.5,3449.5,3607.5,3193.5,3287.5,3377.5,2323.5,3605.5,2451.5,3693.5,2211.5,4365.5,1379.5
MO_344,E57,4722,3535,4713.833,3485.833,4679.167,3455.167,4627.167,3464.5,4911.5,3536.5,4881.5,3536.5,4889.5,3512.5,5065.5,3212.5,5045.5,3232.5,5019.5,3202.5,4731.5,3044.5,4731.5,3068.5,4669.5,3056.5,5567.5,3844.5,5967.5,3248.5,5791.5,3232.5,5929.5,2966.5,5669.5,2168.5,5457.5,2368.5,5401.5,2185.5,4645.5,1369.5
MO_345,E58,4548,4073,4504.5,4045.5,4541.5,4011.5,4598.5,3989.5,4381.5,4099.5,4422.5,4099.5,4403.5,4074.5,4209.5,3824.5,4225.5,3847.5,4254.5,3819.5,4482.5,3513.5,4478.5,3556.5,4520.5,3535.5,4042.5,4434.5,3517.5,4092.5,3637.5,4002.5,3409.5,3717.5,3610.5,2871.5,3745.5,2952.5,3856.5,2607.5,4246.5,1998.5
MO_399,E127,3006,1640,2992.5,1625.5,3034.5,1624.5,3059.5,1628.5,2863.5,1644.5,2877.5,1646.5,2869.5,1631.5,2853.5,1474.5,2860.5,1487.5,2871.5,1478.5,3036.5,1361.5,3034.5,1377.5,3051.5,1369.5,2575.167,1791.167,2415.5,1457.167,2492.833,1455.833,2413.833,1265.833,2587.167,869.833,2680.5,981.833,2731.167,856.5,3060.833,477.167
MO_400,E128,3190,1577,3187.5,1563.5,3162.167,1568.167,3139.5,1568.167,3292.833,1555.5,3281.5,1560.167,3282.167,1548.833,3311.5,1406.833,3307.5,1414.167,3297.5,1404.833,3160.5,1276.833,3161.167,1284.167,3141.167,1282.833,3606.5,1707.5,3748.833,1376.833,3680.833,1367.5,3747.5,1196.5,3577.5,900.5,3479.5,994.5,3423.5,850.5,3120.5,498.833
MO_401,E129,2593.5,1617,2584.5,1597,2629,1608.5,2654,1609,2444.5,1604,2457.5,1606.5,2454,1595,2406.5,1401,2410.5,1411,2420,1403.5,2600,1288.5,2600,1298,2621,1294,1953,1807.5,1739.5,1334.5,1839.5,1320.5,1769.5,1063.5,1994.5,567.5,2165.5,702.5,2277.5,551.5,2493.5,337.5
MO_402,588160 (Rupestris parent),3737.167,1983.833,3747.167,1974.5,3695.167,1981.833,3676.5,1972.5,3844.5,2016.5,3835.167,2014.5,3839.833,2003.167,3943.167,1861.833,3935.167,1865.833,3933.833,1857.833,3739.167,1766.5,3738.5,1774.5,3724.5,1771.167,4033.833,2203.167,4304.5,1978.5,4254.5,1928.5,4320.5,1764.5,4196.5,1486.5,4104.5,1485.5,4004.5,1381.5,3770.5,1275.5
MO_404,E131,5142.5,3535.5,5142,3493,5212,3493,5278,3491,4924,3569,4962,3573,4946,3541,4830,3167,4850,3197,4886,3159,5342,2929,5330,2965,5386,2967,4252,4130,3802,3062,4006,3092,3826,2792,4366,1844,4612,2024,4918,1784,5482,1154
MO_408,E136,3275,1831,3276.167,1816.5,3290.167,1813.833,3308.833,1816.5,3158.833,1843.833,3166.167,1843.167,3163.5,1832.5,3158.833,1677.167,3162.833,1684.5,3172.167,1673.167,3331.5,1547.833,3329,1557.5,3345,1556.5,2935.5,2054.5,2713.5,1714.5,2761.5,1690.5,2705.5,1477.5,2971.5,1086.5,3043.5,1166.5,3121.5,1102.5,3559.5,916.5
MO_416,E148,5099.5,3820.5,5090.5,3778.5,5174.5,3802.5,5234.5,3793.5,4920.5,3769.167,4948.5,3782.5,4945.833,3750.5,4783.5,3362.5,4793.5,3390.5,4823.5,3372.5,5122.833,3160.833,5125.5,3202.167,5168.833,3180.833,4026.5,4098.5,3606.5,3226.5,3759.5,3177.5,3747.5,2778.5,4200.5,2136.5,4338.5,2370.5,4506.5,1944.5,4971.5,1122.5
MO_454,E192,2929,1915,2924.5,1904.833,2907.833,1904.833,2890.5,1906.167,3049.833,1867.5,3033.833,1875.5,3033.167,1862.833,3004.833,1768.5,3002.167,1777.833,2990.833,1770.5,2878.167,1660.5,2880.167,1671.833,2864.833,1667.167,3298.167,1889.833,3330.167,1717.833,3311.5,1688.5,3355.5,1540.5,3180.833,1276.833,3108.833,1340.833,3032.833,1228.833,2895.5,1036.833
MO_455,E193,3192,2284,3188.5,2268.5,3238.5,2291.5,3260.5,2287.5,3096.5,2265.5,3107.5,2269.5,3107.5,2253.5,3074.5,2103.5,3080.5,2114.5,3090.5,2108.5,3244.5,1966.5,3242.5,1974.5,3257.5,1974.5,2713.5,2434.5,2523.5,2014.5,2587.5,2022.5,2537.5,1850.5,2725.5,1410.5,2889.5,1507.5,2923.5,1409.5,3142.5,995.5
MO_456,E194,3215,1750,3227.5,1729,3200,1734.5,3180.5,1730,3308,1749.5,3297,1752.5,3300,1735.5,3393,1599.5,3388,1607.5,3381,1596,3234.833,1461.167,3235.5,1473.167,3218.167,1464.5,3670.5,2050.5,3964.167,1649.167,3872.167,1625.167,3946.5,1498.5,3887.167,1077.167,3737.833,1119.833,3669.833,939.833,3376.833,525.5
MO_457,E195,2871,1933,2863.833,1917.167,2879.833,1906.5,2911.833,1905.167,2761.167,1938.5,2779.833,1938.5,2771.833,1921.167,2715.833,1773.167,2727.833,1789.167,2737.167,1775.833,2893.167,1661.167,2889.167,1675.833,2907.833,1671.833,2465.167,2155.833,2260.167,1790.167,2309.5,1784.833,2265.5,1614.167,2429.167,1247.833,2527.833,1321.167,2645.167,1186.5,2955.833,969.167
MO_458,E197,3374,1713,3375.5,1696.5,3395.5,1688.5,3414.167,1699.167,3275.5,1700.5,3291.5,1709.833,3286.167,1687.167,3288.833,1532.5,3294.167,1545.833,3302.167,1539.167,3482.167,1480.5,3474.167,1489.833,3492.833,1493.833,2952.833,1777.833,2899.833,1387.167,2970.5,1415.167,2970.5,1247.167,3204.167,956.833,3272.167,1074.167,3362.833,982.167,3679.5,732.5
MO_459,E199,3057.167,1986.167,3073.833,1951.5,3043.167,1976.167,3023.167,1983.5,3189.833,1911.5,3179.833,1914.833,3179.833,1904.167,3226.5,1693.5,3222.167,1701.833,3214.833,1695.5,3011,1623.5,3012,1635.5,2996.5,1629.5,3570.5,2031.5,3733.5,1611.5,3661.5,1593.5,3676.5,1395.5,3386.5,1025.5,3330.5,1173.5,3310.5,1027.5,2988.5,623.5
MO_460,E198,3155.5,2138,3154,2124,3195.5,2140,3217,2147,3057.25,2152,3063.75,2152,3060,2143.25,3055.5,2019.5,3058.5,2028,3065.5,2019.5,3217.5,1969.5,3218.5,1981.5,3232.5,1978.5,2867.5,2294.5,2686.5,2037.5,2738.5,2025.5,2707.5,1865.5,2860.5,1598.5,2923.5,1654.5,2977.5,1521.5,3393.5,1115.5
MO_461,E201,3906,2169,3904.5,2152.5,3875.5,2161.5,3851.5,2156.5,4022,2135.5,4010.5,2142,4007,2124.5,4074.5,1914.5,4071.167,1923.833,4061.833,1914.5,3897.5,1802.5,3898.5,1816.5,3881.167,1809.833,4434.5,2316.167,4691.833,1835.5,4602.833,1815.5,4630.833,1636.833,4454.5,1134.167,4308,1228.5,4225.5,1134.5,3790.5,696.5
MO_464,E204,3588,1455,3585.5,1442.5,3544.5,1465.5,3527.5,1464.5,3683.5,1452.5,3675.5,1455.5,3675.5,1445.5,3718.5,1304.5,3714.5,1313.5,3707.5,1303.5,3557.5,1187.5,3559.5,1196.5,3546.5,1191.5,3959.5,1626.5,4160.5,1313.5,4078.5,1298.5,4167.5,1144.5,4091.5,729.5,3949.5,818.5,3889.5,633.5,3506.5,308.5
MO_466,E207,3064,1285,3063.5,1270.167,3040.833,1265.5,3017.5,1266.833,3160.167,1285.5,3147.5,1290.167,3148.167,1272.167,3180.167,1135.5,3177.5,1144.167,3169.5,1136.167,3011.167,1081.5,3014.5,1090.833,2996.167,1088.833,3516.5,1486.5,3690.5,1064.5,3616.5,1042.5,3640.5,814.5,3348.5,454.5,3260.5,560.5,3111.5,463.5,2821.5,409.5
MO_467,E206,2205,1400,2194.167,1387.5,2147.5,1413.5,2126.167,1414.833,2326.833,1376.167,2308.833,1380.167,2312.833,1364.833,2296.833,1240.833,2291.5,1252.167,2281.5,1240.167,2134.5,1097.833,2134.5,1115.833,2115.167,1110.5,2649.167,1536.167,2839.167,1188.167,2749.833,1182.833,2817.833,967.833,2649.5,499.5,2494.833,662.167,2380.833,534.167,1961.5,103.5
MO_468,E209,2774.5,1931,2770.5,1910.5,2807.5,1918.5,2835.5,1926.5,2630.5,1914.5,2645.5,1918.5,2640.5,1904.5,2613.5,1734.5,2618.5,1742.5,2627.5,1733.5,2851.5,1658.5,2849.5,1671.5,2871.5,1671.5,2278.5,2110.5,2088.5,1716.5,2152.5,1706.5,2112.5,1492.5,2324.5,1036.5,2470.5,1094.5,2654.5,974.5,3278.5,854.5
MO_469,E210,3076.5,1832,3071,1815,3101.5,1815.5,3122.5,1818.5,2954.167,1854.167,2967.167,1855.167,2961.167,1844.167,2935.75,1683,2940.5,1691,2947,1682,3134,1556,3133.5,1563,3144.5,1561.5,2684.5,2092.5,2454.5,1713.5,2532.5,1692.5,2472.5,1539.5,2631.5,1083.5,2775.5,1191.5,2874.5,1047.5,3249.5,783.5
MO_470,E211,3120,1732,3116.167,1717.833,3140.833,1721.833,3161.5,1721.167,3006.833,1731.833,3019.5,1735.167,3011.5,1719.167,3025.5,1591.167,3029.5,1599.833,3040.833,1593.833,3192.5,1491.167,3187.833,1500.5,3202.5,1504.5,2703.5,1845.5,2609.5,1483.5,2675.5,1479.5,2641.5,1341.5,2825.5,915.5,2943.5,1071.5,2995.5,957.5,3361.5,612.5
MO_471,E213,3187,1892,3184.167,1879.167,3207.5,1881.167,3227.5,1883.167,3070.833,1909.167,3079.833,1908.5,3075.167,1896.5,3051.167,1764.5,3056.833,1772.5,3065.5,1760.833,3194.5,1661.167,3195.5,1670.833,3209.833,1664.5,2859.5,2046.5,2643.5,1763.5,2711.5,1761.5,2639.5,1603.5,2715.5,1273.5,2827.833,1337.167,2895.833,1234.5,3164.5,886.833
MO_472,E214,3329,1761,3329.167,1742.833,3263.167,1766.167,3239.833,1765.5,3435.833,1764.833,3425.833,1768.167,3426.5,1751.5,3453.5,1593.167,3447.5,1606.5,3434.833,1592.5,3255.833,1535.833,3256.5,1549.167,3235.833,1544.5,3676.5,1902.5,3855.167,1652.167,3797.833,1636.167,3871.5,1451.5,3760.5,1073.5,3643.5,1160.5,3595.5,980.5,3261.5,628.5
MO_473,E215,3009,2107,3009.167,2093.167,3034.5,2093.833,3052.5,2095.167,2871.833,2067.833,2881.167,2075.167,2884.5,2062.5,2897.167,1866.5,2900.5,1879.167,2910.5,1870.5,3109.167,1793.5,3105.833,1801.167,3118.833,1800.5,2411.167,2152.833,2296.833,1604.167,2404.833,1630.833,2430.167,1354.833,2767.5,1007.5,2896.5,1184.5,2986.5,1076.5,3396.5,889.5
MO_474,E217,2806,1731,2803.5,1712,2818.5,1700,2840,1705.5,2728,1754.5,2739.5,1752,2732.5,1742,2694.5,1625.5,2698.5,1631,2708.5,1626,2835.25,1510.5,2833,1519.5,2844.5,1516.75,2555.5,2004.5,2261.5,1742.5,2327.5,1698.5,2255.5,1586.5,2307.5,1147.167,2483.5,1180.5,2564.5,1074.5,2843.5,834.5
MO-301.jpg,E1,8218,5563,8157.5,5538.5,8211.5,5502.5,8255.5,5496.5,7915.5,5694.5,7951.5,5678.5,7929.5,5658.5,7711.5,5328.5,7745.5,5348.5,7747.5,5320.5,8005.5,4906.5,8019.5,4938.5,8047.5,4918.5,7443.5,6311.5,6771.5,5675.5,6911.5,5579.5,6659.5,5215.5,6799.5,4251.5,7087.5,4387.5,7135.5,4171.5,7295.5,3635.5
MO-303.jpg,E5,7676,5462,7645.5,5403.5,7709.5,5421.5,7755.5,5433.5,7329.5,5331.5,7355.5,5345.5,7355.5,5317.5,7445.5,4995.5,7459.5,5033.5,7489.5,5023.5,7891.5,4825.5,7875.5,4867.5,7913.5,4869.5,6675.5,5511.5,6487.5,4611.5,6627.5,4651.5,6683.5,4131.5,7515.5,3553.5,7559.5,3853.5,7859.5,3669.5,8547.5,3329.5
MO-305.jpg,E8,8134,4226,8063.5,4177.5,8141.5,4179.5,8187.5,4171.5,7823.5,4273.5,7851.5,4265.5,7833.5,4243.5,7733.5,3945.5,7763.5,3967.5,7769.5,3945.5,8089.5,3705.5,8085.5,3739.5,8135.5,3733.5,7363.5,4773.5,6875.5,4153.5,7007.5,4113.5,6831.5,3777.5,6967.5,2993.5,7207.5,3073.5,7331.5,2749.5,7955.5,1893.5
MO-306.jpg,E11,8221,5302,8187.5,5223.5,8265.5,5247.5,8316.5,5262.5,7953.5,5190.5,7995.5,5202.5,7998.5,5166.5,8025.5,4758.5,8037.5,4800.5,8073.5,4788.5,8541.5,4674.5,8526.5,4722.5,8565.5,4728.5,7058.5,5427.5,6878.5,4351.5,7110.5,4379.5,7174.5,3975.5,7934.5,3315.5,8142.5,3619.5,8362.5,3431.5,9614.5,3363.5
MO-307.jpg,E12,8185,4521,8133.167,4474.5,8185.167,4462.5,8235.833,4449.167,7971.833,4479.833,8014.5,4494.5,8003.833,4461.167,7945.167,4197.167,7961.167,4237.167,7991.833,4217.167,8242.5,4075.833,8230.5,4107.833,8274.5,4109.167,7327.5,4752.5,7045.5,4023.5,7219.5,4044.5,7159.5,3588.5,7621.5,2898.5,7795.5,3225.5,7981.5,2943.5,8701.5,2595.5
MO-308.jpg,E13,7685,5775,7658.5,5714.5,7720.5,5724.5,7762.5,5736.5,7420.5,5688.5,7448.5,5700.5,7444.5,5668.5,7384.5,5274.5,7400.5,5302.5,7420.5,5286.5,7852.5,4990.5,7838.5,5034.5,7882.5,5026.5,6574.5,5974.5,6290.5,4990.5,6466.5,4990.5,6430.5,4518.5,6998.5,3744.5,7214.5,4036.5,7522.5,3748.5,8246.5,3078.5
MO-309.jpg,E14,8438,5200,8437.5,5169.5,8473.5,5133.5,8525.5,5153.5,8207.5,5141.5,8239.5,5149.5,8239.5,5123.5,8237.5,4807.5,8253.5,4841.5,8279.5,4821.5,8559.5,4679.5,8547.5,4713.5,8585.5,4713.5,7618.5,5277.5,7417.5,4593.5,7546.5,4593.5,7531.5,4242.5,7906.5,3585.5,8056.5,3819.5,8188.5,3615.5,8761.5,3072.5
MO-310.jpg,E15,8173,6437,8043.5,6232.5,8190.5,6298.5,8286.5,6319.5,7668.5,6226.5,7719.5,6235.5,7701.5,6187.5,7434.5,5428.5,7467.5,5479.5,7506.5,5449.5,8313.5,4942.5,8304.5,5005.5,8352.5,4984.5,6019.5,7104.5,5083.5,5168.5,5571.5,5144.5,5251.5,4296.5,6211.5,2542.5,6779.5,3094.5,6923.5,2534.5,8083.5,1208.5
MO-312.jpg,E17,9047,4051,8996.5,4016.5,9058.5,4014.5,9100.5,4020.5,8844.5,4018.5,8878.5,4028.5,8872.5,4004.5,8828.5,3756.5,8850.5,3784.5,8874.5,3774.5,9102.5,3664.5,9102.5,3694.5,9140.5,3690.5,8434.5,4098.5,8290.5,3702.5,8400.5,3700.5,8306.5,3450.5,8586.5,2902.5,8660.5,3086.5,8734.5,2866.5,9200.5,2262.5
MO-313-E-16b.jpg,E16,6685,6191,6634.5,6141.5,6677.167,6146.833,6727.833,6153.5,6455.833,6169.5,6487.833,6174.833,6481.167,6153.5,6426.5,5885.5,6443.833,5910.833,6461.167,5889.5,6705.167,5603.5,6706.5,5636.833,6741.167,5628.833,5983.5,6494.5,5635.5,5891.5,5770.5,5876.5,5659.5,5591.5,5854.5,4838.5,6007.5,4991.5,6118.5,4748.5,6808.5,3917.5
MO-316.jpg,E20,9112,4611,9047.5,4537.167,9127.5,4562.5,9184.833,4562.5,8754.167,4459.833,8783.5,4477.167,8788.833,4446.5,8764.833,4054.5,8783.5,4082.5,8803.5,4061.167,9203.5,3951.167,9200.833,3989.833,9243.5,3979.167,7842.5,4464.5,7812.5,3594.5,7968.5,3651.5,7908.5,3261.5,8394.5,2727.5,8547.5,2928.5,8685.5,2643.5,9348.5,1980.5
MO-317-E-22.jpg,E22,6755,5194,6696.5,5145.5,6762.5,5133.5,6820.5,5137.5,6312.5,5197.5,6356.5,5195.5,6338.5,5167.5,6316.5,4733.5,6340.5,4765.5,6364.5,4733.5,6828.5,4463.5,6820.5,4503.5,6858.5,4493.5,5531.5,5579.5,5155.5,4719.5,5343.5,4675.5,5227.5,4259.5,5551.5,3197.5,5927.5,3461.5,6083.5,3185.5,7135.5,2313.5
MO-319-E-25.jpg,E25,6686,5179,6650.833,5134.5,6693.5,5122.5,6738.833,5123.833,6454.833,5159.833,6484.167,5159.833,6472.167,5137.167,6432.167,4897.167,6445.5,4922.5,6461.5,4906.5,6741.5,4649.167,6734.833,4690.5,6770.833,4685.167,5912.5,5479.5,5591.5,4816.5,5687.5,4789.5,5624.5,4453.5,6098.5,3763.5,6257.5,3952.5,6434.5,3778.5,7232.5,3679.5
MO-326.jpg,E32,9236,4641,9193.5,4610.5,9218.5,4571.5,9270.5,4571.5,9018.5,4656.5,9044.5,4657.5,9031.5,4632.5,8887.5,4415.5,8909.5,4433.5,8924.5,4400.5,9124.5,4197.5,9136.5,4236.5,9168.5,4211.5,8562.5,5053.5,8232.5,4531.5,8313.5,4498.5,8157.5,4270.5,8367.5,3583.5,8523.5,3718.5,8586.5,3514.5,9051.5,3169.5
MO-328.jpg,E37,8993.5,3567.5,8962.333,3546,8977,3515.333,9021,3507.333,8837,3626,8867.667,3614,8843.667,3591.333,8649,3399.333,8678.333,3420.667,8681,3383.333,8831.667,3167.333,8850.333,3200.667,8873,3174,8545,3938,8165,3618,8257,3562,8133,3430,7989,3030,8141,3038,8125,2838,8097,2336
MO-329.jpg,E38,9422,4426,9397.5,4389.5,9435.5,4373.5,9495.5,4365.5,9199.5,4481.5,9221.5,4471.5,9207.5,4455.5,9115.5,4179.5,9135.5,4195.5,9147.5,4173.5,9469.5,3889.5,9473.5,3921.5,9507.5,3919.5,8625.5,5029.5,8145.5,4285.5,8289.5,4221.5,8121.5,3893.5,8425.5,2925.5,8669.5,3141.5,8941.5,2913.5,9697.5,2475.5
MO-330-E-34.jpg,E34,5622,5208,5581.5,5185.5,5617.5,5157.5,5657.5,5139.5,5367.5,5245.5,5409.5,5245.5,5397.5,5217.5,5277.5,4953.5,5309.5,4975.5,5329.5,4953.5,5567.5,4721.5,5567.5,4759.5,5607.5,4751.5,4933.5,5645.5,4413.5,5033.5,4581.5,4997.5,4457.5,4701.5,4649.5,3847.5,4925.5,4059.5,5057.5,3791.5,5881.5,3449.5
MO-332-E-39.jpg,E39,6605,4965,6490.5,4912.5,6594.5,4896.5,6642.5,4910.5,6258.5,4928.5,6304.5,4932.5,6288.5,4898.5,6228.5,4606.5,6252.5,4646.5,6274.5,4624.5,6566.5,4458.5,6566.5,4510.5,6610.5,4488.5,5738.5,5204.5,5404.5,4468.5,5524.5,4486.5,5426.5,4146.5,5952.5,3490.5,6054.5,3720.5,6243.5,3517.5,7149.5,3277.5
MO-333-E-43.jpg,E43,6815,4986,6732.5,4935.5,6798.5,4877.5,6878.5,4947.5,6558.5,5035.5,6594.5,5019.5,6560.5,4977.5,6412.5,4745.5,6454.5,4763.5,6474.5,4719.5,6644.5,4423.5,6666.5,4477.5,6708.5,4455.5,6187.5,5607.5,5452.5,5031.5,5593.5,5016.5,5374.5,4737.5,5440.5,3864.5,5704.5,4032.5,5647.5,3738.5,6136.5,2535.5
MO-334.jpg,E41,9814,4957,9762.5,4917.5,9810.5,4860.5,9867.5,4833.5,9540.5,5013.5,9576.5,5004.5,9561.5,4977.5,9402.5,4635.5,9435.5,4662.5,9453.5,4641.5,9807.5,4380.5,9816.5,4422.5,9846.5,4410.5,9003.5,5563.5,8331.5,4791.5,8515.5,4675.5,8307.5,4239.5,8619.5,3329.5,8923.5,3465.5,9183.5,3169.5,10059.5,2603.5
MO-335.jpg,E44,9354,3980,9289.5,3959.5,9349.5,3935.5,9361.5,3841.5,9033.5,4063.5,9061.5,4065.5,9043.5,4039.5,8863.5,3719.5,8903.5,3733.5,8905.5,3707.5,9103.5,3351.5,9121.5,3391.5,9145.5,3373.5,8475.5,4571.5,7923.5,3903.5,8051.5,3883.5,7787.5,3455.5,7823.5,2827.5,8127.5,2875.5,8183.5,2675.5,8131.5,2127.5
MO-336.jpg,E45,10136,4883,10083.5,4868.5,10113.5,4838.5,10133.5,4756.5,9845.5,5030.5,9877.5,5012.5,9849.5,4996.5,9541.5,4668.5,9577.5,4684.5,9579.5,4656.5,9845.5,4220.5,9851.5,4268.5,9891.5,4246.5,9339.5,5972.5,8331.5,5270.5,8523.5,5126.5,8229.5,4760.5,8433.5,3596.5,8709.5,3734.5,8853.5,3326.5,9219.5,2450.5
MO-339.jpg,E48,8822,5000,8723.5,4931.5,8807.5,4933.5,8869.5,4931.5,8533.5,5023.5,8567.5,5019.5,8545.5,4989.5,8409.5,4699.5,8443.5,4735.5,8461.5,4705.5,8739.5,4447.5,8747.5,4521.5,8789.5,4497.5,8051.5,5525.5,7535.5,4861.5,7695.5,4833.5,7495.5,4545.5,7679.5,3697.5,7879.5,3821.5,7915.5,3589.5,8479.5,2689.5
MO-340-E-49.jpg,E49,6906,4845,6835.5,4824.5,6911.5,4800.5,6961.5,4788.5,6647.5,4908.5,6681.5,4900.5,6663.5,4872.5,6441.5,4560.5,6465.5,4574.5,6481.5,4542.5,6733.5,4148.5,6755.5,4194.5,6789.5,4174.5,6053.5,5564.5,5377.5,4768.5,5529.5,4692.5,5409.5,4396.5,5357.5,3662.5,5617.5,3662.5,5593.5,3368.5,6293.5,2342.5
MO-341-E-50.jpg,E50,6736,4692,6715.5,4665.5,6747.5,4629.5,6797.5,4627.5,6527.5,4735.5,6563.5,4729.5,6545.5,4699.5,6425.5,4389.5,6453.5,4417.5,6467.5,4387.5,6731.5,4045.5,6725.5,4091.5,6769.5,4083.5,6039.5,5351.5,5547.5,4611.5,5655.5,4539.5,5439.5,4219.5,5771.5,3335.5,6027.5,3447.5,6155.5,3139.5,6651.5,2573.5
MO-347.jpg,E61,9266,4575,9215.5,4512.5,9281.5,4528.5,9335.5,4482.5,8933.5,4438.5,8965.5,4448.5,8963.5,4418.5,8963.5,4008.5,8979.5,4044.5,9005.5,4028.5,9421.5,3932.5,9401.5,3968.5,9445.5,3972.5,8155.5,4642.5,7923.5,3710.5,8063.5,3710.5,8027.5,3338.5,8735.5,2568.5,8859.5,2772.5,9163.5,2480.5,10083.5,2024.5
MO-348.jpg,E62,9374,4834,9309.5,4779.5,9371.5,4783.5,9433.5,4777.5,9027.5,4755.5,9059.5,4763.5,9053.5,4729.5,9025.5,4389.5,9039.5,4421.5,9069.5,4401.5,9461.5,4251.5,9447.5,4303.5,9487.5,4311.5,8367.5,5211.5,7791.5,4303.5,7979.5,4243.5,7959.5,3627.5,8567.5,2637.5,8711.5,2881.5,9003.5,2665.5,9967.5,2189.5
MO-349.jpg,E63,8273,4502,8215.5,4448.5,8299.5,4473.833,8355.5,4489.833,7954.167,4493.833,7984.833,4489.833,7971.5,4460.5,8058.167,4189.833,8064.833,4219.167,8092.833,4201.833,8419.5,4088.5,8408.833,4121.833,8450.167,4124.5,7689.5,4731.5,7395.5,4305.5,7527.5,4257.5,7443.5,3876.5,7854.5,3195.5,7989.5,3342.5,8268.5,3021.5,8970.5,2748.5
MO-350.jpg,E64,8733.5,5023.5,8711.5,4967.5,8721.5,4913.5,8787.5,4933.5,8499.5,5101.5,8531.5,5091.5,8515.5,5067.5,8337.5,4759.5,8367.5,4769.5,8367.5,4737.5,8569.5,4377.5,8589.5,4425.5,8623.5,4405.5,7943.5,5755.5,7287.5,5079.5,7387.5,4975.5,7171.5,4547.5,7427.5,3807.5,7555.5,3855.5,7499.5,3653.5,7555.5,2583.5
MO-389-E-118.jpg,E118,6962,4650,6935.5,4611.5,6981.5,4595.5,7023.5,4579.5,6703.5,4663.5,6743.5,4653.5,6719.5,4629.5,6665.5,4357.5,6697.5,4393.5,6709.5,4371.5,6897.5,4133.5,6901.5,4187.5,6937.5,4165.5,6219.5,5285.5,5598.5,4358.5,5793.5,4346.5,5748.5,3947.5,6033.5,3383.5,6198.5,3539.5,6312.5,3320.5,6783.5,2660.5
MO-394.jpg,E124,8302,6116,8191.5,6043.5,8299.5,6077.5,8355.5,6067.5,7755.5,6049.5,7797.5,6052.5,7782.5,6013.5,7608.5,5458.5,7635.5,5488.5,7659.5,5464.5,8277.5,5272.5,8277.5,5317.5,8313.5,5299.5,6986.5,6637.5,6266.5,5683.5,6488.5,5563.5,6242.5,4963.5,6710.5,3823.5,7040.5,3973.5,7298.5,3625.5,8510.5,2425.5
MO-395.jpg,E125,7659,4135,7628.5,4059.5,7688.5,4107.5,7733.5,4128.5,7427.5,4002.5,7466.5,4017.5,7463.5,3984.5,7517.5,3702.5,7526.5,3738.5,7550.5,3726.5,7925.5,3711.5,7901.5,3744.5,7925.5,3747.5,7064.5,4101.5,6944.5,3555.5,7073.5,3558.5,7124.5,3174.5,7697.5,2808.5,7790.5,3012.5,8105.5,2919.5,8723.5,3036.5
MO-397-E-127a.jpg,E127,6010,4679,5997.5,4630.5,6025.5,4618.5,6063.5,4648.5,5831.5,4632.5,5857.5,4634.5,5849.5,4612.5,5851.5,4382.5,5873.5,4418.5,5887.5,4404.5,6039.5,4210.5,6045.5,4260.5,6067.5,4246.5,5254.5,4722.5,5236.5,4215.5,5308.5,4230.5,5305.5,4002.5,5542.5,3525.5,5599.5,3603.5,5626.5,3525.5,5839.5,2823.5
MO-398.jpg,E126,8646,4776,8603.5,4685.5,8666.5,4697.5,8738.5,4715.5,8435.5,4655.5,8477.5,4673.5,8477.5,4646.5,8468.5,4334.5,8480.5,4385.5,8510.5,4367.5,8813.5,4232.5,8795.5,4289.5,8846.5,4295.5,7844.5,4628.5,7838.5,4010.5,7955.5,4076.5,7961.5,3848.5,8396.5,3356.5,8459.5,3554.5,8570.5,3431.5,9002.5,2930.5
MO-413.jpg,E145,8984,4546,8959.5,4495.5,9007.5,4487.5,9055.5,4493.5,8791.5,4515.5,8811.5,4523.5,8813.5,4495.5,8725.5,4097.5,8743.5,4133.5,8761.5,4117.5,9105.5,3993.5,9091.5,4031.5,9131.5,4029.5,7947.5,4765.5,7704.5,3832.5,7863.5,3805.5,7788.5,3352.5,8424.5,2734.5,8610.5,2863.5,8745.5,2593.5,9702.5,2133.5
MO-415.jpg,E147,7150,6066,7059.5,5912.5,7173.5,6008.5,7227.5,6017.5,6666.5,5852.5,6717.5,5861.5,6708.5,5816.5,6780.5,5399.5,6807.5,5447.5,6834.5,5423.5,7353.5,5183.5,7338.5,5237.5,7383.5,5228.5,5633.5,6189.5,5339.5,5049.5,5597.5,5037.5,5609.5,4455.5,6209.5,3573.5,6527.5,3819.5,6851.5,3465.5,7889.5,3009.5
MO-422.jpg,E155,8601,4408,8542.167,4378.167,8576.833,4350.167,8614.167,4328.833,8400.833,4442.167,8424.833,4439.5,8412.833,4418.167,8324.833,4234.167,8355.5,4254.167,8355.5,4228.833,8454.167,4008.833,8470.167,4048.833,8503.5,4018.167,8034.5,4738.5,7770.5,4321.5,7878.5,4327.5,7752.5,4135.5,7764.5,3547.5,8022.5,3727.5,8007.5,3625.5,8196.5,3019.5
MO-427-E-161.jpg,E161,7166,4011,7126.5,3962.5,7177.5,3953.5,7231.5,3956.5,6944.167,3989.5,6974.833,3994.833,6964.167,3974.833,6932.167,3706.167,6946.833,3731.5,6966.833,3711.5,7203.833,3465.5,7203.833,3517.5,7237.167,3497.5,6626.5,4294.5,6242.5,3806.5,6334.5,3758.5,6250.5,3498.5,6458.5,2938.5,6618.5,2970.5,6750.5,2762.5,7178.5,2348.5
MO-428-E-163.jpg,E163,6321,6157,6278.5,6102.5,6336.5,6106.5,6392.5,6108.5,5950.5,6052.5,5968.5,6064.5,5970.5,6032.5,5854.5,5572.5,5880.5,5606.5,5904.5,5574.5,6310.5,5334.5,6298.5,5394.5,6354.5,5372.5,5082.5,6299.5,4785.5,5504.5,4980.5,5513.5,4770.5,5036.5,5097.5,4238.5,5379.5,4472.5,5454.5,4028.5,6186.5,3134.5
MO-429-E-162.jpg,E162,6081,4736,6024.5,4695.5,6108.5,4704.833,6136.5,4691.5,5873.833,4735.5,5908.5,4734.167,5887.167,4719.5,5843.167,4532.833,5865.833,4558.167,5892.5,4528.833,6024.5,4304.167,6027.167,4345.5,6060.5,4328.167,5545.5,4992.5,5249.5,4614.5,5355.5,4588.5,5217.5,4368.5,5321.5,3812.5,5519.5,3958.5,5529.5,3712.5,6137.5,3246.5
MO-431.jpg,E164,2721,5470,2688.5,5437.5,2730.5,5403.5,2794.5,5391.5,2464.5,5469.5,2506.5,5469.5,2486.5,5435.5,2392.5,5145.5,2422.5,5175.5,2446.5,5145.5,2752.5,4963.5,2744.5,5005.5,2794.5,5001.5,2072.5,5886.5,1595.5,5202.5,1733.5,5148.5,1628.5,4890.5,1841.5,4113.5,2069.5,4278.5,2201.5,4086.5,2942.5,3264.5
MO-433.jpg,E166,2832,4610,2817.5,4571.5,2859.5,4553.5,2905.5,4559.5,2643.5,4615.5,2681.5,4613.5,2665.5,4589.5,2613.5,4335.5,2629.5,4363.5,2649.5,4347.5,2925.5,4083.5,2917.5,4117.5,2945.5,4113.5,2204.5,4903.5,1955.5,4363.5,2069.5,4366.5,2006.5,4072.5,2237.5,3472.5,2438.5,3628.5,2570.5,3400.5,3161.5,2752.5
MO-434.jpg,NO TAG,5875,5010,5824.5,4959.5,5884.5,4949.5,5928.5,4951.5,5726.5,5015.5,5750.5,5017.5,5742.5,4991.5,5592.5,4779.5,5616.5,4799.5,5634.5,4773.5,5838.5,4575.5,5844.5,4617.5,5884.5,4609.5,5278.5,5323.5,5008.5,4852.5,5104.5,4840.5,4987.5,4696.5,4999.5,4108.5,5227.5,4216.5,5314.5,4036.5,5704.5,3292.5
MO-435.jpg,E170,2620,5644,2597.5,5603.5,2627.5,5583.5,2685.5,5585.5,2341.5,5623.5,2379.5,5637.5,2365.5,5601.5,2297.5,5343.5,2325.5,5375.5,2341.5,5351.5,2581.5,5119.5,2585.5,5167.5,2619.5,5147.5,1808.5,5803.5,1589.5,5317.5,1679.5,5305.5,1580.5,5065.5,1787.5,4432.5,1949.5,4582.5,2048.5,4390.5,2381.5,3544.5
MO-436.jpg,E172,7100,4738,7064.167,4694.167,7116.167,4658.167,7169.5,4656.833,6873.5,4759.5,6898.833,4758.167,6886.833,4731.5,6842.833,4506.167,6866.833,4526.167,6881.5,4502.167,7074.833,4324.833,7073.5,4363.5,7105.5,4346.167,6599.5,5013.5,6281.5,4611.5,6380.5,4572.5,6233.5,4386.5,6338.5,3798.5,6491.5,3843.5,6530.5,3678.5,6716.5,3036.5
MO-437.jpg,E173,7726,5046,7697.5,5025.5,7741.5,5009.5,7787.5,5017.5,7459.5,5005.5,7489.5,5013.5,7491.5,4983.5,7465.5,4635.5,7483.5,4677.5,7507.5,4653.5,7855.5,4553.5,7837.5,4593.5,7873.5,4593.5,6639.5,5204.5,6507.5,4276.5,6659.5,4300.5,6671.5,3852.5,7255.5,3220.5,7411.5,3456.5,7715.5,3316.5,8515.5,2956.5
MO-438.jpg,E174,9287,4721,9214.5,4633.5,9286.5,4624.5,9370.5,4624.5,9010.5,4633.5,9049.5,4642.5,9043.5,4603.5,8962.5,4279.5,8998.5,4324.5,9007.5,4291.5,9373.5,4159.5,9370.5,4216.5,9406.5,4204.5,8391.5,4995.5,7955.5,4243.5,8127.5,4227.5,8051.5,3843.5,8415.5,3085.5,8615.5,3269.5,8703.5,2909.5,9795.5,2143.5
MO-440.jpg,E176,9024,4818,8941.5,4751.5,9037.5,4741.5,9089.5,4729.5,8691.5,4813.5,8719.5,4803.5,8701.5,4781.5,8669.5,4511.5,8687.5,4533.5,8701.5,4517.5,8945.5,4119.5,8945.5,4161.5,8991.5,4147.5,8171.5,5309.5,7671.5,4645.5,7807.5,4625.5,7651.5,4305.5,7951.5,3353.5,8207.5,3541.5,8399.5,3325.5,8711.5,2643.5
MO-441.jpg,E177,9357,4461,9298.5,4406.5,9384.5,4402.5,9440.5,4404.5,9150.5,4436.5,9180.5,4440.5,9168.5,4410.5,9108.5,4176.5,9126.5,4212.5,9148.5,4180.5,9350.5,4000.5,9362.5,4044.5,9404.5,4032.5,8782.5,4758.5,8488.5,4232.5,8556.5,4208.5,8454.5,3976.5,8692.5,3334.5,8826.5,3514.5,8856.5,3310.5,9416.5,2590.5
MO-442.jpg,E179,10831,5209,10778.833,5195.167,10801.5,5156.5,10838.833,5129.833,10644.167,5375.167,10662.833,5353.833,10634.833,5345.833,10537.5,5135.167,10553.5,5144.5,10554.833,5116.5,10649.5,4815.167,10670.833,4851.167,10689.5,4824.5,10494.5,5867.5,9846.5,5609.5,9957.5,5531.5,9630.5,5291.5,9504.5,4526.5,9774.5,4607.5,9777.5,4295.5,10191.5,3392.5
MO-443-E-180.jpg,E180,6259,5561,6214.5,5495.833,6291.833,5490.5,6347.833,5494.5,6021.167,5493.167,6050.5,5497.167,6041.167,5461.167,6073.167,5226.5,6081.167,5243.833,6099.833,5226.5,6373.167,5062.5,6353.167,5119.833,6407.833,5094.5,5616.5,5634.5,5481.5,5049.5,5556.5,5079.5,5556.5,4860.5,5808.5,4443.5,5961.5,4584.5,5961.5,4491.5,6507.5,3666.5
MO-444-E-181.jpg,E181,6514,5738,6479.5,5679.5,6529.5,5673.5,6591.5,5679.5,6263.5,5651.5,6291.5,5661.5,6293.5,5631.5,6255.5,5331.5,6275.5,5361.5,6301.5,5345.5,6627.5,5211.5,6619.5,5245.5,6651.5,5245.5,5505.5,5811.5,5381.5,5079.5,5521.5,5087.5,5537.5,4795.5,6013.5,4199.5,6133.5,4395.5,6309.5,4251.5,6853.5,3571.5
MO-445-E-182.jpg,E182,6238,5644,6159.5,5595.5,6219.5,5557.5,6257.5,5549.5,5951.5,5719.5,5987.5,5691.5,5961.5,5685.5,5791.5,5401.5,5827.5,5423.5,5825.5,5393.5,5983.5,5017.5,6003.5,5051.5,6031.5,5019.5,5709.5,6315.5,5077.5,5815.5,5197.5,5691.5,4917.5,5447.5,4945.5,4663.5,5169.5,4699.5,5197.5,4423.5,5261.5,3719.5
MO-446-E-183.jpg,E183,6150,5857,6113.5,5792.5,6175.5,5816.5,6211.5,5816.5,5903.5,5756.5,5937.5,5764.5,5929.5,5736.5,5917.5,5466.5,5937.5,5500.5,5971.5,5476.5,6241.5,5348.5,6237.5,5384.5,6265.5,5378.5,5444.5,5969.5,5330.5,5366.5,5387.5,5330.5,5348.5,5129.5,5657.5,4538.5,5822.5,4727.5,5855.5,4583.5,6587.5,3872.5
MO-447-E-184.jpg,E184,7213,4999,7155.5,4976.5,7210.167,4957.833,7254.167,4949.833,6960.833,5065.167,6986.167,5057.167,6968.833,5033.167,6859.5,4819.833,6888.833,4831.833,6896.833,4811.833,7102.167,4581.833,7115.5,4615.167,7138.167,4599.167,6679.5,5410.5,6268.5,5044.5,6346.5,4990.5,6187.5,4741.5,6208.5,4117.5,6418.5,4231.5,6463.5,4075.5,6742.5,3286.5
MO-448-E-185.jpg,E185,6774,6284,6699.5,6233.5,6765.5,6221.5,6815.5,6205.5,6483.5,6261.5,6531.5,6267.5,6515.5,6225.5,6427.5,5935.5,6449.5,5961.5,6463.5,5943.5,6657.5,5725.5,6669.5,5761.5,6703.5,5753.5,5909.5,6574.5,5649.5,6010.5,5757.5,5982.5,5589.5,5782.5,5653.5,5062.5,5885.5,5114.5,5965.5,4822.5,6429.5,4044.5
MO-449.jpg,E186,8450,5035,8337.5,4948.5,8453.5,4958.5,8511.5,4952.5,8075.5,5066.5,8113.5,5062.5,8095.5,5036.5,7913.5,4618.5,7935.5,4640.5,7959.5,4616.5,8469.5,4300.5,8469.5,4342.5,8511.5,4336.5,7594.5,5793.5,6496.5,5019.5,6730.5,4857.5,6520.5,4227.5,7078.5,2991.5,7486.5,3267.5,7846.5,2955.5,8626.5,2373.5
MO-430-E-169.jpg,E169,6656,5811,6622.5,5747.5,6691.5,5714.5,6742.5,5726.5,6256.5,5780.5,6292.5,5783.5,6277.5,5750.5,6259.5,5306.5,6274.5,5345.5,6307.5,5315.5,6727.5,5054.5,6730.5,5105.5,6766.5,5090.5,5414.5,6193.5,4998.5,5257.5,5210.5,5257.5,5026.5,4753.5,5602.5,3681.5,5854.5,4033.5,6122.5,3717.5,6922.5,2717.5
MO-451.jpg,E188,10144,4495,10074.5,4464.5,10119.5,4422.5,10170.5,4404.5,9908.5,4580.5,9939.167,4563.167,9913.833,4545.833,9764.5,4351.167,9804.5,4365.833,9803.167,4336.5,9949.833,4022.5,9964.5,4058.5,9997.833,4037.167,9633.5,5194.5,8949.5,4862.5,9073.5,4722.5,8757.5,4482.5,8617.5,3498.5,8973.5,3566.5,9017.5,3286.5,9453.5,2354.5
MO-476-E-219.jpg,E219,6243,5222,6197.167,5188.167,6261.167,5160.167,6326.5,5154.833,5879.833,5304.167,5907.833,5302.833,5890.5,5272.167,5814.5,4905.5,5843.833,4928.167,5854.5,4896.167,6181.167,4520.167,6181.167,4554.833,6222.5,4538.833,5542.5,5908.5,4810.5,5336.5,4930.5,5180.5,4706.5,4716.5,4942.5,3602.5,5394.5,3774.5,5518.5,3506.5,6358.5,2702.5
MO-477-E-220.jpg,E220,5946,5465,5932.833,5427.167,5986.167,5421.833,6038.167,5404.5,5744.833,5417.833,5764.833,5435.167,5774.167,5403.167,5750.167,5087.167,5762.167,5115.167,5788.833,5103.167,6119.5,5060.5,6103.5,5095.167,6150.167,5096.5,5220.5,5580.5,4972.5,4828.5,5120.5,4852.5,5144.5,4552.5,5464.5,4052.5,5700.5,4204.5,5884.5,4060.5,6828.5,3518.5
MO-480-E-223.jpg,E223,6645,5063,6587.167,5013.5,6649.833,5016.167,6697.833,5034.833,6344.5,5069.5,6377.833,5070.833,6359.167,5045.5,6287.167,4700.167,6308.5,4721.5,6321.833,4698.833,6671.167,4416.833,6671.167,4458.167,6707.167,4447.5,5931.5,5496.5,5343.5,4828.5,5463.5,4764.5,5339.5,4372.5,5779.5,3590.5,5971.5,3698.5,6023.5,3554.5,6639.5,2858.5
MO-481-E-160.jpg,588160 (Rupestris parent),5628,6192,5633.5,6147.5,5623.5,6077.5,5671.5,6125.5,5301.5,6205.5,5331.5,6207.5,5321.5,6177.5,5195.5,5777.5,5215.5,5799.5,5229.5,5779.5,5631.5,5551.5,5627.5,5603.5,5671.5,5591.5,4475.5,6723.5,4015.5,5847.5,4107.5,5771.5,4019.5,5331.5,4503.5,4463.5,4759.5,4563.5,5087.5,4327.5,5955.5,4095.5
MO-483-E-226.jpg,E226,6227,5676,6172.5,5628.833,6233.833,5620.833,6295.167,5612.833,5975.167,5674.167,6013.833,5674.167,5995.167,5643.5,5856.5,5308.833,5881.833,5343.5,5897.833,5308.833,6228.5,4982.833,6232.5,5030.833,6269.833,5016.167,5408.5,6281.5,4776.5,5461.5,4960.5,5385.5,4800.5,4937.5,5104.5,3985.5,5400.5,4161.5,5552.5,3889.5,5844.5,3193.5
MO-486-E-231.jpg,E231,6616,4800,6583.5,4773.5,6619.5,4763.5,6667.5,4761.5,6413.5,4843.5,6449.5,4841.5,6429.5,4817.5,6209.5,4553.5,6237.5,4571.5,6249.5,4539.5,6539.5,4233.5,6549.5,4281.5,6581.5,4257.5,6035.5,5329.5,5483.5,4893.5,5535.5,4777.5,5359.5,4401.5,5527.5,3685.5,5735.5,3677.5,5895.5,3437.5,6379.5,2941.5
MO-489-E-301.jpg,E301,6476,5194,6441.5,5149.5,6485.5,5133.5,6535.5,5123.5,6105.5,5151.5,6145.5,5151.5,6131.5,5131.5,6075.5,4713.5,6101.5,4737.5,6115.5,4719.5,6457.5,4321.5,6455.5,4355.5,6491.5,4345.5,5385.5,5723.5,4803.5,4823.5,5013.5,4727.5,4845.5,4289.5,5145.5,3203.5,5535.5,3401.5,5727.5,3089.5,6483.5,2237.5
MO-490-E-302.jpg,E302,7124,6550,7093.5,6483.5,7145.5,6481.5,7207.5,6485.5,6765.5,6437.5,6801.5,6443.5,6789.5,6415.5,6747.5,5943.5,6763.5,5975.5,6789.5,5953.5,7307.5,5855.5,7287.5,5899.5,7335.5,5903.5,6011.5,6907.5,5429.5,5859.5,5598.5,5801.5,5514.5,5333.5,6204.5,4235.5,6462.5,4427.5,6792.5,4103.5,7620.5,3581.5
MO-493-E-306.jpg,E306,6215,5723,6186.5,5671.167,6230.5,5663.167,6286.5,5675.167,5881.167,5633.833,5922.5,5637.833,5905.167,5613.833,5926.5,5207.167,5941.167,5237.833,5965.167,5213.833,6406.5,5075.167,6385.167,5109.833,6429.167,5115.167,5273.5,6041.5,4829.5,5221.5,5041.5,5129.5,4929.5,4609.5,5645.5,3789.5,5889.5,4053.5,6165.5,3793.5,6913.5,3387.5
MO-494-E-307.jpg,E307,7130,6846,7085.5,6791.5,7155.5,6781.5,7213.5,6791.5,6687.5,6791.5,6727.5,6797.5,6717.5,6765.5,6687.5,6199.5,6709.5,6237.5,6731.5,6205.5,7247.5,5929.5,7241.5,5975.5,7281.5,5973.5,5600.5,7240.5,5204.5,6084.5,5468.5,6044.5,5296.5,5416.5,6012.5,4238.5,6440.5,4610.5,6833.5,4309.5,7913.5,3805.5
MO-495-E-308.jpg,E308,6778,5517,6711.5,5442.5,6803.5,5476.5,6863.5,5436.5,6381.5,5416.5,6411.5,5440.5,6407.5,5406.5,6471.5,4960.5,6487.5,5004.5,6507.5,4976.5,7049.5,4842.5,7023.5,4880.5,7065.5,4884.5,5512.5,5623.5,5356.5,4603.5,5518.5,4585.5,5656.5,4159.5,6478.5,3499.5,6718.5,3709.5,7054.5,3655.5,8164.5,3829.5
MO-498-E-312.jpg,E312,6534,5756,6497.5,5739.5,6525.5,5683.5,6559.5,5687.5,6273.5,5831.5,6313.5,5825.5,6297.5,5801.5,6099.5,5499.5,6133.5,5517.5,6127.5,5487.5,6413.5,5217.5,6427.5,5253.5,6459.5,5229.5,5803.5,6363.5,5267.5,5743.5,5343.5,5647.5,5231.5,5359.5,5295.5,4491.5,5567.5,4551.5,5691.5,4311.5,6175.5,3603.5
MO-500-E-314.jpg,E314,7156,4931,7149.5,4878.5,7181.5,4838.5,7229.5,4880.5,6849.5,4932.5,6887.5,4942.5,6867.5,4904.5,6759.5,4446.5,6773.5,4472.5,6795.5,4442.5,7239.5,4216.5,7239.5,4272.5,7281.5,4256.5,6046.5,5662.5,5332.5,4408.5,5518.5,4324.5,5422.5,3796.5,6172.5,2776.5,6376.5,2962.5,6496.5,2794.5,7366.5,1996.5
MO-501-E-316.jpg,E316,6380,5676,6391.5,5633.5,6433.5,5601.5,6467.5,5609.5,6077.5,5699.5,6111.5,5703.5,6101.5,5685.5,6245.5,5497.5,6255.5,5523.5,6281.5,5491.5,6477.5,5341.5,6463.5,5383.5,6507.5,5389.5,5855.5,5857.5,5695.5,5587.5,5793.5,5543.5,5743.5,5293.5,5919.5,4857.5,6115.5,4963.5,6251.5,4779.5,6827.5,4421.5
MO_563_E_400.jpg,E400,6946,3811,6933.5,3757.5,6973.5,3738.833,7014.833,3753.5,6738.833,3728.167,6762.833,3741.5,6762.833,3718.833,6800.167,3500.167,6810.833,3530.833,6837.5,3509.5,7058.833,3388.167,7045.5,3425.5,7094.833,3424.167,6162.5,3883.5,6009.5,3268.5,6141.5,3292.5,6117.5,3007.5,6549.5,2392.5,6684.5,2623.5,6744.5,2482.5,7593.5,1990.5
MO_571_E410.jpg,E410,7104.5,4561.167,7085.167,4545.833,7097.833,4521.167,7144.5,4521.167,6909,4591,6934,4588,6921.5,4575,6788.5,4356.5,6804.5,4369.5,6808.833,4349.167,7031.167,4159.5,7037.833,4185.5,7057.5,4167.833,6530.833,5002.5,6202.167,4512.167,6296.5,4466.5,6147.833,4338.5,6071.5,3805.5,6303.5,3817.5,6301.833,3603.167,6688.5,2810.5
MO_573_E413.jpg,E413,6578.5,6071.833,6547.833,6055.167,6611.167,6034.5,6663.167,6028.5,6264.5,6212,6302,6203,6279,6176,6051,5784.5,6076.5,5805,6085,5772,6454.5,5342,6459,5373.5,6495,5353,5779.5,6989.5,4839.5,6283.833,5039.5,6109.833,4710.5,5649.833,4993.5,4379.833,5294.833,4521.5,5536.5,4173.5,6271.5,3261.5
MO_576_CHECKVINELABEL.jpg,St. George G19-471,5854.167,5134.833,5850.5,5095.5,5873.5,5054.5,5913.5,5129.5,5728.5,5124.167,5752.167,5127.167,5742.833,5108.167,5685.75,4919.75,5705.5,4943.75,5715,4916,5891,4730,5887,4780,5917.5,4757,5365.833,5355.5,4987,4949.5,5080.5,4932,4989.833,4698.833,5250,4092.5,5419,4227.5,5465.5,4039.833,6321.5,3711.5
MO_587_E190b.jpg,E190,7478.5,4657.5,7471.5,4625.5,7502.5,4595.5,7550.5,4609.5,7290.5,4724,7318,4717,7301,4694,7227.25,4424.5,7240,4445,7251.25,4423.5,7612,4233.5,7603,4264.5,7634,4257.5,6739.5,5169.833,6292.167,4480.833,6437.5,4402.167,6298.5,4085.5,6685.5,3332.5,7047.5,3461.5,7330,3214,8291.5,2994.5
MO_588_E192b.jpg,E192,6859.5,4431.5,6854.5,4398.5,6918.5,4408.5,6979.5,4417.5,6540.5,4360.5,6574.5,4369.167,6567.5,4336.5,6576.25,3951.25,6595.5,3993,6616.75,3959,7046.167,3801.5,7038.833,3845.167,7083.5,3832.5,5472.833,4700.167,5132.167,3356.5,5373.833,3382.5,5405.5,2844.5,6271.5,2127.5,6409,2443,6780.5,2200.5,7545.5,1874.5
MO_590_E164.jpg,E164,6465.833,4944.833,6458.5,4916.167,6474.5,4884.833,6522.5,4887.5,6301,4971,6326.5,4970,6316.5,4952,6141.5,4636.833,6156.167,4654.833,6176.833,4628.167,6457.5,4404.5,6456.5,4434.5,6495.167,4419.167,5766.833,5364.5,5262.5,4715.833,5419.833,4649.167,5287.5,4348.5,5710.5,3667.5,5881.5,3823.5,5927.5,3667.5,6205.833,3110.5
MO-374-E98,E98,870.5,757.25,880.75,756.75,890.25,761.5,887.75,767.5,918,768,922.333,767.5,920,764.833,923.25,714,932,715.25,928.75,719.75,878.5,678.167,887.167,674.167,887.167,680.833,993.5,804.5,1031.5,755.5,1020.5,739.5,1041.5,686.5,1017.5,592.5,982.5,595.5,961.5,561.5,876.5,498.5
MO-380-E105-1,E105,848,722.5,858.5,722,877,718,871.5,727.5,903.5,723.5,911.5,720.5,906,715,900,676.5,910,674.5,908,684.5,848,638.5,857.5,635.5,858.5,642.5,1006.5,757.5,1051.5,653.5,1027.5,647.5,1037.5,591.5,1025.5,503.5,974.5,521.5,945.5,471.5,854.167,436.5
MO-382-E108-1,E108,716,728.875,726.875,729,745.667,720.667,745,725.833,773.25,733.25,781.75,732.75,775.375,727,792.75,669.5,796.75,677,799.75,672,717.375,646.75,724.375,642.625,724.458,648.042,844.833,808.167,938.167,700.833,922.167,684.167,932.833,611.5,920.833,521.5,873.5,523.5,842,454.25,735.5,359.5
MO-324-E030,E30,2509,1867,2527.5,1868.5,2560.5,1852.5,2560.5,1871.5,2703.5,1815.5,2725.5,1810.5,2709.5,1797.5,2730.5,1631.5,2742.5,1650.5,2748.5,1634.5,2536.5,1518.5,2550.5,1532.5,2554.5,1504.5,3158.5,1962.5,3317.5,1578.5,3221.5,1572.5,3329.5,1311.5,3113.5,894.5,2972.5,1023.5,2900.5,921.5,2476.5,447.5
MO-357-E075,E75,3447,1691,3472.5,1692.5,3491.5,1708.5,3480.5,1722.5,3584.5,1757.5,3604.5,1755.5,3592.5,1742.5,3630.5,1581.5,3639.5,1597.5,3648.5,1584.5,3465.5,1498.5,3485.5,1483.5,3487.5,1502.5,3878.5,2014.5,4174.5,1620.5,4054.5,1608.5,4194.5,1436.5,4066.5,980.5,3934.5,1048.5,3858.5,928.5,3482.5,476.5
MO-453-E190a,E190,3831,1726.5,3845.5,1717.5,3814,1733.5,3818,1743.5,3743,1773,3732,1774.5,3736,1763.5,3671.5,1637.5,3664.833,1629.833,3675.5,1625.167,3814,1526,3814.25,1538.75,3829.25,1532.5,3603.5,1966.5,3324.5,1771.5,3366.5,1726.5,3276.5,1579.5,3330.5,1180.5,3459.5,1207.5,3522.5,1069.5,3927.5,760.5
MO-465-E205,E205,2598,1552,2625,1554,2676.75,1532.5,2670.25,1544,2787.5,1563.5,2802.5,1563.5,2793.5,1552.5,2811.5,1385.5,2826.5,1384.5,2820.5,1395.5,2612.5,1338.5,2626.5,1329.5,2626.5,1344.5,3133.5,1776.5,3373.5,1359.5,3289.5,1343.5,3313.5,1175.5,3121.5,755.5,3005.5,847.5,2989.5,739.5,2521.5,343.5
MO-346-E060,E60,3022,2145,3043.167,2146.167,3061.833,2156.833,3057.833,2174.167,3200.5,2195.5,3213.333,2193.167,3205,2181.5,3238.25,1969,3253.5,1971.25,3244.5,1982,3040.5,1825.5,3057.5,1819.5,3056.5,1836.5,3545.5,2445.5,3827.5,2028.5,3725.5,2001.5,3803.5,1800.5,3599.5,1359.5,3473.5,1443.5,3392.5,1293.5,3179.5,963.5
MO_323_E029.jpg,E29,2748.5,1638.5,2718,1615,2753.5,1622.5,2778.5,1613.5,2617.5,1635.5,2634.5,1635.5,2624.5,1624.5,2574.5,1447.5,2584.5,1460.5,2590.5,1454.5,2765.5,1402.5,2764.5,1421.5,2778.5,1418.5,2295.5,1830.5,2079.5,1368.5,2217.5,1380.5,2133.5,1166.5,2371.5,989.5,2435.5,1063.5,2591.5,1189.5,2969.5,389.5
MO_351_E065.jpg,E65,2778,1815,2768.167,1799.5,2787.5,1789.5,2795.5,1784.167,2693.5,1848.833,2703.5,1844.167,2695.5,1838.167,2635.5,1730.167,2642.167,1734.167,2646.167,1726.833,2762.833,1650.167,2764.833,1662.833,2774.167,1658.833,2559.833,2075.167,2325.167,1845.833,2385.167,1796.5,2274.5,1667.167,2437.167,1334.167,2507.833,1402.167,2566.5,1313.5,2717.167,1022.167
MO_353_E069.jpg,E69,3214,1848,3197.5,1830.5,3220.5,1827.5,3240.5,1830.5,3029.5,1851.5,3043.5,1850.5,3036.5,1837.5,3008.5,1649.5,3020.5,1661.5,3029.5,1649.5,3221.5,1549.5,3223.5,1570.5,3237.5,1567.5,2746.5,2033.5,2562.5,1731.5,2652.5,1699.5,2536.5,1543.5,2530.5,1193.5,2694.5,1229.5,2718.5,1017.5,3022.5,539.5
MO_363_E087.jpg,E87,2560,1482,2544.5,1463.5,2565.5,1464.5,2583.5,1462.5,2396.5,1466.5,2411.5,1469.5,2408.5,1459.5,2387.5,1274.5,2395.5,1284.5,2400.5,1278.5,2580.5,1167.5,2578.5,1181.5,2590.5,1182.5,2019.5,1652.5,1813.5,1206.5,1921.5,1186.5,1855.5,986.5,2087.5,541.5,2247.5,653.5,2361.5,509.5,2759.5,393.5
MO_367_E092.jpg,E92,2963,1751,2941.167,1733.5,2969.833,1731.5,2987.167,1736.167,2816.5,1739.5,2827.833,1740.167,2825.167,1730.167,2855.167,1634.167,2864.5,1647.5,2871.167,1638.833,2960.5,1447.5,2960.5,1462.833,2972.5,1460.833,2481.167,1901.5,2359.833,1501.5,2438.5,1532.167,2394.5,1333.5,2594.5,960.5,2693.167,1085.833,2719.833,1025.833,2779.833,626.5
MO_370_E095.jpg,E95,3259,1900,3247.833,1878.833,3261.167,1870.167,3275.833,1890.167,3108.5,1932.167,3121.833,1932.167,3113.167,1921.5,3081.833,1750.167,3088.5,1759.5,3097.833,1749.5,3232.5,1586.167,3234.5,1608.167,3245.167,1600.167,2768.5,2202.5,2514.5,1800.5,2608.5,1780.5,2520.5,1614.5,2652.5,1085.5,2792.5,1177.5,2856.5,1037.5,3286.5,585.5
MO_406_E133.jpg,E133,2891,1950,2855.833,1923.5,2892.5,1932.167,2908.5,1924.833,2698.5,1916.167,2709.167,1921.5,2709.833,1911.5,2753.167,1798.167,2757.833,1804.833,2763.167,1801.5,2874.5,1664.833,2874.5,1678.167,2883.833,1677.5,2421.833,1955.833,2341.833,1703.833,2392.5,1689.167,2384.5,1558.5,2388.5,1137.833,2499.167,1243.167,2609.833,1173.833,2908.5,810.167
MO_407_E134.jpg,E134,3774,2104,3755.167,2090.5,3773.833,2079.833,3795.167,2069.167,3609.5,2115.5,3623.5,2119.5,3618.5,2101.5,3564.5,1932.5,3574.5,1941.5,3582.5,1933.5,3747.5,1774.5,3746.5,1792.5,3766.5,1788.5,3182.5,2389.5,2914.5,1951.5,3020.5,1921.5,2928.5,1703.5,3146.5,1228.5,3244.5,1332.5,3348.5,1182.5,3780.5,808.5
MO_411_E141.jpg,E141,3296,1496,3274.5,1464.5,3311.5,1471.5,3333.5,1467.5,3146.5,1471.5,3171.5,1473.5,3161.5,1460.5,3070.5,1242.5,3079.5,1254.5,3085.5,1246.5,3346.5,1165.5,3342.5,1186.5,3363.5,1187.5,2857.5,1784.5,2545.5,1242.5,2591.5,1216.5,2507.5,1056.5,2713.5,562.5,2887.5,658.5,3039.5,492.5,3475.5,149.5
MO_412_E144.jpg,E144,2410,1809,2377.5,1764.5,2412.5,1781.5,2433.5,1792.5,2207.5,1728.5,2225.5,1733.5,2221.5,1716.5,2158.5,1479.5,2168.5,1490.5,2174.5,1482.5,2410.5,1392.5,2412.5,1412.5,2431.5,1408.5,1743.5,1910.5,1503.5,1386.5,1635.5,1402.5,1555.5,1188.5,1735.5,733.5,1919.5,861.5,1991.5,693.5,2313.5,178.5
MO_527_E347.jpg,E347,3363,1560,3349.167,1541.167,3360.5,1541.833,3374.5,1540.5,3279.833,1555.167,3290.5,1551.167,3284.5,1546.5,3230.5,1435.167,3237.167,1443.833,3242.5,1436.5,3353.833,1303.167,3353.167,1314.5,3362.5,1312.5,3117.5,1753.5,2954.5,1531.5,3008.5,1496.5,2927.5,1376.5,3027.5,1057.5,3119.5,1100.5,3159.5,1019.5,3384.5,846.5
MO_533_E355.jpg,E355,2997,1495,2986.5,1478.5,3009.5,1480.5,3029.5,1480.5,2876.5,1496.5,2891.5,1496.5,2883.5,1484.5,2856.5,1318.5,2866.5,1335.5,2874.5,1326.5,3039.5,1206.5,3036.5,1227.5,3053.5,1224.5,2514.5,1784.5,2280.5,1332.5,2366.5,1300.5,2290.5,1064.5,2648.5,670.5,2734.5,718.5,2786.5,622.5,3202.5,442.5
MO_534_E357.jpg,E357,2764,2182,2743.5,2152.5,2773.5,2157.5,2793.5,2162.5,2615.5,2143.5,2625.5,2148.5,2625.5,2139.5,2631.5,1952.5,2637.5,1967.5,2646.5,1959.5,2842.5,1885.5,2839.5,1898.5,2853.5,1898.5,2230.5,2227.5,2150.5,1787.5,2254.5,1837.5,2208.5,1627.5,2474.5,1255.5,2554.5,1415.5,2622.5,1315.5,2986.5,929.5
MO_538_E362.jpg,E362,3156,1642.5,3132.5,1637.5,3156.5,1626,3169.5,1619,3051.5,1688,3059.5,1687,3055,1682,3001.5,1568.5,3007,1572,3008.5,1566,3137,1456,3138.5,1466,3147,1463,2946.5,1823.5,2811.5,1700.5,2835.5,1683.5,2749.5,1552.5,2796.5,1287.5,2892.5,1321.5,2930.5,1244.5,3009.5,1003.5
MO_539_E352.jpg,E366,2761,1738,2730.5,1712.833,2769.833,1721.5,2789.833,1721.5,2601.833,1738.833,2612.5,1739.5,2607.833,1730.833,2575.833,1558.167,2583.833,1569.5,2589.833,1562.833,2775.833,1489.5,2774.5,1502.833,2787.167,1497.5,2372.167,1899.833,2186.833,1573.167,2241.5,1582.5,2182.833,1433.167,2332.167,1077.833,2424.167,1191.167,2473.5,1027.167,2810.833,654.167
MO_543_E373.jpg,E373,3237,1861,3231.833,1840.5,3249.833,1843.167,3267.833,1844.5,3101.167,1827.167,3117.833,1831.167,3113.833,1820.5,3113.167,1649.833,3117.833,1661.833,3129.167,1657.167,3281.167,1473.5,3277.833,1484.167,3291.833,1482.833,2676.5,1982.5,2502.5,1460.5,2590.5,1456.5,2586.5,1256.5,2732.5,851.5,2890.5,917.5,2994.5,825.5,3454.5,551.5
MO_544_E374.jpg,E374,3021,2040,2999.5,2015.5,3028.5,2008.5,3052.5,2005.5,2877.5,2037.5,2894.5,2036.5,2885.5,2025.5,2824.5,1832.5,2833.5,1844.5,2840.5,1836.5,3048.5,1743.5,3044.5,1758.5,3059.5,1757.5,2574.5,2268.5,2330.5,1862.5,2434.5,1846.5,2356.5,1680.5,2508.5,1240.5,2628.5,1342.5,2724.5,1180.5,3196.5,868.5
MO_385_E112-1.tif,E112,890.833,768.167,877.833,760.833,890.5,759.5,902.833,756.833,824.625,776.375,829.833,776.167,827.25,771.625,810.167,702.833,813.833,705.5,816.5,699.5,884.667,654.167,885.167,660.833,892.333,658.5,738.5,879.5,612,744.5,634.75,723.5,602.167,641.667,673.5,460,718.25,487.5,753.25,444.5,873.5,281
MO_386_E113-1.tif,E113,784.833,746.167,783,732.5,797.167,736.833,807.5,737.167,744.833,731.167,750.833,735.167,751.5,726.167,747.5,657.833,750.167,664.5,756.833,658.167,816.5,624.833,815.833,633.5,824.167,630.833,703,781.5,593,620,624,623.5,614.5,555.5,707,446,727.5,496.5,738.167,454.833,830.167,321.5
MO_546_E376.jpg,E376,1310.5,1065.5,1307.5,1055.5,1297.5,1048,1281.5,1052.5,1359,1050,1350.5,1053,1347.5,1043,1362.5,974.5,1361.5,982.5,1350,976,1282,920,1286,931.5,1269,930.5,1468.5,1067.5,1512.5,934.167,1480.5,940.833,1496.5,883.5,1443.167,735.5,1391.167,779.5,1379.167,730.167,1240.5,546.833
MO_547_E377.jpg,E377,567.75,475.75,569.75,469.5,559,468,550.75,468,582.167,477.5,576.167,477,578.833,472.833,606.5,436.5,603.75,439.75,600.75,436.75,566,426.5,565.75,432,558.75,427.25,642.833,507.833,680.833,435.167,669.5,432.5,672.167,406.5,655.5,345.833,631.5,358.5,614.833,334.5,552.833,284.5
MO_548_E379.jpg,E379,620.833,559.167,618.5,552.833,630.5,552.167,636.833,551.5,585.167,556.833,591.833,558.5,590.833,552.167,579.833,507.5,583.833,513.5,586.167,507.167,629.167,476.833,628.5,481.833,638.167,481.5,498.5,588,463.833,493.833,480.5,489.833,480.167,459.167,512.833,353.833,555.5,383.167,560.833,355.167,656.5,270.5
MO_550_E381.jpg,E381,687.75,532,687.5,526.25,679.25,525.5,671.75,525.75,721.167,531.167,715.5,531.833,718.167,525.833,724.833,481.833,721.167,487.5,716.5,481.833,674.5,462.5,676.25,469.5,667.25,468.25,792.5,564,828.5,468.5,811,469.5,808.5,427,752.5,355,738,367.5,720.5,341.5,669.5,275.5
MO_551_E382.jpg,E382,682.5,583.167,684.5,575.167,675.167,573.833,667.5,572.833,716.833,584.833,709.833,585.5,711.5,579.5,722.5,552.25,718.75,555.75,717.25,549.25,688.167,516.167,688.833,521.833,679.833,515.5,793.5,628,838,558,821,553.5,843.5,520.5,826,417,795.5,445,794.5,413.5,734.5,278.5
MO_552_E384.jpg,E384,641.25,554.75,647,544.75,635,552.75,626,552,670.833,544.167,674.167,541.167,668.5,538.833,675.167,501.833,672.833,507.167,671.167,502.167,631.5,485.833,630.5,492.5,623.5,497,736,558,758,484.5,741.5,482.5,745,469.5,724,393,705,406.5,696,375,610.5,271.5
MO_553_E385.jpg,E385,717.5,547.167,714.833,540.167,705.5,539.833,697.833,540.5,752.167,541.833,745.5,542.833,746.833,536.5,748.25,494.5,746.75,500,740.25,491.75,693.833,471.833,696.833,477.833,688.833,476.167,826.5,571.5,858.167,474.167,848.167,468.167,851.5,426.833,804.167,327.833,777.5,348.5,756.833,323.833,652.5,236.5
MO_556_E388.jpg,E388,659,468.75,656.5,464,665,460.5,672,460.5,628.75,481,634,480,630.5,475,604.5,432.75,608.75,436.75,610.75,432,648.75,392.5,650,396.75,655.75,391.75,599.167,546.833,499.167,498.167,510.5,474.833,477.167,428.167,498.5,317.5,532.5,320.833,552.5,288.833,611.833,188.833
MO_559_E394.jpg,E394,588.5,530.25,592,526.5,579.75,522,572.5,520,614.75,544,609.75,542,613.75,537.75,643.25,500.5,639.5,503.75,638.25,496.5,592.25,465.75,590.5,471.75,585,468,653.167,605.167,730.5,548.5,719.167,537.167,752.5,481.167,725.167,387.167,702.5,389.833,681.833,343.833,608.5,272.5
MO_560_E396.jpg,E396,722.167,649.167,722.167,645.167,734.833,650.5,743.5,648.833,686.167,642.167,691.5,644.5,692.5,639.833,694.833,601.167,695.167,604.5,699.833,601.833,731.833,587.5,732.833,592.833,738.833,588.833,596.5,658.5,589.5,570,598.5,568,597,537,639.5,493,650.5,494.5,653.5,464,775.5,404.5
