IVNO,Spec_int,B11,Na23,Mg26,Al27,P31,S34,K39,Ca44,Fe54,Mn55,Co59,Ni60,Cu63,Zn66,As75,Rb85,Sr88,Mo98,Cd111
318684,1,75.64983657,239.7833239,3694.495174,26.95452144,1696.651865,2342.846773,10844.52577,25804.6252,71.21548595,1053.678753,0.346976236,0.854512223,17.50268268,173.6514603,0.015993948,3.405492434,40.07165343,0.20772941,0.038480977
588141,1,80.70329222,186.7003481,5272.952628,27.3324282,2874.830875,2619.560521,4439.195121,21781.91107,111.5319619,971.6320254,0.303919851,0.653269311,33.5400696,166.0424572,0.02676773,0.797610291,39.55567539,0.385601538,0.044397662
588646,1,64.61369576,82.76253516,4810.860542,31.53933783,6719.389066,2959.531369,10286.4535,26848.07659,118.2913034,718.6726964,0.216676777,0.459873749,39.77377471,142.7384568,0.022344724,1.138829996,30.52602007,0.603184169,0.036699661
588378,1,65.26825389,126.8557122,4155.981678,31.63305951,4043.25568,2038.46725,4956.167866,19014.47633,89.82183747,802.9530977,0.198971415,0.371279211,15.53249679,144.9234057,0.026359414,0.877614963,18.75039035,0.26719354,0.03509807
588459,1,107.3649627,164.4960265,2852.011467,44.53251484,2539.038881,3144.883915,4865.58982,19274.51258,168.1616734,768.2166485,0.322162257,0.725153266,21.6976049,138.7328697,0.037928329,2.02748329,21.48710805,0.492433805,0.036242633
1583,1,113.8135981,48.57206086,5035.465197,25.01372656,4776.477431,3056.84801,6022.363944,24951.09164,83.95081289,607.3084798,0.207026872,0.665832174,35.0226847,137.2981202,0.036398149,0.735145265,28.35488711,0.118780607,0.033210791
588448,1,58.47740924,122.1428801,2254.008971,37.23195633,6361.264196,2923.715753,8995.065385,23178.50794,70.41821117,1115.542623,0.302473341,0.660496353,21.03421454,153.4677365,0.021976507,2.036263735,23.734212,0.378029979,0.05137611
588144,1,69.75582859,166.7516995,2342.175726,37.60917506,3617.592202,2016.194481,4882.653917,16004.0471,60.57157403,595.239433,0.205945086,0.563172163,18.80450363,142.3755039,0.012614996,1.218878854,14.84347192,0.462274674,0.072478541
588324,1,112.2842629,189.7156887,4008.168655,30.1717681,2789.463448,2324.167708,4404.005474,23071.04325,80.14369242,779.6184498,0.25657706,0.706312378,20.99738342,171.1636607,0.031311864,0.533750014,46.5962985,0.500607627,0.023919353
588325,1,65.0740953,204.6070134,2962.538236,23.64711748,2318.304638,2062.48021,3986.759036,17895.54207,65.7780573,724.7361987,0.257752858,0.416676196,17.52674786,142.6024945,0.017888478,0.826502501,20.7348751,0.376805086,0.026187132
588393,1,81.90405736,278.3997271,3703.608486,26.71945493,5428.809101,2631.361316,3205.865165,27325.67276,91.77817423,973.5154385,0.338885723,0.54985486,15.74353976,148.4556244,0.040752253,0.734997536,44.01642935,0.453321989,0.023847002
588442,1,79.31064493,230.55942,1739.008029,28.70688078,1915.985368,2484.488268,8042.940591,11825.89851,102.7717609,962.1934558,0.338827571,0.587983313,17.02237946,291.1151507,0.024987197,1.302318628,13.82311784,0.340156024,0.030919244
588677,2,64.02064242,44.89849569,3043.901257,15.23276069,3515.527535,2903.641624,8071.918411,19273.91855,62.50498491,528.669539,0.239621078,1.120807525,62.32454936,109.5394071,0.038748089,1.097424192,23.62295227,0.056486354,0.038546167
237621,2,80.44638019,31.201293,3121.841379,20.11000058,2662.924027,2225.867101,6053.206025,28651.29741,111.971166,492.6488987,0.168732461,0.390076079,40.41318268,97.12304919,0.007810534,0.504890556,35.49939221,0.545936867,0.034908693
483143,2,59.49179607,34.70580398,3283.231988,18.63534685,2766.994066,2498.695853,6594.563098,17216.64472,85.27652068,315.3817173,0.125502845,0.692733697,30.83020659,103.2119239,0.034358897,0.420533919,20.18510995,0.062090278,0.054225473
588626,2,51.55977272,76.71739422,1795.145636,19.49373746,3203.149145,1744.079786,7153.660308,20475.73703,78.43859789,647.8266605,0.181806996,0.568708444,30.29929824,190.9364057,0.022213848,0.525977359,26.31841061,0.202390485,0.035368982
483138,2,94.2188104,53.38123641,3902.784545,33.73896495,2463.273506,2618.966175,4508.868946,21856.05529,70.88044047,787.5595715,0.311799343,1.039535468,25.42934511,173.7063831,0.026745356,0.500147906,26.06057362,0.029747638,0.091300629
483130,2,113.8699036,86.23414736,3090.97866,49.37489529,2380.372794,2525.14519,11211.79661,20805.40886,93.59493088,541.5184058,0.232765424,0.627295737,26.1078564,141.7223372,0.022480533,0.815017947,24.79206462,0.04322234,0.047660965
588198,3,64.93164447,81.16406709,5402.273223,40.62325473,4261.100322,3075.443898,8081.800841,21288.69511,177.6491027,856.7634175,0.395123903,2.682667937,62.50530234,206.4936256,0.034315013,1.324902753,33.28951754,1.072665531,0.034942965
588205,3,53.14794089,62.96749515,3442.843014,33.59292562,7322.881515,2355.078487,8502.345479,20617.23306,113.9144979,522.7551377,0.221843339,0.623536706,43.97880491,185.9390401,0.023906175,1.25748735,24.90398155,0.53526829,0.03093787
588199,3,69.48720868,114.2444713,4339.039762,38.78706989,5061.422073,4125.599369,14213.18051,17195.18846,123.6865485,1175.005939,0.596889565,4.214248021,78.02639218,249.4743341,0.046976634,6.015738432,18.9018476,0.408859046,0.031140947
588200,3,76.47254834,103.3590218,3240.639584,25.69077063,4678.64274,2863.087894,10342.67478,17330.12322,210.5127271,620.4131491,0.300090352,2.502472337,117.0709295,155.7319416,0.031719926,1.755494066,23.39905099,1.405726258,0.057250315
588221,3,65.57281946,105.2596466,2920.564377,35.0926344,6104.610233,7500.502902,5403.454051,36002.1118,151.9740186,1181.118923,0.412100346,1.896920458,122.6875116,226.9833597,0.023258901,0.538483773,40.65088679,2.543400513,0.077600296
588197,3,78.23722202,95.49577836,4453.354586,33.43614964,7018.206082,4517.711536,8078.268023,25351.06014,246.27523,1104.615421,0.456220175,4.071499687,50.00359038,197.319855,0.020003843,0.684226293,24.15032348,2.938766804,0.102765328
588217,3,95.69223789,91.46497447,5812.346741,19.81685712,4632.767723,2512.059514,5103.277318,38741.87286,81.98257423,746.6520295,0.238911546,0.597833409,45.71704009,107.3280919,0.010602026,0.723918303,47.19559155,1.080999877,0.026142906
588356,3,57.57212319,66.19581313,2707.53637,16.60762986,4084.975181,3784.663777,10107.54243,20172.49905,117.6928101,916.9445392,0.391802388,2.548925224,73.9326296,172.2996568,0.018658853,0.956330658,23.10204185,0.446922263,0.028786083
588218,3,81.74252652,113.689839,2373.542434,30.18177462,3662.183662,2710.667082,11873.42054,23140.8798,125.2456991,775.4233749,0.324711141,3.318443429,74.61320348,280.7266571,0.032137953,1.429151442,26.36483892,1.752062843,0.050311597
588134,3,61.37990294,41.20088624,3572.628408,21.26484424,4668.783463,4172.683994,12906.02825,35399.55846,101.1581539,925.0078477,0.306688603,2.929074122,135.8632668,209.126792,0.016254056,0.568425361,42.87705552,1.688241694,0.057936762
588208,3,59.16220035,60.01430017,2754.493828,29.93701128,6839.390811,3840.148655,26704.49486,15373.21932,154.879042,1113.354966,0.514796262,5.463460354,256.1090194,262.2326669,0.022033891,4.056388307,16.29889971,1.728965491,0.035052998
588219,3,74.4029547,79.19666545,3659.995429,20.14920572,8464.17375,3298.812951,16386.05564,18429.44182,186.954705,801.9212674,0.317292505,3.788679687,82.87451768,159.7652549,0.022715284,1.300269797,20.80815275,3.098983593,0.036836902
588398,3,59.42183221,70.88677918,3943.365673,15.76145443,4483.111906,3385.545326,6894.54107,20699.88009,154.5200838,635.8779848,0.196269913,1.846504643,112.7905887,249.6072822,0.011778004,0.647718264,24.09175625,0.706016613,0.030635351
588186,3,62.05870768,94.72611694,2726.24578,26.89217535,6279.293622,5913.03027,6264.882759,35761.29399,118.5227746,847.5954629,0.298318042,1.758420998,130.2385019,145.0118975,0.020649159,0.514576958,49.92399948,3.294499649,0.047231441
588154,3,80.25588025,79.28811613,4256.815535,33.63957314,5710.442934,3982.798958,12674.66093,29424.54992,157.725113,1351.024555,0.449281428,2.173927084,86.91881092,218.5045801,0.02719005,1.194356061,36.57038755,1.332312093,0.034052896
171,3,63.97194023,27.59788883,2219.586229,10.20444206,3244.174969,2633.026522,6909.244142,27318.81582,133.9680586,460.8979037,0.116385757,0.27075124,46.83899357,79.03922142,0.004960105,0.373601448,34.17007176,0.101590423,0.037864036
588678,3,66.42429473,95.52562574,3088.809426,42.66295468,7928.970476,4625.948849,10161.47495,22718.98648,125.8467814,1035.945461,0.441810703,3.766263016,149.2919473,222.3339291,0.032656377,1.083374039,27.28614276,2.549889457,0.0590905
597232,3,85.65139212,88.41642374,2972.899634,40.6053111,2575.956426,3785.919016,7981.37618,18173.81767,190.6549448,1408.389291,0.571368148,3.963675564,96.85386783,216.1918082,0.039174065,1.108043973,17.69516744,1.238621125,0.042562043
588575,3,35.00375941,89.68091982,4608.519317,23.33029584,7535.497163,3188.906658,8668.955073,22630.78126,129.181767,726.9923858,0.347488,2.032431786,58.18438332,223.2642594,0.013078746,0.761686471,28.7013698,3.272367738,0.02159277
588685,3,52.63864327,83.44445404,3483.321222,23.41941271,3223.243313,3811.791543,12040.28081,23034.67481,118.7439555,860.9824756,0.354750177,2.499215496,72.75336977,150.2134777,0.018552897,1.461066125,27.49979886,1.668063591,0.078676377
588466,3,58.40775342,62.73929481,2514.421029,14.60049361,4967.938401,2551.550011,5910.137332,15770.711,77.3690884,607.3781738,0.260656002,0.784752291,214.717112,115.939234,0.013763239,1.153349315,18.8098349,0.933170584,0.094237713
588460,3,40.02734065,100.2579168,3153.376353,26.26525282,3967.560195,3372.120788,9119.083266,18673.30411,88.89492518,1000.2956,0.390634486,2.192231707,85.23556812,170.9649561,0.024672802,2.176713012,21.34582433,0.759904286,0.031116139
588328,3,51.63588768,76.16520712,4367.300327,17.89451274,7069.079161,3218.123785,10959.06417,21792.11544,192.4249796,958.1956665,0.27233038,5.057050466,74.97487559,226.8004212,0.010179227,0.815720731,25.54220949,1.338017413,0.065928088
588372,3,118.6402319,103.7956806,2382.411806,35.29901602,10797.64204,4014.525131,24119.69292,27610.55873,263.4827206,1145.343458,0.270620325,2.188320381,119.4537735,131.1324979,0.020525696,1.088417037,32.41175376,2.2794061,0.044836067
588329,3,60.31312889,89.85657708,3012.59458,38.23906322,2981.82789,2985.22804,8344.529541,24327.66742,192.4380837,1163.922003,0.309371935,3.675830196,62.77379775,152.145055,0.026459258,0.641793838,28.51375915,0.712228923,0.034582825
588143,3,53.02535906,101.1498117,2353.236671,35.48524686,7575.276256,4053.022131,15440.70677,25648.41283,132.2096068,801.9363896,0.320908237,2.490216665,88.26127066,118.6937366,0.021796174,1.193244639,25.28445782,2.038574751,0.049377049
588352,3,55.97194322,69.23556668,2252.297317,25.16249696,8163.159285,2822.278792,13244.52029,30380.3321,149.4757789,631.2344573,0.311152564,3.980282494,119.51031,145.0884732,0.019822064,0.833248111,37.81469955,0.807519011,0.057989745
588222,3,72.74140073,87.90671947,4820.133323,19.17849777,4304.452511,3336.490569,10806.45562,31023.12371,152.65851,1201.733782,0.429823119,2.906397657,83.05706766,170.2796617,0.020005487,0.734689047,43.23219327,0.869062504,0.086044979
588220,3,52.60823416,138.9612227,4411.382238,22.72630803,7451.76246,3474.321828,8662.945115,24529.51781,180.1827439,1032.598369,0.41883443,1.893291792,57.66673604,180.5157856,0.024127312,0.958862401,45.54963724,1.424463146,0.033515851
588165,4,58.08682484,54.41156081,6412.256251,11.31146509,4029.253871,2516.877119,7591.205671,24387.89027,60.74213403,509.0127404,0.189102717,0.850164397,31.12038688,182.6867769,0.019026187,0.710020825,29.82355601,0.026557585,0.07116424
588182,4,117.3038989,82.49323108,4353.439317,32.01069164,2782.18061,3989.548327,8573.585897,14899.29053,110.9424358,1174.179396,0.442651944,1.687043301,48.62582204,264.9252192,0.046003874,0.660622604,16.91458084,0.071793762,0.038426756
588128,4,63.17871914,129.5096779,5948.951994,16.9408336,4538.148886,5965.337248,6628.520707,29697.50053,80.56024576,1221.264722,0.355072235,0.960504432,45.3462414,229.2704585,0.02923101,0.819074166,67.18218083,1.924816663,0.066847038
588173,4,85.90203419,66.31267023,5505.321059,22.76597011,2772.871523,2699.650999,7747.605443,21126.02999,84.90451357,680.2993971,0.301289142,1.074067552,42.21198498,184.3702084,0.040537998,0.920706866,24.37637715,0.045830222,0.065621821
483148,4,74.72752812,69.54429745,5446.013977,23.5760365,2208.157204,2473.551169,6955.71264,23030.0932,116.249481,665.1709629,0.206351775,1.077979212,40.23542028,172.7402028,0.027441218,0.295195036,26.46791913,0.040268027,0.072398697
483160,4,69.69445802,100.5734828,6082.453683,87.18064571,3951.171696,3672.17352,7726.289617,27787.35364,159.7076489,826.7715879,0.408817073,1.534448739,59.70103143,202.5151659,0.068761476,0.802684882,36.29577063,0.069891665,0.049194235
483161,4,71.99065632,130.2356755,4880.99819,25.3165175,3901.278134,4644.991795,9616.428922,30215.35581,100.4506145,1315.981103,0.394640211,1.339917163,54.676028,194.8747663,0.034470597,1.510208231,39.70396395,0.037780183,0.034560254
483164,4,95.55350673,94.05295116,5223.362741,21.48914841,4327.807832,3037.916787,9043.172713,20316.08401,110.1921712,789.9932932,0.484930848,1.569121132,72.91032016,180.8358365,0.083399777,0.979913253,23.92236534,0.047324606,0.063066533
588583,4,86.97580842,47.24550359,4504.181768,17.24933823,3280.89368,2239.618193,9148.363165,18795.54619,70.96519409,594.8469618,0.200890812,0.965451323,29.14930612,111.2323112,0.041097874,0.657021628,26.21438031,0.048893092,0.060792455
588585,4,96.06095922,63.86987634,4806.665929,24.46243893,3025.203348,2976.554422,10126.59063,24319.43818,118.9811357,832.7609493,0.306837894,1.477067706,52.8413675,149.0264535,0.048069652,0.800384889,30.93780503,0.04666667,0.054076787
594349,4,57.09457367,128.3558138,2942.13407,29.59147225,6012.114452,3435.170378,6129.960561,20470.65216,65.390455,779.8163141,0.340971504,0.84706799,60.30040673,168.0885254,0.021980059,1.373901654,26.65778096,0.218506217,0.041636785
588584,4,104.5016402,108.1296014,4151.019343,44.63255822,5292.277802,3146.817009,7552.343092,26503.58526,136.7162214,1079.865503,0.369084488,1.684440516,34.77219813,189.8410759,0.067866367,0.433817134,30.74692419,0.0829161,0.037624798
588648,4,61.4029978,122.305359,4655.953039,40.16593566,2734.747091,2718.627434,9424.857858,20068.71277,85.75664895,1099.878909,0.366974884,1.083597558,33.2845563,147.7066,0.038125587,0.487106264,21.48527602,0.058891456,0.043556066
1587,4,57.07169333,125.1991974,2879.245002,26.69055386,8017.463555,3684.362859,9296.342627,15021.48603,63.73818175,1192.41413,0.319916619,0.718096921,43.38859643,146.4210192,0.024691696,1.179877636,20.1011899,0.101019058,0.034012661
483162,4,50.28964929,172.6699386,4165.130247,54.44432614,2057.795725,3258.83181,4950.730146,23293.27196,93.60446211,1585.919786,0.45864097,1.389831826,24.71260879,236.0240311,0.042476553,0.470128762,27.91263728,0.052350344,0.05810288
588658,4,64.26571303,164.3356862,5088.222983,22.79305924,4234.443196,2584.899417,11630.18066,20417.95862,104.615415,850.0558073,0.277766697,0.697813833,32.4572825,199.9768818,0.020131173,0.622969962,22.20480299,0.05026531,0.076552943
588647,4,75.63771993,113.7207035,4089.808078,55.46925579,2737.502857,3490.284281,8786.008625,24097.78153,123.8290665,1307.924467,0.431909238,1.763739546,80.03254734,271.2175503,0.081572051,0.674001529,29.1607321,0.065385856,0.062147623
483159,4,64.67202093,55.76609604,6527.753004,15.56189827,3246.938841,2523.072239,11235.27514,19641.0925,68.69955781,398.3530213,0.173786504,1.785976407,59.6835484,163.3947712,0.026433899,0.690786012,24.52283457,0.029853634,0.035313761
483151,4,55.66079107,78.93507131,3573.749135,62.08807764,3117.743944,2252.056193,9549.75884,20028.53518,135.7881971,788.8181985,0.301243505,1.056859036,35.90714637,183.0176658,0.059386469,0.941763801,23.16023424,0.055518208,0.075326512
588675,4,69.79660342,188.9552157,3293.946332,43.50774651,6718.585116,3337.42037,9081.36459,19041.07249,87.16013495,1434.029234,0.382758576,0.879218396,56.7392777,179.0519322,0.041892109,0.805879941,28.09151069,0.616876902,0.031062979
597172,4,72.05363714,136.0943595,5084.459037,31.50690571,4949.418185,3310.261988,7157.025253,21650.86513,65.11487945,1255.154879,0.379042839,0.84347128,54.73485168,260.9916984,0.020003073,0.652535452,20.34942716,0.098836822,0.054627295
597203,4,61.8764811,148.9455718,6719.89826,39.63654807,3838.119442,2899.919274,6564.123072,23816.62625,88.1527849,793.4937003,0.263828951,0.612403532,36.21209409,270.4727933,0.027084985,0.708840822,26.40515296,0.087340733,0.070780152
597228,4,63.47062916,101.3858613,4704.220514,17.22771423,6919.575231,3724.729709,8817.666307,24934.64069,51.45589202,1031.418497,0.274755484,0.621709661,40.61288919,148.3777476,0.01552383,0.378742669,36.93121048,0.786004369,0.036531136
588307,4,53.08465661,125.6728464,4271.008013,27.96409776,2228.971904,3365.004067,7864.328659,18777.20457,76.37364139,599.6510241,0.218220638,1.122034809,43.0835641,155.702007,0.015256926,0.87544244,25.00109458,0.047588443,0.061870868
588138,4,50.06963717,71.03190587,4030.250448,29.38584157,2005.342222,3027.901309,5958.858362,20643.5098,126.6284508,813.8278437,0.408636071,3.241222259,49.76266069,149.3305602,0.08307219,0.486840937,24.93296391,0.056200459,0.057816504
588169,4,70.50952099,71.97316296,5435.768533,16.28759315,3615.783752,2456.624887,6570.438882,25631.79356,45.72787687,660.661223,0.282506287,0.471521031,27.25224705,135.6038006,0.027283703,0.977704727,33.14322693,0.305973405,0.024640884
588277,4,60.79823562,158.04091,4488.192774,31.40457242,3062.118598,4534.496858,8024.559961,25943.81539,89.4514653,1540.571377,0.400280024,0.921362191,42.45514053,225.4812592,0.027775248,0.79080959,33.03784288,0.061475121,0.068297214
483155,4,66.74112449,75.82483731,4637.724622,37.44514187,3218.610807,2775.268563,11229.34659,23013.23992,98.16533237,705.2517966,0.29177785,1.122802163,35.48873703,167.4180097,0.044309853,0.771235444,31.95216353,0.05239698,0.041925824
483150,4,59.17993461,66.87827871,4919.372246,33.4665341,4317.819371,3235.20277,8640.46687,23059.11925,80.92715022,888.0058598,0.286154655,1.070596785,60.61267813,161.0602863,0.032249406,0.617871939,35.88442875,0.046257225,0.078332869
483147,4,61.10088986,124.0286293,4286.674399,25.38258576,2533.207361,2846.333024,11557.26678,27148.36791,66.11877144,1082.206505,0.308540524,1.546194334,28.77246792,199.2140199,0.037819455,0.769259268,30.54822367,0.034306312,0.047960781
483149,4,105.0847663,144.2921113,4673.344842,52.50138052,3659.584672,3669.332594,10922.28694,25168.57111,107.3281366,1351.202427,0.373771496,1.342703686,41.56209414,197.9343388,0.038882178,0.825666741,24.61322824,0.035133945,0.036564323
588194,4,57.33041087,87.24852634,4780.954979,21.42226395,4030.518752,2542.607356,8056.4922,19613.57658,83.03409656,990.1102378,0.296576924,1.394761529,40.6415527,159.3083944,0.037829028,0.536579032,25.5157509,0.137649839,0.042519524
483153,4,76.02164304,87.93530466,3513.531877,26.25826934,2626.060857,1773.472033,6319.838956,28217.06757,79.78686491,505.6858945,0.232131679,0.981339258,45.24303646,111.0333271,0.029898048,0.386357223,35.78915681,0.053817763,0.0340688
483154,4,77.57125132,43.58125645,5199.651682,29.69738611,2356.095966,2314.525043,10187.3246,32974.81288,96.39731755,1022.72819,0.249598418,0.894774916,23.29466074,142.8415668,0.029155384,0.55841791,45.9552143,0.045103272,0.067125304
483146,4,64.90583259,55.68169161,7646.292711,24.52974003,2609.328321,2127.53973,5206.664836,27374.49924,73.48414512,596.2573449,0.297386864,1.320081003,44.72372157,184.0517002,0.035244066,0.382056022,30.65366635,0.033555043,0.07742849
483157,4,56.10358634,98.03034656,4903.325295,17.01729326,5010.054197,2656.104428,10528.09317,21870.95774,137.0564655,767.0667991,0.144809817,0.65488042,23.69536903,119.2188852,0.019176931,0.396751082,22.7774493,0.019326829,0.053459619
483145,4,55.28338387,92.31327528,5210.783613,26.63629707,3925.95908,2677.95282,8796.238855,18595.23508,87.66007234,1044.323929,0.312360704,2.525186735,35.29688008,138.6625515,0.023518134,0.37215974,18.49352872,0.031856508,0.04302239
483133,4,54.43037801,145.0895041,7844.05339,37.57434632,4048.320799,3172.954079,7827.97793,33736.31263,113.9448905,1183.798265,0.44892776,1.669742734,41.41984472,365.1503805,0.041637087,0.559537543,37.8196085,0.06709625,0.081736781
483152,4,80.89918393,85.99992669,6693.70269,28.07264369,4581.153811,3338.321768,7072.728432,29056.25807,101.3792568,1181.473898,0.35764796,1.40327877,37.98761106,257.4499538,0.033158425,0.582824234,33.76250822,0.03106931,0.062274718
483163,4,50.48032983,91.00000939,4503.081988,21.08619064,5028.566142,2902.244879,10351.70803,19530.7397,67.02187856,914.0086658,0.287829254,0.518807606,54.9715095,168.9996512,0.022423923,0.873085679,20.35243121,0.20868028,0.041745836
588201,5,68.75726422,138.325477,2096.8737,17.30779977,4473.979452,2405.556338,9886.298404,7781.073876,61.33246168,736.5334615,0.593096778,9.34249665,39.03735809,125.4532972,0.006084599,2.580073131,10.94121141,0.108775227,0.055720607
588152,5,26.63322983,146.9174574,2568.858047,33.1549777,10134.6598,2835.571073,14014.99974,10617.93584,69.76508859,1050.740063,0.468507244,8.819776444,51.90197534,144.998159,0.034177713,3.165268161,12.25671117,0.265035375,0.04243504
588155,5,56.24089434,88.7107396,3965.052986,19.96575777,7940.322887,3214.097894,7528.626533,19974.15111,84.45094702,655.0938555,0.288663705,2.279829859,44.49835124,157.3946473,0.013936231,1.260893127,23.42848368,0.326910321,0.048342419
588233,5,35.4831009,150.7749016,2739.339973,19.44849463,7418.381059,2499.479526,8983.70887,24576.67719,82.08688863,1117.325129,0.411144992,2.853558752,32.39527795,191.926031,0.020030121,0.732021894,27.71742583,0.151441041,0.088691026
588467,5,28.79035519,106.7875848,1939.142945,24.9352547,5330.287369,2565.461874,15767.409,4741.776444,46.03823758,550.7321179,0.291654555,3.818422659,35.46864681,100.9384033,0.027616141,1.993657359,5.167913378,0.139391977,0.022938959
588204,6,122.5749707,65.29599351,3114.572035,15.62325363,2109.00447,2296.744648,6610.752708,30352.81742,95.88439839,667.1775265,0.218890782,0.556229319,26.01148257,96.89297871,0.020126933,1.432406119,41.15522551,0.597189283,0.028126976
588276,6,110.5913038,180.1744395,2292.320633,41.40471664,3779.764334,2371.442286,14597.94237,20033.64569,142.3067002,832.1192899,0.297675129,0.639773338,27.18566633,131.4010865,0.033344367,1.869632833,22.84172386,0.481502758,0.022474868
588440,6,139.2745643,186.0954488,1980.338065,21.25250542,3281.386471,3115.834757,6285.097243,24407.6239,83.59946416,817.6452894,0.275822352,0.672814919,40.14661621,124.7549976,0.022688821,0.731889287,27.03731962,0.671903725,0.05041928
588214,6,148.0350704,101.7002323,3709.939696,24.52707243,2719.728387,3681.799562,9087.856971,29554.05838,118.9293738,847.3857609,0.261327392,0.593354854,21.23353918,152.6758672,0.036150032,3.195506793,32.01311452,0.817596641,0.023403342
588190,6,67.31577211,164.5161469,2857.301765,35.07643431,3474.550363,3787.505037,17864.16381,27909.58161,165.9874177,1023.626925,0.387739367,0.671193927,27.79415876,186.4243123,0.015204982,1.583442388,27.70157432,0.398419301,0.020432747
588273,6,114.8583674,132.0906465,2528.206317,20.9116797,6001.398158,2693.762097,9382.199308,33121.01878,95.68377641,694.7704464,0.216746791,0.430749581,23.11769384,119.23989,0.019426182,0.720567891,37.56952276,0.526104699,0.043000872
588274,6,111.3191025,107.9767378,2782.879275,13.06223568,3879.224388,2612.350524,7398.156351,24971.72562,144.738263,691.3203713,0.236929556,0.780674178,31.06637727,127.1333396,0.00982152,1.039461122,29.13918378,0.401616203,0.032655479
588564,6,53.93679941,116.6796175,5277.987091,22.47635019,8611.070842,4235.529527,8829.886947,23893.1486,117.903591,598.4417634,0.242808639,0.595810851,38.18631538,183.2413073,0.024645979,0.775118468,28.65680876,0.571561457,0.031625628
588345,6,81.90041835,63.7630028,3636.386764,35.48921408,3627.333819,4921.829167,28884.81865,17236.59623,134.743528,914.458323,0.297924962,0.855499261,27.74004004,144.6565923,0.034748452,6.000413443,21.42063155,0.929610206,0.030785812
483169,6,50.77651492,40.89828937,5100.436821,16.8897629,6108.483102,2257.843638,12987.71018,32836.06904,119.0802947,528.5185311,0.17777214,0.48200899,26.88109962,119.063066,0.021521909,1.664212441,46.1552186,0.365207377,0.020118576
588271,6,61.1630441,81.93189354,2294.98272,15.16445404,3078.198773,2915.653243,11346.90647,20090.82464,95.9234198,613.6807776,0.184152786,0.419813997,24.44431885,137.8160965,0.004352386,1.258131051,20.54506716,0.345085655,0.019536178
483171,6,78.06161686,76.2402285,2897.160209,25.59262609,6557.075965,2530.660273,11082.69959,31024.31684,89.7626003,680.6633156,0.193303653,0.538528688,21.35169346,139.73631,0.023327711,0.572989518,37.39791438,0.592879596,0.054840015
588435,6,84.36197291,91.08218558,2847.302683,22.25749013,3486.260008,3564.666615,9447.240875,22533.996,117.2988115,1048.512999,0.372265903,0.877717489,23.65395278,169.329288,0.021018802,1.655773568,26.7632761,0.381815762,0.036217651
588562,6,88.08962127,79.25094469,2365.171434,12.64064971,4511.439311,2337.8721,19816.82692,20683.847,78.56716844,440.3670807,0.150164992,0.298082196,27.2186305,105.1457839,0.01579458,2.884317277,25.23230669,0.515764414,0.034701999
255189,6,111.5382232,112.3675639,3852.040482,29.31821643,5365.825048,3446.050717,9077.120158,26099.36271,128.3555975,1207.902227,0.300807093,0.773207093,26.55151942,161.5516062,0.032193833,0.842591836,28.40124433,0.57804183,0.031915287
588456,6,69.4483415,44.77765519,1895.906992,13.66799985,2816.047386,1841.520226,9853.681996,11965.06456,68.867402,379.7424758,0.167702544,0.704794586,25.6620524,61.83960351,0.016201768,0.834109965,12.28661023,0.523527206,0.029098968
588353,6,112.138724,166.0993593,4152.532404,24.88789715,6373.099491,3374.608847,6800.133674,32201.35114,112.9655938,1146.853539,0.375908546,0.723754534,37.00302512,222.3153165,0.027954976,0.619352037,34.17127896,0.600749899,0.044806462
588439,6,86.18135293,76.11979573,1623.375076,13.02733919,2817.685772,2674.47864,10618.97364,19335.7209,74.95481547,783.2188694,0.231176741,0.507279633,20.95465153,103.4952497,0.016791582,1.415637555,20.22300691,0.554844171,0.026514097
483168,6,58.3698783,60.51283282,3221.993025,11.54284651,2688.347157,1761.775018,12010.04976,25350.33616,121.3461869,602.4378348,0.270722029,0.645893241,25.43928675,100.3306699,0.012523187,1.982879396,29.11952565,0.32549918,0.035020581
483177,6,110.5209219,93.47842959,3291.484187,17.21133063,6854.062952,3976.861135,7181.669961,33404.15177,103.3715011,732.2446928,0.259954779,0.66339785,77.93729753,114.5386005,0.021184316,2.00733617,42.89360723,0.914196116,0.030002521
588711,6,95.00793676,124.5442175,3015.382054,32.57397313,2056.707461,3117.104181,22925.31938,17403.41343,96.156011,1091.512574,0.371746155,0.664544921,22.91765727,229.7002812,0.026203363,1.56020765,15.40916571,0.38284111,0.036457829
588718,6,116.9876498,109.9271822,3707.952782,43.87971581,1764.982518,3399.69547,6032.400605,31846.50179,170.9810716,1045.331983,0.351703876,0.690116018,26.05797199,208.5557233,0.019783314,0.652239325,32.51671401,0.633589709,0.041197105
594344,6,70.0613624,65.27497416,4618.241102,28.46342019,2980.50276,2577.299037,7851.568988,33975.22752,183.6490353,692.4133989,0.222194946,0.525976148,29.80194471,124.092006,0.008889935,1.670848773,40.01547655,0.456081675,0.045229799
588653,6,42.22380718,76.2808907,2173.181553,32.74205213,2580.491122,2543.631525,6202.986913,22542.1728,137.1587918,763.3878144,0.209605345,0.41818055,25.19800454,127.3926969,0.03381365,0.367312129,24.5448498,0.778975041,0.02224155
588586,6,83.52487457,83.85046297,2538.086712,25.10732032,6496.014959,3161.859265,7135.423756,28588.28676,64.38201776,575.8433461,0.169983899,0.686869504,31.67161845,89.27890254,0.012857363,1.195824718,29.97097187,0.522190247,0.021760254
495622,6,104.20941,81.08310737,3451.597349,21.50515333,3442.108546,2834.513006,7649.616601,21086.63278,133.2994688,873.7200837,0.299895163,1.071819684,25.07808018,164.6958459,0.02794862,2.078142163,21.47681034,0.447227993,0.047156766
588710,6,85.70333074,49.21722859,3531.965546,29.18979587,6436.455457,3306.688263,5221.37867,25443.19239,174.4684238,882.4957056,0.25984421,0.605056002,27.79006356,167.2870792,0.027370861,0.968661602,29.57947353,0.308015266,0.029395918
588275,6,93.68385302,357.6193587,4125.527804,23.04239807,3820.972201,4149.252222,7015.794239,31590.54302,91.87070404,705.523745,0.195195161,0.351686185,22.36048071,193.3760168,0.013966266,0.846485372,43.40586006,0.674622097,0.028245445
588510,6,86.81905629,62.08390379,4080.813883,16.61726867,3258.415587,2672.943354,5816.888031,29349.41948,153.7882886,697.7573371,0.218206235,0.55733586,21.37784692,179.9670916,0.018415595,0.286398798,32.71897956,0.24247556,0.025205074
483166,6,38.96876894,154.0326739,2482.700671,62.43287888,3542.850371,2758.610509,6669.610396,22904.56393,88.32845885,925.3931089,0.373175225,28.64064175,26.90764908,359.8345934,0.021049282,1.070893263,30.34356618,0.306486866,0.062157174
588369,6,128.6852525,172.9198136,3343.66266,35.84573247,4674.024173,3242.926425,5509.731683,37437.54953,82.74516515,1027.878933,0.322925993,0.783917714,17.29557201,202.639628,0.033927377,0.597980298,42.86581229,0.498367443,0.020425973
588269,6,91.8158276,128.0840223,1744.585649,29.73228658,5389.70396,2359.526253,7018.001583,20865.25303,106.044632,762.6284357,0.246056069,0.709210568,18.01846805,135.6564937,0.01901588,0.869450466,25.82098898,0.415628494,0.027266085
313922,6,53.22427456,45.77757182,1573.076827,10.24426523,1543.658882,1434.691655,11159.28528,12395.8303,45.90716774,289.4582748,0.086739397,0.232085821,12.29611112,64.50573877,0.007173905,0.886856073,16.75492109,0.428011729,0.014334139
588258,6,97.29307424,75.78683549,2447.560377,26.81787042,4225.395631,2365.599667,13365.18194,22063.80874,66.58398583,777.9071371,0.206837875,0.49233026,20.4764793,147.8338294,0.013344101,0.841027388,24.3034434,0.330347189,0.025259797
483176,6,60.70584529,61.96029331,3582.039756,21.37538916,5622.455195,2693.911121,8733.826569,22577.05388,63.813728,507.7308565,0.16400573,0.442487478,28.67544984,126.2592481,0.012343916,0.5848487,27.91133402,0.274865811,0.028435712
483173,6,56.60224331,123.1243399,4201.895286,29.74345342,2743.727193,2423.045498,9957.964631,21366.91426,101.0937194,902.2103307,0.334051023,0.733881418,22.18963515,205.9925798,0.012340716,1.359619181,39.97467778,0.315238264,0.02652964
588167,6,107.8057752,124.8236086,3198.597725,62.17359901,2364.558,2179.826502,7511.083472,21005.22031,82.08085487,628.0109804,0.22378283,0.657291638,17.54990282,130.6186675,0.04527453,0.768585729,20.19719361,0.13911631,0.012498579
483170,6,94.25045743,55.5397735,1964.478684,14.28812489,2538.864618,2420.84351,10393.4988,25504.76864,83.50926828,489.3797003,0.166470172,0.408301847,27.41754879,121.4306302,0.013735835,0.404766021,25.60753822,0.458524122,0.02544785
483175,6,86.6777873,96.43197491,5613.273252,28.18109714,4639.582749,2965.066625,10197.79064,29934.41157,250.3392424,892.6059698,0.339786725,0.791642358,36.83492037,177.4895785,0.068091461,0.826284824,32.83971176,0.566589139,0.044649632
588565,6,110.4974059,101.1064894,3158.42147,22.94058871,3492.862572,2340.037798,7700.743039,17251.70579,100.4733673,584.0812793,0.163657684,0.327336343,17.95321989,134.5641877,0.01218996,0.801648832,20.28271352,0.289590567,0.020516686
483172,6,96.76310938,58.95506779,2120.02949,33.08962893,2099.658169,2317.281434,7644.597827,26691.69944,80.17593043,771.928684,0.240474929,0.425097135,17.67780418,152.0772126,0.014098517,1.14238976,28.16435161,0.408427281,0.02216832
588054,6,145.6321595,420.9394697,1695.348492,41.75561472,2704.035311,2220.408263,12233.99665,10911.60678,80.52310894,804.0863909,0.277653392,0.668439861,17.0133454,120.3695643,0.020501689,1.309248137,10.41319697,0.231044991,0.024246266
588455,6,111.9023522,92.57027945,2549.68131,36.48471478,2294.258386,2684.059253,28638.57635,15157.22051,66.78004066,821.0312929,0.26949701,1.136542795,22.4639704,132.4080733,0.020376647,2.841395248,12.79489988,0.252160633,0.042031648
588568,6,78.4042294,64.07764968,2019.780972,14.67419498,4034.396737,2118.72463,9276.545608,13907.56438,97.29953936,443.1435167,0.149411939,0.255279998,21.45882428,129.860001,0.015085357,1.460318728,15.00787115,0.265188289,0.015361982
588457,6,92.81448546,317.3147967,2522.879474,31.49886185,3101.611315,3414.981641,21668.27575,28370.87068,77.93681819,1145.580395,0.397808967,0.604409717,16.10169821,186.0037422,0.027278071,1.43786549,33.52356969,0.343253584,0.027544139
483167,6,118.4410565,67.04793958,2851.30781,18.25498515,1960.215315,3124.440464,12030.04049,20293.90163,91.69627958,805.755333,0.26081708,0.552126159,15.18047165,135.8610579,0.010904757,1.487724458,25.82759932,0.499235447,0.024097093
483182,6,179.8457682,75.48713327,3114.597941,22.99691924,2054.374868,2042.135693,11638.28488,20770.02625,76.32292855,698.95775,0.297556375,0.508944334,14.40647736,155.6547545,0.018583287,1.872965693,30.90265912,0.347228731,0.033103665
483178,6,78.02156972,122.8691001,1963.589729,25.68214099,1653.793161,2041.422153,19172.65897,11328.1172,45.33821582,745.0297537,0.298178273,0.448299749,14.16587935,102.7310892,0.017556904,2.289693499,13.24942856,0.222445515,0.014153045
483165,6,95.63352137,83.47254464,4028.855531,25.83758283,3067.735093,2268.90403,4519.343588,22472.68723,69.75729338,539.6048379,0.163152316,0.335124477,22.95629318,138.9792618,0.020651308,0.307143574,23.97466988,0.356983876,1.316582669
588483,6,109.7153329,61.75323712,1863.869907,30.00344726,2708.374125,2571.733522,11629.44698,18591.59477,88.27373209,1022.096078,0.292082851,0.584972436,19.23984338,150.7043509,0.024865008,1.041780648,20.38063653,0.395240101,0.017452219
483181,6,104.3418443,64.50113482,4078.130635,24.87728769,5868.270431,2897.820187,5631.535722,30796.75861,65.18416592,926.4454233,0.38345428,0.7518656,33.33140974,158.8117361,0.019073232,0.732880155,34.09724485,0.655778218,0.046233681
588404,6,114.2508854,179.4647859,2661.999916,29.02682777,5264.007596,2858.084669,10031.72829,23258.21531,100.7052393,770.610159,0.277064158,0.532310329,21.5674552,149.8203032,0.014512771,1.233090267,29.10179538,0.382523979,0.028636887
588400,6,98.73177259,214.4701677,2008.449601,21.25759069,8101.462486,2845.598642,6207.963665,32537.79832,74.85455849,780.5419984,0.231899365,0.417170969,26.17810576,107.3534742,0.017856051,0.961858724,44.17047423,0.732644222,0.026177179
588261,6,98.1005921,183.2840983,4890.111058,17.06200379,2973.101843,3858.20295,16533.66908,30702.70166,116.3278968,1914.142521,0.376974353,0.78176451,20.49766168,251.745941,0.019888099,1.158160192,33.40533719,0.535947929,0.031891123
588260,6,101.4036908,92.91998817,2838.341294,23.44034979,6605.000247,3737.846158,8934.034891,28516.35491,103.2871102,754.521435,0.242205618,0.469284366,22.28643315,188.465908,0.020495993,0.859021135,28.90638247,0.410890074,0.019325483
588436,6,88.49264757,97.93570498,4802.281062,19.09835965,3677.705495,4814.350371,9963.325967,26805.12401,64.53138727,831.9001269,0.284170228,0.482230525,33.37620934,321.9086772,0.015934214,1.463455557,40.30405746,0.834512629,0.044493525
588272,6,87.34067601,83.61617011,3169.681831,26.01308242,7243.671979,2552.046697,5114.037931,23833.75181,179.9541577,826.6885781,0.283193933,0.576700514,23.08078227,187.1463706,0.01970995,0.417477723,28.72149495,0.4215755,0.031392059
588346,6,89.61748799,137.5104579,1751.548701,24.54951263,3927.509937,3785.326671,9516.547719,13249.21584,107.7203067,770.8916789,0.249379688,0.491189044,25.86417691,139.0931063,0.027243912,0.565170835,13.11494045,0.524220707,0.016002752
279897,6,130.4404937,77.51562779,3009.433057,11.61367377,8286.203475,2505.657903,13786.69273,27560.67701,43.42589682,611.1213201,0.211570755,0.350685057,17.63936552,85.32926112,0.014130348,1.389747475,34.550365,0.362793277,0.016902067
588270,6,86.34807388,161.3677937,2813.284402,31.55014508,4362.922037,2283.095425,9333.654904,13820.23881,105.2388427,882.1347969,0.287348939,0.538150805,21.41855787,164.8316394,0.030156526,0.753964707,12.62161793,0.507969457,0.031867208
588262,6,190.8082902,245.4755997,2091.132717,28.94914513,4559.7605,3700.459171,6951.669928,21217.29443,99.30818391,2117.288413,0.547705109,0.946908659,23.30806794,303.9275154,0.047558017,1.105987973,17.87669759,0.393179066,0.025147644
588344,6,92.86066706,225.5617925,3292.434571,22.81985129,6029.50842,3773.511,9068.990147,27298.34086,208.4391965,1092.351098,0.471349609,0.851564991,24.45827005,206.1214935,0.020948733,1.061986556,29.08121577,0.451714289,0.029493648
588304,6,120.2462588,114.9058625,2883.096774,13.74455482,5309.118436,3142.09734,13558.01318,36719.28407,76.52391504,1016.152911,0.273953795,0.480654656,22.2352296,131.0608655,0.010006366,1.227136622,62.05019222,0.554128178,0.024617584
588437,6,100.2438099,50.42878701,2494.762976,11.67695178,3509.106771,2645.301996,15912.72905,20754.62824,98.5891224,850.618279,0.236990939,0.389724062,17.00322883,145.9546402,0.017006042,2.041247622,25.11800075,0.532524342,0.029656309
588349,6,78.38476512,216.6853156,2026.83527,18.90978376,3672.636844,3645.746555,7430.734606,47434.06717,97.16221813,762.6667283,0.250406417,0.59326738,20.90287949,190.3805496,0.012192632,0.44008411,46.86175513,0.537072546,0.035232394
588350,6,156.7989091,74.80624057,2817.098178,44.25761044,5015.64814,3181.685682,5855.794676,23257.25374,122.3220894,911.0836582,0.272473979,0.557800493,35.6558706,195.8479421,0.04190323,0.625706631,26.95737285,0.640872861,0.027711879
588354,6,88.03188787,57.14552004,2003.771622,16.1113348,4331.334118,2477.294736,12951.41529,35030.29291,53.91229846,595.9607736,0.188772518,0.396966014,31.05476063,105.2958023,0.024607903,1.698760389,48.83108764,0.40572208,0.020802561
588374,6,94.83440617,79.19701472,2659.414461,12.88961637,3227.864438,2508.895962,7889.258889,27589.03273,179.94842,611.700984,0.196780256,0.395843419,15.13251238,112.9568594,0.013664595,0.442542151,35.49971374,0.370185505,0.021755221
588259,6,112.149222,92.35541811,2137.903695,23.87194914,3336.958459,3268.449999,10451.21551,34405.21214,120.6091769,835.3407661,0.290408636,0.651316849,38.66820605,139.558124,0.011542508,1.347975546,34.52234414,0.612214365,0.027481105
588373,6,110.1516612,132.3204246,3887.478853,17.71899549,9638.118679,3351.697409,6611.397806,25094.22533,189.6255197,1055.873896,0.368349975,0.647844351,19.94681698,228.6580714,0.014885546,0.581001216,31.00991804,0.586405016,0.031579051
588406,6,100.7510354,93.11216918,2843.402467,22.33048448,4069.455423,2728.565837,12217.91345,45416.80296,83.50262216,820.8810342,0.21524549,0.489102501,23.52066927,135.281305,0.018093422,0.760878087,45.64704621,0.433422236,0.024223261
588355,7,189.5132813,230.6335986,3727.969442,19.37691675,3414.354611,3180.997189,5131.983239,23499.34642,72.70117168,1032.389874,0.400687049,0.850606118,60.01510213,131.7088704,-0.002672368,0.515731165,27.58871901,0.549183143,0.037994216
588146,7,66.35472136,64.47666428,4627.467634,18.32165557,3147.340074,2355.400486,6176.035638,29809.18008,64.28175483,621.2423028,0.211231942,0.48943933,26.60340582,182.2736794,0.035212285,1.067961493,32.60657758,0.212088861,0.034969448
271662,7,84.42085544,165.5556828,2337.246464,19.78695329,2458.936219,2525.875253,6937.96284,12179.2581,58.420629,822.3724157,0.265951128,0.539206473,32.14250475,158.4466215,0.028320197,0.721224057,11.66330448,0.570576063,0.01897685
588188,7,96.66030409,59.29821863,3668.806825,10.74863538,2334.65502,1695.476138,9446.478164,17571.15407,64.16090234,399.1028551,0.105836627,0.282985093,24.93249922,77.75233742,0.013434346,1.600673084,52.38841186,0.377760582,0.022838137
588147,7,94.76533744,39.60240117,2001.870849,24.61259227,2788.615829,809.080921,11982.95636,5828.523823,67.66595382,427.792859,0.181267284,0.880352806,38.76417356,126.05114,0.017383559,5.283178009,4.591507126,0.124855339,0.04674849
588181,7,101.3914655,72.91840926,5381.761518,17.29513099,5379.343169,1585.045751,7069.614458,19935.31164,109.6191123,519.4848082,0.154178228,0.472770397,20.33586617,124.113917,0.011199736,1.284059377,20.81845353,0.416661192,0.056209416
588228,7,144.9353893,80.52135249,3072.714391,22.39759661,5031.455947,2654.720985,9614.530102,20192.84078,157.3973188,632.9277334,0.206997864,0.45148243,40.35104809,177.0496914,0.015658863,0.486744486,23.28199137,0.429383803,0.084842332
588224,7,71.55293998,54.40926258,3090.019419,10.00943687,2270.155779,2898.106827,7052.925333,20347.03336,54.16756271,641.3314776,0.211023726,0.445278178,39.75291514,108.4038106,0.011618936,0.559749777,24.95762231,0.343767141,0.029289679
588330,7,131.0417374,29.48975294,2785.303211,10.9377315,4356.44345,2279.717151,7994.511025,20403.587,80.21439104,406.5220887,0.140015542,0.414033378,47.42527187,77.42804371,0.010029901,0.722695238,21.58294763,0.57199509,0.03531638
588227,7,98.31462016,69.11915365,2516.984803,15.72925323,3454.076583,2310.802514,5868.280808,22094.04667,83.87539297,671.1514697,0.243888513,0.830267707,33.26677023,108.877066,0.015159074,0.563055219,25.52403373,0.290255333,0.016626368
588683,7,106.376045,52.80850783,3572.569426,17.0800934,4833.271383,2100.111397,11449.83835,19053.07445,72.02246006,716.080364,0.265537181,0.538002352,24.48922483,122.8289785,0.004818612,1.29281021,23.07985189,0.449348229,0.050863256
588684,7,67.09844364,72.4877416,5451.964801,24.20372079,6938.254295,3453.228729,6324.255366,39982.5672,90.1452025,908.4500034,0.281936984,0.709142549,71.74896076,126.0966019,0.019813034,0.714556656,50.443358,0.580507357,0.04377049
588574,7,93.58794311,68.0878053,3999.008036,14.14958848,2603.125875,2134.921314,5187.800145,22747.69239,43.6285734,590.8839856,0.187308492,0.595082043,18.32363304,96.60135498,0.012222699,1.00326053,23.5188384,0.427392602,0.028426196
588454,7,88.72323813,133.8011092,4727.015704,20.97973817,2177.23954,2716.916992,11242.79939,21382.78043,76.23029901,869.7244664,0.232450525,0.811356117,19.32911308,133.3063803,0.019864624,1.979102342,24.98839485,0.734938332,0.025313628
588384,7,122.6932244,79.77198879,2311.027143,12.69827836,3432.33284,2124.135587,10417.14988,14269.44837,53.82666605,642.7575877,0.214490946,0.589149953,28.22929819,139.2932288,0.011874859,2.014443402,14.76774732,0.207445388,0.04549112
588540,7,91.64194439,53.68349637,2558.546131,11.35601651,2657.592635,2037.978635,13138.32451,29722.71761,74.90858556,573.8661595,0.193877991,0.830665765,28.18622556,102.6098643,0.012257984,0.382373114,34.57023472,0.104928979,0.069025181
588333,7,93.00467711,54.78441756,4715.163966,19.94230078,2803.47458,1832.39938,6856.144893,17532.07454,56.76547759,548.4236067,0.11803826,0.699195653,23.08209548,137.7361725,0.003102472,0.544459667,17.46490591,0.278992498,0.048192734
588160,7,76.09811273,33.50396084,2321.249575,19.70218036,2971.812319,1880.887857,8706.691705,13615.10371,64.34978108,591.4069776,0.174937403,0.63161754,17.62839688,119.6278269,0.013759896,0.810557247,14.04894907,0.313329439,0.032901212
588174,7,78.84633397,47.81158979,4332.067022,20.49282395,3200.379684,2746.269708,5250.659234,24383.8595,62.31511159,567.0887518,0.186096601,0.642655431,29.49677133,81.25680134,0.021892886,0.854781154,28.50441084,0.520745848,0.021899392
588331,7,75.11486617,88.54429903,4828.533659,26.32078559,4680.876765,2399.919382,4410.324837,23619.51468,55.48059871,439.3764012,0.16382869,0.314357966,26.82653593,73.16155924,0.013818606,0.556364919,24.881288,0.325105222,0.016835655
588401,7,166.3288565,213.6298457,2898.40472,18.05854457,2243.853314,2007.822946,5056.751732,21946.76129,53.25885294,458.4994546,0.15706296,0.433724487,44.6856573,85.09113007,0.007508696,0.742832368,34.79379303,0.282979856,0.019619044
588231,7,127.6168199,79.01069528,2462.514226,13.76569026,3697.917196,2105.776916,8883.028354,10060.00043,48.12039518,598.2735435,0.22381122,0.514650256,44.21454964,126.9192578,0.028518349,0.65523435,9.385944896,0.290493254,0.022796794
588229,7,108.2035731,92.10364197,4025.059077,22.43215579,4303.699467,2107.829414,9223.45216,17515.32634,74.13181503,572.6338889,0.173308148,0.307262798,27.10780993,124.7239908,0.018861644,0.608789306,20.57122285,0.712155659,0.02653602
588225,7,52.65978345,81.04753959,4283.618948,17.41184675,7559.784116,4061.674004,5119.967959,26695.73592,116.504748,717.8169321,0.218212818,0.673506368,57.12142078,167.7093693,0.014884751,0.989464843,28.75601913,0.503772705,0.028075627
588415,7,66.3098725,156.3648875,3260.900829,15.79101514,3307.824992,3095.917741,6523.433151,14760.22043,76.8889482,617.7630238,0.195424861,0.416126063,19.68925119,83.37325521,0.007027534,1.279605869,17.58170371,0.320162378,0.023910854
588395,7,118.7655486,96.49308939,4872.708588,10.47113529,5934.148548,2651.926109,4980.51519,23985.69643,47.96944734,669.328645,0.231144823,0.46102021,32.45904198,106.5964516,0.012067887,1.06028061,32.24640738,0.754769187,0.024551962
588223,8,53.03105621,124.1712989,3242.840011,23.02634502,3468.270581,2034.271612,7559.541102,11916.60567,76.63779065,729.8683956,0.282340398,0.945055049,65.5092442,222.2688973,0.004950436,1.991453751,9.53373485,0.089452927,0.026510325
588142,8,92.0019438,65.79155779,3507.654934,24.17877306,5667.647952,3510.207519,11567.4379,30431.95187,86.47414473,675.709108,0.210562919,0.454229078,22.30542407,343.8240943,0.020322297,1.511877774,36.45382441,1.510852994,0.056425469
588680,8,63.9146969,81.55449126,4505.032144,30.6924944,3041.347573,4055.390702,8293.769641,21804.7017,161.9032764,1056.813699,0.390731188,0.880860966,57.88823849,184.5014519,0.028786295,1.21481006,23.72842548,0.131851663,0.048548898
588679,8,97.4508925,65.65255227,2600.930815,19.62794163,4968.522712,3093.931638,10610.55445,19585.57739,83.16993007,915.6206493,0.332612715,0.723767477,85.5615369,189.2587832,0.029006886,1.442757548,20.15842806,0.120798718,0.026067029
588133,8,76.68078742,72.1442092,3340.678316,18.09342948,4815.633889,2580.466082,5609.731746,26334.46844,74.80228461,727.2541223,0.22838695,0.621618583,40.92400844,152.6264788,0.014421307,0.71330676,31.0745928,0.741965252,0.064499447
483180,8,69.5027747,47.83122416,1863.645895,22.87136773,4051.184066,1772.574336,7691.396412,12192.07976,54.09863458,308.9372767,0.150717446,0.688478801,25.02495165,56.11835461,0.013867092,0.50794721,14.29188878,0.087789525,0.058323199
597115,8,61.68809365,24.10113331,2559.948555,9.557651253,5438.04032,2705.084666,8101.994894,27358.85995,70.67473884,677.2306889,0.179557682,0.422995825,33.73590913,94.39604432,0.011047177,0.61017655,33.02442081,0.565396436,0.040889842
483190,8,48.53658,32.1689707,2209.598165,14.13471366,2181.648019,2627.568246,8396.316486,20759.67769,59.51454389,673.2155847,0.168724658,0.361810705,17.33190955,113.6633363,0.016043973,0.295842134,29.92759633,0.059149914,0.035793076
483187,8,131.1267118,125.9245912,3648.981511,37.9757577,1741.839911,2593.355026,11480.1214,18268.26592,122.8343501,1003.091895,0.359253167,0.955471135,26.88682353,215.3271118,0.060461207,0.697935578,21.74380919,0.083998772,0.062617368
483184,8,52.69362359,61.55992924,2069.169038,25.98539796,2624.084929,2350.078662,7402.17341,19336.67285,81.92337747,582.1962009,0.233046734,0.568837919,33.54052847,110.259042,0.016785225,0.631062803,20.28185079,0.697222961,0.036652152
483188,8,111.4864942,44.38457123,3225.072889,15.55933524,2283.28473,1619.680719,10420.06328,15999.02234,78.82764004,456.2452897,0.169485232,0.49685925,35.30374288,95.41516353,0.014862811,0.767645296,16.4420893,0.688231359,0.023213148
483186,9,48.98031562,60.42927066,2554.896226,26.12056275,5013.467812,2002.560193,7711.418979,15051.0427,120.7240298,395.977961,0.154267791,0.44636033,52.26098971,92.14434088,0.015951312,0.840417495,16.26675187,0.097223534,0.04750046
160_271_1,9,18.66672976,6.970224337,1746.445345,3.845879333,1743.118142,1152.944236,5888.311451,15894.22342,27.59339808,54.53990772,0.188765445,0.813897465,7.365774443,22.06969766,0.004603502,2.939849649,7.347058731,0.101190184,0.00766589
160_271_2,9,14.47692886,5.866391568,1489.852688,5.825639221,2244.68425,1600.441818,7013.400166,13155.45463,35.49158648,52.57114203,0.282940026,0.648418658,8.068232162,10.1086613,0.005609539,4.166139821,6.890243221,0.14549922,0.021107826
160_271_4,9,14.71313365,10.25195456,1467.666224,8.036046831,2311.056644,1039.097749,7966.273447,14182.50581,39.13434474,36.664748,0.204520839,0.555300335,8.369119967,24.30491035,0.005811993,4.589771506,9.025915346,0.161181941,0.006236906
160_271_5,9,20.10629931,11.77369681,2248.108976,9.482050637,2315.675046,1091.607046,7514.088622,22550.82189,40.22041153,43.24367607,0.201085208,0.660281969,9.385391901,17.75315743,0.004597548,3.461934716,15.29235971,0.16304633,0.006881962
160_271_6,9,12.97800542,11.04383667,3390.636514,29.32960533,1995.192533,1096.870563,7608.463923,15982.76017,75.2361385,53.64704601,0.353459542,2.024095695,9.068968246,16.65683944,0.013593336,4.690904864,13.9014494,0.184343717,0.008106347
160_271_7,9,14.82625594,6.369331445,1887.374934,6.115421962,1908.805035,1213.624852,6120.525902,17506.88346,30.84618033,67.89663145,0.233101325,0.687711185,7.99061821,12.19792217,0.004382589,2.657401135,9.235654215,0.139915224,0.004713937
160_271_8,9,16.86715288,14.34894675,3317.882659,11.17633337,2008.564757,1349.574062,4567.317496,22565.64689,42.52178868,82.73278846,0.318521771,0.940657263,7.753446611,16.61125163,0.008325781,2.207285037,16.43709906,0.131712144,0.215261904
160_271_9,9,11.71456582,9.079443999,2173.488653,7.539862842,2081.468725,1410.133893,6272.923113,17109.42995,28.90316541,56.0355102,0.157284287,0.628594839,8.769453642,14.5029827,0.005118577,3.657595537,10.25063718,0.125924007,0.004821006
160_271_10,9,14.01526521,14.05922986,2431.221312,96.01058421,2401.009462,682.5802519,8163.801234,18226.89878,213.2412916,51.47730868,0.593078894,1.977642686,10.54184451,29.60502854,0.037091722,4.728689502,11.9280278,0.382809636,0.015254653
160_271_11,9,24.01059044,9.18680421,2508.643737,2.785220726,2862.158732,2183.855856,8162.05587,19408.67228,28.50058598,33.44925102,0.096942674,0.429100334,11.4023106,17.16506786,0.009736819,3.860751695,14.77405589,0.147265726,0.012405878
160_271_12,9,16.53759294,4.732432943,2533.983912,10.53144569,2365.631162,1288.805074,6191.560049,22534.40097,39.25911339,56.62508025,0.139092506,0.683843406,9.009216564,14.58656406,0.006576007,3.233661711,13.34619615,0.181829203,0.003671579
160_271_13,9,14.07197727,11.4282756,2118.038132,7.833136152,1910.289212,1519.466562,6245.207426,18730.34027,41.05183681,80.97299856,0.26791135,0.863386048,7.815821533,15.03511334,0.003562122,3.811104921,9.374657753,0.127457242,0.002491942
160_271_14,9,18.40723058,6.30674182,2567.394161,5.152716078,1679.93655,930.82775,5325.603581,20355.78499,28.78922772,70.00813205,0.121658295,0.546039501,8.078510967,13.77556841,0.003780766,3.131600988,11.51118709,0.12166126,0.004558681
160_271_15,9,20.46189577,8.487291718,2295.507981,19.87606793,1854.601375,1197.893213,6525.190016,25851.94375,64.5938365,147.4309011,0.257470887,0.824355578,7.678716213,20.46661829,0.010008469,3.363712248,15.81428338,0.177814959,0.006703176
160_271_16,9,24.64499793,6.999957877,3195.309798,6.766471064,2145.714597,1674.467158,6141.001483,27377.39655,33.28773119,74.11879611,0.177028978,0.666377793,8.714352455,12.98976758,0.005308851,3.007713364,19.01675512,0.16321042,0.007306049
160_271_19,9,13.94301266,6.390655279,2170.981689,9.365613285,1927.863214,1465.755487,6989.868846,18518.361,39.0126413,125.7401258,0.218223245,1.009950895,8.210049211,20.04854825,0.006451497,6.224198317,10.43781134,0.118356568,0.007251806
160_271_20,9,26.69645705,7.552619463,2731.06415,5.089760175,2122.16844,1053.498009,5677.845244,22853.95038,31.6634835,47.39844141,0.141202715,0.588032429,8.917257802,11.96446285,0.00423513,4.029775139,15.56261469,0.167618626,0.005203386
160_271_22,9,28.62682086,10.20979597,2332.768964,7.440318712,2245.385595,1574.961231,6895.615013,25803.61489,37.14097299,41.89817419,0.112612765,0.624426785,9.307781365,13.46350072,0.006263871,4.742159609,17.48149273,0.155897781,0.004233107
160_271_23,9,14.77241892,4.732341435,1716.603081,18.70808292,1662.856475,1612.255745,7670.928898,13236.9172,58.02679894,37.28919653,0.153667812,0.919254566,7.147362305,8.38328775,0.009873941,4.416800261,9.568743888,0.130853423,0.006014047
160_271_24,9,21.86580709,13.75646721,2488.044742,8.56702318,2604.363272,1413.832899,7054.823537,19000.36226,34.93323798,25.86539894,0.105795855,0.577188778,9.772884761,13.06680724,0.005490232,4.380966154,13.73595533,0.210569898,0.006849612
160_271_25,9,19.73641012,7.771067097,2141.305263,8.80117583,2074.741487,1387.921988,6562.71526,19336.70443,35.05305136,48.23083452,0.113587515,0.61122383,8.393946855,14.50026231,0.005610754,3.418257449,13.4759998,0.231671074,0.004446827
160_271_26,9,24.09505293,10.14222333,2720.384955,17.26186798,2802.931702,1265.282418,7474.126417,26083.37325,60.6757829,44.01244493,0.221272922,0.815339982,8.497041668,23.67989958,0.015603737,3.073484335,19.11650972,0.208706954,0.022817528
160_271_27,9,18.15212359,11.25433613,1571.451844,14.99312999,2100.560425,1098.429742,6487.369837,21790.24571,46.22383262,117.0829414,0.214339612,0.774553729,7.785202054,27.60041524,0.015088125,2.54164274,13.73379205,0.149589199,0.006600481
160_271_28,9,21.55256865,5.840382774,2140.677429,14.91096866,2088.574718,1745.87433,6378.367888,26609.45144,54.63343321,91.44492515,0.153776182,0.774288788,8.254036512,16.07244365,0.019433516,3.285681873,16.36109113,0.145293964,0.005454948
160_271_29,9,21.07803837,6.618589492,1828.765685,6.117107534,2373.920201,1800.280338,6577.627916,21220.34423,38.84649338,39.99643718,0.102043477,0.516232887,9.790344993,11.05692587,0.008518974,2.176515176,13.45122998,0.187558164,0.014248747
160_271_30,9,25.23658161,11.69527886,2521.831348,6.10678436,3530.201225,1850.690713,9764.482893,21256.05734,33.11424964,39.72407167,0.120809721,0.431215627,9.598082224,15.21069722,0.009221131,3.827451673,16.78103301,0.269851251,0.030247231
160_271_31,9,14.52031411,5.018543569,1869.077624,2.975010599,1966.149059,1147.746295,5959.387625,18312.08255,25.86567599,53.53017892,0.090866427,0.424623227,7.963637224,9.94854946,0.003104279,1.981300112,11.5713413,0.174014438,0.002962177
160_271_32,9,17.43664322,11.3317161,2120.022982,11.62209669,2907.228245,1291.17368,8246.836383,20274.85298,41.09882905,80.93965175,0.188235886,0.584881374,9.834819834,18.47059201,0.007437863,2.755326156,14.00987142,0.20401747,0.00698325
160_271_33,9,16.83306547,5.713517148,1990.72432,8.501044244,2014.163073,1130.133733,5812.79023,18781.78422,33.47476066,72.673377,0.103922395,0.635148911,7.129622025,10.95851576,0.005883887,1.8670962,10.08586291,0.165481033,0.00481189
160_271_34,9,16.73861574,8.476371522,2299.865293,17.98535724,2298.47192,1318.909081,6516.826988,19791.50792,65.01082908,59.76691389,0.202829844,0.688384522,8.155209049,14.51636066,0.010831973,3.222810587,14.56029054,0.199575145,0.012706547
160_271_35,9,16.87479704,14.36906186,3132.550243,23.40275395,2632.342929,1461.180555,7357.856456,27901.35237,68.59276833,73.66770388,0.221249954,0.877543238,9.877759959,20.38073391,0.013266345,4.165099962,17.73307554,0.194577639,0.025234654
160_271_36,9,22.50029276,14.62223866,2909.481074,10.61224603,2737.95089,1380.077232,7696.827217,25225.61744,41.5517533,36.81181001,0.263846847,0.813412859,9.047303663,49.72979495,0.012793381,4.476315137,19.38692989,0.186600126,0.015205131
160_271_37,9,20.28135243,14.16991817,2436.65512,5.971556462,1998.787915,1095.757612,6919.042276,16495.25144,29.46403157,38.39843535,0.108114084,0.520301398,9.254656223,15.28787922,0.004201467,3.426962535,12.20907702,0.143394633,0.010565285
160_271_38,9,20.116188,13.4313048,2443.392765,8.418366647,1973.06164,1156.058734,6073.668167,19333.9141,33.43202714,48.3689013,0.144811219,0.668777439,7.915009769,26.17744391,0.00501691,2.281231611,13.25017832,0.174108498,0.008714494
160_271_39,9,13.08791256,5.766903447,2535.00338,18.80462943,2188.384423,1374.006772,6528.727382,18680.59474,71.77324576,97.03145447,0.280101137,0.900370537,8.673645197,18.57385284,0.017162841,2.639652969,13.79224018,0.170726824,0.009535418
160_271_41,9,18.25938589,14.19339409,1979.372468,17.65696375,1990.229589,1232.008155,6225.30312,18322.05732,52.63598834,53.46381221,0.165092857,0.91250827,8.010778517,13.61154574,0.008150989,2.825331702,11.24212369,0.173763265,0.005944341
160_271_42,9,12.82862607,8.847408622,2411.192847,33.94294985,2218.360355,1003.842518,7728.038244,15695.25435,84.55912716,84.18626385,0.294751248,0.895012845,8.170784221,15.55863734,0.017049826,4.826950535,10.43605645,0.221706994,0.006325182
160_271_43,9,15.85478498,28.39567736,1689.035821,2.097751577,2430.689973,1098.414533,8804.845575,8408.306818,23.11668867,17.79179364,0.104036551,0.515479535,10.5437839,11.38225146,0.001804365,9.586547662,5.004144578,0.210983442,0.005211411
160_271_44,9,19.84687022,11.5024324,1996.726992,2.87259105,2520.867494,2015.09922,10181.0862,12022.34457,26.61226578,25.92364716,0.066043598,0.40958244,10.62882252,14.05422407,0.002654478,9.398527262,6.449206712,0.214678124,0.004692913
160_271_45,9,18.71203148,9.530933842,1638.056012,6.275924209,1993.162031,1168.869428,6523.699503,18577.16075,33.4874927,53.91804971,0.115190348,0.702756056,10.01265879,14.79421868,0.00497311,4.305680669,10.12162701,0.145784916,0.006593107
160_271_46,9,19.08599735,13.90023271,2409.899395,3.890496119,2443.023945,1510.964181,7031.097481,18603.15005,25.73186398,57.3221063,0.122048377,0.506992415,7.961821032,17.44444235,0.004469116,6.504725456,12.45235588,0.148436299,0.007382634
160_271_47,9,27.58585261,6.459355785,3125.405091,12.26145391,2664.458954,2126.001872,8283.802909,24950.25987,43.44513227,93.60125416,0.160164105,1.051487025,12.46906564,26.06457604,0.011283839,4.071915368,21.4714428,0.198236827,0.005206917
160_271_48,9,25.17288512,10.14193391,3065.543988,4.498020354,2449.9084,1706.530796,8899.093668,20465.62368,32.49357316,90.02047479,0.138440308,0.614882082,9.150804313,19.05601677,0.005897861,6.650948816,15.28696347,0.164917359,0.010028518
160_271_49,9,25.76793171,13.89899321,2867.42507,2.653057075,2124.219056,1212.527692,6892.023258,15346.50117,21.6384468,21.92561751,0.087806758,0.449032686,7.940474489,9.821068494,0.006147462,7.009326078,10.45231139,0.172021389,0.048607601
160_271_50,9,18.35072585,8.898955914,2444.334531,3.265556606,2454.973903,1213.908764,7103.025947,16798.62316,23.59239243,26.87870037,0.082087748,0.379668832,9.452383658,12.80804301,0.006014553,4.714018002,10.8013947,0.318121057,0.0055248
160_271_51,9,23.37575464,13.39940609,2369.159624,3.860697088,2398.963233,1744.415655,7487.235683,20261.5122,28.79357447,32.36829238,0.091947382,0.502107889,10.12981681,11.29487349,0.010682412,4.716740465,13.75573915,0.170647622,0.002676704
160_271_52,9,18.81804999,14.2481953,1816.18469,4.509366007,2492.043481,1068.941111,10426.72598,10914.20327,22.8279668,20.38304438,0.083861304,0.433978963,10.61965904,18.2188372,0.002126167,7.704953239,6.764371762,0.207630262,0.008266562
160_271_53,9,16.20844452,8.755932436,2078.60803,2.810298806,2262.121562,1520.872607,9973.878835,9068.399833,20.33859735,21.39579439,0.150106563,0.526092903,10.96008996,10.46485043,0.002960352,8.951477004,7.110578281,0.151114975,0.001965481
160_271_54,9,24.88727925,13.11933526,3209.03766,9.812019739,2404.909944,1203.669274,6873.234856,24210.5198,35.05510271,34.85727728,0.138013894,0.692107374,8.892502011,13.69669785,0.006222432,5.230755519,18.13984314,0.197904113,0.012108373
160_271_55,9,22.82424048,18.23145289,2745.569895,6.839025928,2498.725248,1182.855259,7678.958405,22023.66676,28.02518384,53.26902998,0.205467206,0.672326815,8.52332821,47.22422859,0.006937585,4.765245236,17.04002865,0.161815894,0.012053613
160_271_56,9,14.04972772,7.540157683,1989.177756,13.49783441,1889.843873,1489.579407,7546.075543,14070.61991,42.14881767,45.06289051,0.129181189,0.683527046,8.560148602,11.22491432,0.007283927,6.535481954,7.211987686,0.160319788,0.003428277
160_271_57,9,17.27353181,9.872137897,1914.947114,3.899901264,2436.896002,1465.246498,8106.543586,15418.73965,25.79433038,37.05406879,0.115645903,0.42720277,8.541713392,23.37398444,0.002693693,5.262254929,9.518766242,0.229534198,0.004616856
160_271_58,9,14.40677437,6.736645363,3129.82673,7.317132038,2118.897832,1308.984483,5144.77631,26223.47014,31.64299098,52.78774223,0.137077188,0.52381066,7.98077336,14.92123862,0.005215509,3.621118204,17.94806471,0.194628984,0.003748758
160_271_59,9,17.90934896,11.85488205,2736.660852,7.349553505,2159.646135,1299.037982,6699.683419,19305.2098,33.68660329,28.3729879,0.120892462,0.599761047,7.996775967,20.23779235,0.005812225,3.473496779,11.82323029,0.184302391,0.00462108
160_271_60,9,23.28668634,10.86138532,2985.221411,3.374845962,2246.842736,1901.467455,6755.074585,23210.81647,25.31568497,37.00459735,0.115584489,0.373690828,9.322212792,11.22448925,0.003413791,4.12146878,16.38954582,0.12090044,0.015595859
160_271_61,9,17.36195875,12.99240148,2118.059257,6.876596595,2215.099229,1921.139131,6706.273026,21903.85,33.21147832,91.25832758,0.167910049,0.599850675,7.828025186,37.6261626,0.006606043,3.046301148,13.48691541,0.167257297,0.006254621
160_271_62,9,18.23329313,10.35227657,2122.143714,5.221695123,2047.960835,1450.496742,6929.981442,18442.17637,31.92480411,45.86355767,0.135870204,0.668556984,8.712490171,15.4263278,0.004142608,2.305273224,9.373907616,0.249485066,0.002846077
160_271_63,9,21.69576044,21.74626159,1846.80202,5.041110904,3385.927112,1994.60659,11492.7324,12517.16026,28.51356204,21.76309495,0.079049035,0.467246374,12.30718419,14.12670162,0.007100156,6.039915496,6.590580309,0.250290118,0.002627498
160_271_64,9,20.99021813,9.479573318,1830.313061,47.87102578,2019.963007,1137.386722,5263.395209,22532.76613,107.7488085,82.93309618,0.281032694,1.112154587,7.944634898,15.27716299,0.019226976,3.109593078,13.67328179,0.154078548,0.027331134
160_271_65,9,17.30375046,9.949559044,2280.828639,3.956507627,2786.160167,1212.357269,9273.250039,13691.22354,24.35768041,26.23612596,0.084818841,0.358217014,10.06327187,12.89220875,0.003239458,5.869914151,9.478125597,0.260437005,0.006704332
160_271_67,9,9.653609957,18.29358347,866.3451967,1.88402685,681.6911134,226.1012805,4615.108583,4671.557873,8.265856171,9.573434295,0.068618269,0.358193738,2.865274479,15.76227412,0.002962668,2.446546847,2.640039577,0.026555002,0.00400923
160_271_68,9,16.80829741,232.059267,2327.373319,13.17122255,3056.078509,2322.416145,10941.79672,15644.61585,42.11318905,83.1942465,0.228423018,0.813667529,10.12349973,33.79490372,0.009175687,4.405257444,12.8736716,0.197264335,0.010459246
160_271_69,9,24.6398032,5.64836289,2172.247676,3.691377431,1940.461448,1212.371334,6330.439871,22022.85601,27.26695615,34.73993477,0.136304759,0.614377179,9.157231774,33.0274552,0.003768932,2.646578979,13.67714366,0.176503821,0.101836916
160_271_70,9,14.29791797,18.31940695,1545.430893,42.09165527,2521.617207,1326.94009,7451.844618,7402.421615,109.2176703,23.44846061,0.380759525,1.317614336,12.49763922,9.768269734,0.020345072,8.280137151,2.978123229,0.214555786,0.006761413
160_271_71,9,17.09984686,8.371288642,2016.437174,5.684212587,2067.636587,1530.786888,6486.378446,22655.76327,32.97451697,44.33957525,0.097428423,0.948642112,9.541552967,11.87137457,0.007150281,3.018331936,14.11950364,0.151852597,0.002442945
160_271_72,9,26.26630264,8.714702943,2048.913857,6.354375227,2098.334264,1275.205209,6850.439363,23917.49152,39.14594493,69.91369899,0.152665862,0.651263354,9.604853021,26.68842175,0.010236934,3.421782154,13.30101197,0.143055176,0.005256326
160_271_73,9,15.86769888,9.393342463,3266.755054,14.1529969,1929.932311,1029.712323,5952.819769,21681.04111,48.09013817,43.91942696,0.152591796,0.719160642,7.178170997,23.557054,0.020780074,3.937793835,13.31548999,0.125481815,0.005285972
160_271_74,9,18.71659626,15.07348077,2574.485146,4.173116444,2131.536024,1818.372961,11117.23151,12033.44298,24.85693703,26.98972291,0.124308489,0.499418102,9.014418148,14.43814026,0.007081212,6.02929132,12.15231474,0.124591839,0.009338488
160_271_76,9,26.56312871,13.78933373,3779.151756,5.628746165,2246.135226,1440.733034,6812.256195,24841.95381,35.43159579,50.61124331,0.132493351,0.559657031,7.953870903,16.26677181,0.005704322,6.72975298,18.05804057,0.10757099,0.008234403
160_271_77,9,20.9195141,7.149487179,2557.82006,3.539761809,2160.616375,1340.358911,6980.89245,23395.89244,32.17988935,34.38779617,0.059712078,0.47015351,8.610901141,12.61499723,0.004654488,3.542595069,16.06917228,0.24168586,0.005491996
160_271_78,9,18.21884372,9.874111615,1981.445105,6.746725183,1767.050606,959.8341614,5798.866797,20417.82584,33.8520027,60.63983185,0.098396769,0.63800994,7.029802735,9.79212354,0.004239936,3.457783268,11.52803182,0.091040181,0.005115237
160_271_79,9,31.95510285,11.13006852,2798.923867,3.910058147,1844.317359,1389.518182,5328.51931,26267.09217,29.79080201,53.42335214,0.083200235,0.591991158,10.00866151,10.5968781,0.005802222,4.252615879,15.7275064,0.126804827,0.003949413
160_271_80,9,17.55148241,6.265188239,1682.286438,2.984960807,2655.220674,1249.016427,7551.448998,14624.67939,25.63520774,23.78918091,0.12055579,0.390303288,8.948498535,21.8914469,0.005518564,4.38787146,8.957080203,0.212234828,0.003982263
160_271_82,9,15.78412782,11.71180403,1694.77308,3.187883841,2329.502983,1340.995264,8098.030816,9312.577815,25.42914081,22.72670639,0.096182941,0.332139886,10.45361002,12.30678184,0.004562663,6.536724761,5.28272484,0.167967594,0.01315996
160_271_83,9,17.86541748,13.6270797,2709.362127,6.474782419,2317.152945,2029.376075,10878.9119,13636.12832,27.90745852,31.79186794,0.135704375,0.555061803,10.07731824,21.46331476,0.004650579,7.793941214,11.44552781,0.152259114,0.009285168
160_271_84,9,19.73455147,13.00660321,2251.996242,7.589266835,2300.561582,1339.02832,5969.45974,20161.10931,33.38533241,159.1297361,0.225557647,0.960148725,8.388750546,19.84398398,0.005574818,4.271421303,10.92483052,0.13589455,0.006870849
160_271_85,9,21.47061828,8.731930807,2201.109742,5.792983124,2588.597133,1501.288648,7479.07865,21169.92632,33.13162525,30.21362892,0.067272478,0.565812922,10.88030508,12.95059824,0.003906712,7.249500324,13.34411258,0.181029043,0.006158967
160_271_86,9,25.43574255,6.870666494,2801.022345,4.754383117,1888.500077,1058.836554,5617.897567,24673.25644,26.65277211,39.41003332,0.091166886,0.450387769,7.502405809,19.18316957,0.007158571,2.885179118,15.57798497,0.197620784,0.005470821
160_271_87,9,23.0884589,8.598802583,3053.439542,10.66625969,1579.748958,1152.999193,4612.939944,20656.16786,39.59429288,58.35973956,0.123241849,0.811587924,8.02215102,13.51005423,0.006446854,4.005480831,11.53918349,0.092059871,0.005128751
160_271_88,9,14.70080972,10.5516805,1495.959593,4.701854495,2488.688933,1188.340276,12028.06375,8506.695238,22.36879275,15.5727522,0.063701176,0.312967086,9.436093725,13.09253445,0.004182628,8.190337078,4.30001283,0.156636783,0.00266328
160_271_89,9,16.45801903,11.76310672,2069.813601,3.271404114,2333.667716,1232.867877,7664.438707,15937.08507,21.220686,20.52410752,0.263375828,0.571443768,8.811662634,55.75454164,0.002796012,5.460919213,9.993613778,0.141647536,0.006644066
160_271_90,9,12.61551692,7.390215965,1924.959741,3.506030981,2474.209836,1203.964957,7997.092963,13499.15466,22.62353985,20.91256503,0.061198875,0.361586263,10.62635445,10.32545584,0.002618478,4.793282493,7.331699435,0.202069325,0.002148347
160_271_91,9,14.65696551,8.696770325,2297.610966,4.802719334,2888.162986,1262.831436,8563.00123,17197.87689,29.26690372,39.92452907,0.101379631,0.254076987,10.42874914,15.32844446,0.00552546,4.314733379,12.32807306,0.200777256,0.002998688
160_271_92,9,14.16803761,11.11529431,1652.766561,2.896234375,2819.447497,1163.765909,11286.40771,9800.624172,20.61924026,25.57564984,0.065843436,0.303371689,10.8501455,17.83836278,0.001989793,5.842563166,5.494436737,0.141195428,0.014335498
160_271_93,9,16.40856054,7.909496986,2093.098174,4.784634477,1749.474721,895.6413556,6832.053435,13416.37599,26.53520813,23.89223713,0.106835872,0.305192774,6.531565081,27.26134964,0.005786478,4.906620656,8.920459205,0.099540033,0.004368497
160_271_94,9,18.30407052,8.668798087,1812.307351,4.426368698,2910.480062,1515.530872,8329.236834,16948.64148,27.97714444,40.691676,0.083235055,0.712711407,12.51328723,24.12704557,0.003247032,3.788355835,9.301828795,0.218114374,0.00373333
160_271_95,9,14.54129679,5.33800623,1784.806556,3.177821825,2198.063445,937.8686754,7156.800316,17584.87302,24.92108878,34.69119454,0.054438395,0.266971618,9.722961324,9.818700937,0.003192667,4.350786644,11.14379559,0.156003392,0.004712212
160_271_96,9,15.33109839,7.088199538,2247.058361,3.503261042,2575.12366,1109.318683,8012.983777,14091.51963,23.23010668,24.47899986,0.087386701,0.342726509,9.687844615,24.61474222,0.01806939,5.409248972,9.051940476,0.166234923,0.005314242
160_271_97,9,20.51254385,9.929426887,2059.156058,3.82351231,2032.976699,1278.766662,6142.163291,20364.10851,30.2784263,47.93143826,0.078977965,0.439710481,8.606777368,15.07223825,0.032061363,3.91752561,12.45262956,0.161509289,0.003012962
160_271_98,9,21.61321448,5.838768791,3493.685014,16.69214294,3192.969782,1087.894053,6352.626644,25738.51212,56.56095733,58.28731004,0.182681485,0.640157827,9.8961868,15.69525322,0.01718276,3.408263964,18.71635494,0.17843758,0.009240832
160_271_99,9,19.76891272,10.97257222,2750.464569,2.696763047,2901.05759,1165.364805,10140.53822,14811.98667,21.72289878,23.00078004,0.121944152,0.388690998,8.528681136,14.93067803,0.004829637,7.317153741,12.77926417,0.119256788,0.00960536
160_271_100,9,18.42688234,11.0524267,2418.830621,3.346357503,1971.383172,599.3909829,6047.92414,14807.21003,24.47140496,25.18441011,0.126978851,0.48202871,8.45504422,22.97116182,0.005684673,6.496376047,9.066954226,0.116083832,0.00900515
160_271_101,9,19.41870486,17.90053389,2164.489148,4.26765129,2510.331982,997.8976305,9151.757266,13073.88654,28.75145941,19.04063217,0.097144451,0.390610706,9.368113921,28.33929845,0.005070807,11.93515835,8.416099432,0.136676181,0.01278868
160_271_102,9,34.03846361,9.610765764,2899.687647,3.628026199,2485.506621,1565.928127,6461.287322,24922.98459,29.56818615,39.71944123,0.068492017,0.499388639,10.74813615,13.22774692,0.004843498,5.252479039,16.32878581,0.136535516,0.009241259
160_271_103,9,14.10320456,7.900498541,1868.778319,2.319624824,2959.114018,1521.132013,12610.27107,8730.711386,17.12092911,17.14433229,0.055189109,0.237066467,9.979768347,11.58847939,0.001893223,8.458452784,4.395437198,0.162530145,0.004805814
160_271_104,9,14.59566729,9.558536515,1726.509834,2.888594704,2547.283229,1110.892538,9549.27197,11010.83486,19.25610504,15.89814873,0.159250574,0.455279823,9.558393903,28.34340152,0.001915496,11.50645093,9.005943412,0.10986015,0.008232438
160_271_105,9,22.16445274,16.5549873,2891.321125,3.471198478,2704.015552,1438.573531,8815.661835,18043.49358,24.63660822,25.94797284,0.112145406,0.487476597,11.69482839,16.02164792,0.00268032,7.680650673,14.34848588,0.140956327,0.015691765
160_271_106,9,13.13583824,10.64064413,1939.219143,2.839540217,2952.673066,1625.189811,12813.08472,9491.558134,19.15862852,16.71851691,0.116387357,0.378843408,11.35125481,18.63938728,0.00176462,9.847324219,7.180662491,0.149512021,0.004499523
160_271_107,9,23.12970998,11.16849903,2896.450411,3.631450553,2767.792584,1574.577173,7591.057316,19999.87608,28.62819177,29.17583867,0.085512898,0.468017348,9.872780868,15.82191107,0.003451448,5.04606134,14.82956627,0.122614373,0.007831449
160_271_108,9,17.93170497,12.41613457,2388.787656,3.063870582,3133.929921,1801.42114,8955.937911,15404.95732,26.45566518,26.19945496,0.096094309,0.387441493,10.76371232,22.28840106,0.002904985,8.206306427,10.75692957,0.148455578,0.005415611
160_271_109,9,24.89793443,10.43983008,2995.477239,10.10014985,2237.540021,1571.229884,5712.84149,26557.37849,45.43077982,79.75166817,0.113131737,0.663038098,9.276699344,12.1112629,0.005207731,3.278922305,17.354816,0.097913349,0.004559495
160_271_110,9,32.43682791,13.3946891,3351.038547,3.625461715,2611.979227,949.677664,6353.722564,21986.48343,26.2648323,33.89378145,0.12962185,0.592165122,8.6843114,19.49503192,0.00603451,4.270767083,16.90090566,0.151985455,0.012194253
160_271_112,9,22.54975088,16.27092564,2912.74528,4.210699683,2802.344317,2719.307666,11317.46672,16850.55865,30.4381135,25.28346255,0.108848037,0.484501555,12.38696718,24.45799437,0.004921748,6.085139146,15.62073823,0.17913264,0.008955436
160_271_113,9,21.48964502,4.244629987,2197.761507,5.148156519,1901.564226,978.4137407,7501.976075,17913.39264,49.63893697,42.28311857,0.114603054,0.551862735,8.745604651,11.56988083,0.009429542,7.275858493,10.40092521,0.127321655,0.004543791
160_271_113,9,21.94906566,13.19202145,3390.370765,7.449842748,2196.770207,967.2372706,5769.049321,23312.41007,34.26423855,46.7190364,0.115014497,0.462330458,8.27543681,21.27062899,0.004072451,3.255845843,16.5584256,0.109662256,0.012123961
160_271_114,9,16.19640476,8.897291381,2295.955699,3.81515036,2119.570122,1324.712384,7276.456489,16002.6891,47.59062952,29.26042196,0.061019435,0.394044642,8.683659836,11.11111025,0.005441119,4.731944273,9.977527881,0.14009893,0.002845564
160_271_115,9,24.32520155,13.3610322,2499.523159,5.038515627,2803.271047,1135.436007,8823.746106,20841.04616,27.70691723,33.94433317,0.129973373,0.481613386,11.22160864,14.32985224,0.007042251,5.704926844,15.19642728,0.177650084,0.009726684
160_271_116,9,19.41578432,8.820336809,3379.938158,4.461392281,2494.810686,1191.774845,7521.636884,22221.22611,27.12795079,31.99442199,0.123942923,0.458869048,9.757613342,31.3514576,0.00403481,4.360408741,14.87399054,0.183001243,0.002450626
160_271_117,9,15.3589671,15.58837448,1632.272979,3.221195847,2648.712019,1940.77699,8403.351344,10017.7213,23.92996185,24.5649116,0.068007207,0.304575696,9.147222414,15.62421656,0.002790056,7.148671327,5.55976749,0.179953147,0.001372224
160_271_118,9,19.92722708,11.32705591,3365.648728,3.075663735,3085.834027,1653.803856,6695.064305,19522.16819,25.46490215,21.86432833,0.086709371,0.286568185,9.184106717,17.64259856,0.00507563,5.346461183,14.64997718,0.144738887,0.005098898
160_271_119,9,23.52211729,12.41233059,2763.541353,3.816135526,2584.364669,1545.790349,6675.867012,23741.47858,32.18881171,61.05749269,0.076549226,0.411845076,9.586713739,14.01358931,0.018631157,4.758781724,16.97888846,0.134123506,0.011104475
160_271_120,9,15.87957214,18.01303053,1764.775042,2.903738624,2523.027368,1372.853149,9506.167343,11486.64458,23.69615845,18.23905666,0.097558224,0.348016709,9.184117545,13.73207836,0.007673511,8.106056411,6.787757034,0.153447975,0.00545634
160_271_121,9,17.07593547,9.629240156,2228.806008,4.123021096,2108.990034,963.4942972,6923.814289,17038.24091,27.2847854,25.39713047,0.091505825,0.388458551,8.327044579,18.87792308,0.004654102,4.488401811,10.51246693,0.140577403,0.002264816
160_271_122,9,18.96695739,11.8618753,3082.289701,7.687333041,2108.872035,1000.670538,6791.416911,17841.61486,33.94706048,69.33968038,0.134954255,0.621059321,7.594453475,14.78068172,0.00716478,4.472865794,12.3421433,0.115713074,0.007075478
160_271_123,9,13.0400441,10.8440225,1618.220581,2.563166222,2346.809501,1402.073836,7872.018835,9541.665795,20.45185606,15.93780635,0.082403194,0.347820774,8.141917328,14.87039027,0.00135007,6.624135728,4.927266442,0.167976211,0.007756218
160_271_124,9,14.71524813,14.07330999,2345.743421,5.642775223,2179.787207,1203.96504,6236.702746,14356.41956,26.26389986,28.05756545,0.120828324,0.336740234,7.64700615,15.03928427,0.003449914,7.15884384,8.925453264,0.13998989,0.004361153
160_271_125,9,15.55549666,12.31996527,1888.362042,2.422882819,2765.604116,1319.725222,10067.95899,9713.245619,19.13988969,15.53590519,0.096648996,0.207193822,11.7825562,16.07398706,0.002484792,9.105642254,7.421166805,0.180140814,0.004647677
160_271_126,9,20.38838675,13.25191258,2372.182658,3.014498025,3082.111281,1342.574784,13349.47006,13286.11578,21.10548721,20.96598981,0.097932736,0.36033022,14.23775361,14.67245807,0.00179562,15.16536342,10.12477515,0.145492006,0.003568566
160_271_127,9,19.45440132,7.907694754,2451.236395,3.177834048,1966.56033,1238.003081,7043.183456,13777.69757,22.03603077,28.43037046,0.131383267,0.47082301,7.884282342,12.87347841,0.003595664,10.51242333,10.66952631,0.086161909,0.003656149
160_271_128,9,18.03713268,7.656345172,2751.67076,3.478018793,2114.260993,1369.150942,6218.007088,17033.55858,26.75738783,22.85013116,0.060003027,0.428067056,7.9581008,11.44014252,0.004507212,4.59883749,10.87059689,0.132835919,0.003465316
160_271_130,9,15.50797716,7.508379528,1907.716449,3.174243973,1950.255123,1484.342735,8794.73659,11063.9313,23.92759305,27.39590551,0.113560921,0.405907834,7.735152465,17.42865088,0.004547837,7.84689954,7.880487289,0.114189324,0.003872484
160_271_131,9,17.7233193,9.80659306,2614.784608,3.038308928,2208.577198,1479.138113,7250.075056,14244.95266,24.57323818,28.70321774,0.117225068,0.480954977,8.564303477,9.925452986,0.002810384,10.16964826,9.544939328,0.099116819,0.004160388
160_271_132,9,15.88783012,7.3848038,2374.827161,2.486576171,2551.256984,1538.65912,8536.001949,13351.04569,20.10701805,24.55664638,0.105175221,0.416156772,9.135274636,14.74478788,0.004350112,8.078923764,8.65470714,0.12463023,0.004045821
160_271_133,9,14.35243171,8.553044788,1883.642386,4.416488544,2108.337054,1141.915773,7349.333741,11471.7966,24.58726249,22.25067486,0.106652898,0.325830726,9.319036493,10.99926807,0.00361546,6.450989512,6.340137588,0.126470286,0.002779639
160_271_134,9,18.30899467,10.20959825,2287.044967,3.527377217,2254.041345,1408.099833,7191.881271,15051.75379,24.24527854,29.72701648,0.141851216,0.373356626,9.035842568,21.30959204,0.004925396,7.5504021,10.71085415,0.100114399,0.006513861
160_271_135,9,19.25519245,13.2078818,3235.565906,3.165684856,2730.370812,1187.077114,7403.673518,22701.74521,23.96606112,35.06749753,0.099654296,0.53342846,9.443879807,24.68983834,0.003063352,6.193773687,16.21645857,0.144741143,0.013592775
160_271_136,9,16.69690686,18.12052864,1971.228535,2.589982148,2451.679339,1239.79232,8606.473239,9890.041252,20.90743503,21.38816609,0.13025484,0.403303934,10.44966249,17.58295208,0.002019084,11.13111303,6.26594607,0.115403609,0.033385966
160_271_137,9,18.34330881,18.84910992,1970.732016,2.891889254,2504.575547,1110.136497,7473.36503,9002.571015,19.6139293,23.68906718,0.15619488,0.365921893,9.606136677,12.10498876,0.002095508,14.2126743,5.388771371,0.150258408,0.009319417
160_271_138,9,12.67754819,13.61131304,2031.974763,6.765833759,2620.827522,1295.627241,10815.0065,10996.27501,25.37396889,35.41422416,0.10369312,0.385942924,8.386859597,17.93050207,0.004684342,6.210049543,10.00099887,0.232433806,0.003100282
160_271_139,9,13.25330885,16.49328131,1880.336495,4.846465776,2014.756904,979.4058303,7259.713009,13461.73197,32.34252757,33.11641523,0.105301884,0.484708222,7.731465026,17.64598202,0.003225326,6.09640663,6.682144311,0.179896323,0.005717223
160_271_140,9,14.25349596,11.58985836,1798.822751,4.201915805,1846.294905,840.6017231,6319.959931,14350.44797,21.35260047,26.68572669,0.072664722,0.371862097,7.466279219,15.83821352,0.004236943,3.729823849,9.142676193,0.161012043,0.00485476
160_271_141,9,16.54966945,12.64806465,2090.362421,4.551859241,2007.137251,1119.536207,7193.505912,15647.62972,31.43548841,44.27696439,0.122489454,0.444353872,8.097390845,14.43072409,0.017522175,8.149798308,9.822502161,0.117887416,0.003548325
160_271_143,9,18.46100861,12.37577015,2084.73494,2.428833319,2125.464821,1051.164694,7834.673888,10484.48136,20.15322765,22.46180894,0.082657638,0.309358809,7.516001202,10.96460051,0.004863312,8.374399488,6.588919019,0.145992408,0.391176413
160_271_144,9,14.67750112,4.190359772,1819.670464,3.968766313,1829.347163,1061.411855,6105.853053,14728.52038,32.82898802,30.27482883,0.084975342,0.578260763,7.498290747,17.65165616,0.004687339,4.298993068,7.882371504,0.11670031,0.000528499
160_271_145,9,16.15175398,8.532097453,1852.372845,4.549112482,1501.813446,554.6469712,6145.460547,14865.18156,32.55952577,53.96538641,0.129429435,0.742845614,7.592533066,14.42895843,0.00569839,6.198019512,7.61338892,0.11132779,0.003563637
160_271_146,9,16.40716948,8.768604183,1852.094094,2.63405906,2583.341073,1357.489337,8581.074042,14267.37188,20.98667259,25.00401133,0.087172312,0.383879905,9.603194956,11.84216592,0.001759726,10.38265183,7.611115345,0.207880466,0.003417271
160_271_147,9,16.36197646,8.265073686,2260.522931,3.217225087,2171.237,879.1516024,9468.987804,12617.10314,26.87630804,20.69355927,0.096693927,0.394973314,8.336689457,9.951086884,0.0036423,18.41929816,8.935187929,0.115279508,0.002196163
160_271_148,9,14.97787163,5.901358268,1688.293095,3.057505389,1934.248799,1072.365369,6787.632428,14023.88019,23.71206852,22.82302062,0.083018255,0.631513939,7.171191307,20.68410102,0.003434373,4.269206161,7.023649647,0.18460573,0.0044365
160_271_149,9,17.86855951,5.336850637,2026.639556,2.696344823,1875.190092,1300.619084,6074.989111,13521.59583,23.60212879,20.41940764,0.140828732,0.491794138,7.94703586,16.47552982,0.002546525,6.699568199,6.624474514,0.117674285,0.004902275
160_271_150,9,25.89288308,17.11607334,3012.060461,3.409076549,2813.928879,1323.869785,9450.639467,18117.61322,26.23274916,27.80805846,0.127978483,0.555227681,10.07549976,22.14557074,0.00343888,8.149231261,12.74242382,0.159557564,0.00945081
160_271_151,9,24.62446292,11.89717535,2589.455374,3.966957203,2340.23546,1284.26013,7842.297204,16119.50612,27.26701985,32.35871724,0.12392126,0.613903604,10.06339277,10.79537996,0.004615623,5.007611388,10.17024705,0.160240312,0.008291802
160_271_152,9,18.34897363,10.40484387,2411.409185,5.52243385,1940.718156,910.8401154,7198.757336,16495.47655,30.70502748,24.9028809,0.107904423,0.542721666,7.164186338,15.1372259,0.005692597,3.243789002,9.388925334,0.17926522,0.003252464
160_271_153,9,15.78276841,10.05296488,2066.04133,2.499563212,2286.492929,1218.147382,7521.378835,11778.33956,22.22249578,18.08385424,0.099898218,0.419422267,8.086246175,11.68438163,0.003283033,8.47433224,8.115857295,0.133530204,0.00165095
160_271_154,9,15.72210096,14.12561353,1706.160081,3.085190903,2143.551192,1032.894941,7873.922782,10165.77003,27.02937093,23.64888512,0.073492942,0.389040308,8.234598762,8.118991264,0.004098927,5.448181712,5.628233157,0.109779126,0.001641671
160_271_155,9,18.16516655,9.225509321,2070.135509,6.158906858,1961.92547,893.7246041,7193.712273,16936.40837,37.9377205,43.32109891,0.097902764,0.657959067,7.792413385,11.66179015,0.006494102,5.60014029,9.342196138,0.139446762,0.003529662
160_271_156,9,14.33957642,15.73147042,1528.19073,4.328982306,2537.282911,873.565109,8950.147382,7946.337124,23.94459069,17.01129454,0.076133436,0.282494093,8.203799716,13.87087935,0.003761996,11.38867955,4.34709773,0.143025609,0.001763481
160_271_157,9,14.08153104,20.17747753,1271.099589,3.089241018,2577.250554,1315.618227,7999.363649,9763.062886,21.12484514,19.86151944,0.087013413,0.388315909,8.665935536,20.83881983,0.003362325,7.710353037,4.500437026,0.197769452,0.006294892
160_271_158,9,15.59196782,17.11195407,1745.690895,2.862161026,2341.487563,1219.969938,8182.313019,10537.48277,22.03048942,20.78641203,0.15201873,0.33556942,7.691034755,20.17305779,0.003894954,6.647333798,6.353266409,0.144747716,0.006782901
160_271_159,9,20.17916333,12.64683186,2824.678493,2.685452981,2965.201445,1692.967404,13399.0769,13443.87493,21.6810793,19.82713474,0.1251426,0.308444215,11.59137501,26.2750171,0.004294126,10.28319996,12.3191123,0.193680307,0.007997121
160_271_160,9,14.77186225,11.10091121,2216.760514,16.46410513,1753.556017,799.1427005,6390.201897,15322.7274,65.92592154,30.98579441,0.147844449,0.490644126,6.991733649,19.85361034,0.011312332,4.100127825,8.449430596,0.122107817,0.005261728
160_271_161,9,14.53139722,5.34286809,1900.035879,3.313702573,1899.770217,1016.13669,6881.246109,15700.98661,27.51746809,32.24751774,0.16338121,0.48083979,7.246151681,26.91556114,0.004176717,4.176231761,8.684672042,0.141688598,0.002795408
160_271_162,9,13.57742296,6.084082821,2026.374043,3.24747685,1794.690518,1301.531459,8231.221415,8238.324983,24.54498115,24.33190608,0.108550588,0.398536208,6.846920037,11.29227093,0.003287631,5.621956463,4.869555765,0.180542649,0.001733784
160_271_164,9,14.2920196,11.17400099,1885.523278,2.865202743,2151.674023,710.1309435,7757.664598,12356.64745,23.7124715,24.89139089,0.096614302,0.397108874,7.920614755,15.05374575,0.004994282,5.85282352,6.270497338,0.174873465,0.004891983
160_271_165,9,22.31975228,13.62844873,2879.807624,4.210815583,2102.565597,1271.32101,6830.196294,18130.94955,31.51125197,67.9092823,0.162868246,0.506327306,8.739050644,18.1879372,0.014273814,4.916477842,12.26789549,0.120650369,0.006386656
160_271_166,9,21.88798987,6.774787453,2317.388747,2.429670179,2740.219964,1282.588518,9368.005022,17220.08946,25.67432466,28.93068447,0.097542169,0.538411753,11.50492893,10.83746423,0.00677522,8.545315177,11.3647781,0.149254059,0.006401583
160_271_167,9,20.29269409,11.82117021,2152.80362,3.371232027,2442.101236,1121.921913,7207.794897,14688.37798,24.90845739,28.65029713,0.10784638,0.430669805,8.970424317,12.59795709,0.006099393,6.352566854,9.483733236,0.11769532,0.00327222
160_271_168,9,20.47813245,10.75675858,3460.932993,3.13833754,2535.996824,822.3467575,8171.280772,16042.99161,16.30153692,42.97557993,0.139638547,0.321565148,8.604907,21.90346552,0.003701233,6.558207969,14.0581919,0.155328111,0.006873139
160_271_169,9,22.74270574,15.91619961,2351.421826,3.564782214,2800.69787,1402.530547,8934.498542,13779.64305,23.89979371,27.30695785,0.153781746,0.410401816,9.777019425,19.30006123,0.003971663,7.35055571,8.723524892,0.231076751,0.019087537
160_271_170,9,21.72834551,12.2878917,2264.809657,5.569261991,2676.242872,1582.33116,8357.484771,18638.61853,31.81569629,41.74570048,0.076980808,0.500548505,10.21734614,14.19878985,0.004639151,5.691836442,12.33096255,0.224989364,0.002117061
160_271_172,9,16.26447937,11.94487746,1817.124367,2.730457158,2159.261682,762.0039719,7977.131387,11025.60797,29.78002627,27.53305564,0.111959435,0.484968832,7.910351528,7.940699054,0.004030326,7.7903288,7.203125101,0.127429018,0.00474709
160_271_173,9,13.51578815,11.61473226,2230.123422,3.080824583,1989.5929,1127.347055,6617.467678,13270.20795,21.56323988,22.70744112,0.078805706,0.311325187,8.577565177,9.255862838,0.002702618,5.128835612,8.105234537,0.146208392,0.00253727
160_271_174,9,30.12721087,14.92211888,2584.055855,4.784480079,2064.887882,1784.516255,6847.641039,26339.75167,35.36464302,53.32829777,0.07625568,0.449837497,9.434796272,11.82050524,0.006061505,4.44769295,17.14634506,0.134998704,0.005572019
160_271_175,9,21.7959855,20.53890609,2211.00348,5.101703632,2852.630684,1473.046506,7979.453505,15390.32896,38.34500536,23.67151143,0.140567121,0.486769014,11.61663678,33.75596038,0.006150016,8.507083737,9.375570258,0.137830509,0.007635421
160_271_176,9,22.06472139,7.024351598,2173.13028,2.633391189,2421.821731,1873.209727,9228.450721,13480.9651,31.75477669,43.88289949,0.086580159,0.478688925,9.474854354,10.50263302,0.003353831,8.202120176,11.1981963,0.193355515,0.004974302
160_271_177,9,14.49746184,16.14573939,1880.543719,3.163706084,2887.158229,1815.751747,13475.91751,10169.0179,29.81251645,28.82612238,0.090841455,0.519265784,10.86056767,14.37236939,0.003847328,8.754724736,7.360430698,0.152798075,0.002968642
160_271_178,9,14.0890046,20.72108355,2368.425243,5.764801344,2441.337088,1358.537898,9554.06875,16465.6449,27.33269784,36.21571118,0.133789686,0.500893201,10.76895591,24.18414658,0.003108535,11.42115237,10.74811477,0.127884911,0.00817315
160_271_179,9,20.55513927,10.93156966,1896.048471,5.455369745,1909.406495,1315.065794,6758.965236,17364.93446,29.30073035,38.94187352,0.094132591,0.418856453,7.100753402,11.56385113,0.003750679,7.234692735,10.80098227,0.106484126,0.002988646
160_271_180,9,26.71670864,5.778634052,2337.723229,4.681868969,1778.197581,939.8040856,5803.979834,18628.13754,33.04586311,70.25374947,0.112524337,0.890618711,8.548077131,8.9332139,0.003870814,7.603666186,11.29241894,0.073602915,0.00167964
160_271_181,9,16.11659215,6.116051073,2278.782038,7.900787031,1807.972133,1198.501493,4972.591829,24159.79617,40.26253963,49.8458906,0.119821466,0.558404708,9.146463413,22.21907861,0.00751253,3.971142022,14.6168029,0.126424037,0.002221796
160_271_182,9,16.75035392,13.24557754,2007.677222,2.137414631,2263.107342,1222.364286,7929.543507,12665.50932,25.6464654,21.358874,0.10427707,0.397713577,10.15964674,18.10938562,0.002691342,10.55326869,8.717794227,0.121616386,0.006552895
160_271_183,9,26.92639228,11.09799576,3015.150614,3.127927049,2316.832174,1522.658178,7094.103019,18792.77796,31.38520553,33.1097037,0.067183861,0.335748513,9.066682739,10.16648192,0.005757136,5.969906371,14.30683192,0.145370332,0.009231354
160_271_184,9,17.1645012,11.2719674,2011.906174,3.308984981,2559.423458,1477.551595,8835.444117,16376.52059,29.85374971,24.94766335,0.072576553,0.501215688,10.11572616,16.46818649,0.00304436,6.678904962,9.754131827,0.155489871,0.00574808
160_271_185,9,15.8410527,11.52921928,3061.698552,9.154848359,1994.080576,1120.316479,5922.867914,22875.872,40.23143534,63.42059415,0.147126444,0.711883295,7.817624071,23.75834423,0.008399132,6.271188284,14.89417824,0.110131697,0.006075683
160_271_186,9,16.01805468,16.97630764,2100.521801,13.62324947,1506.268844,740.8799663,6059.736252,16240.59734,40.7630127,59.60091811,0.168760735,0.735939422,6.519631587,12.54172452,0.008925144,5.03472159,8.789530982,0.102301609,0.008040519
160_271_187,9,13.083222,8.512956431,2462.356485,5.74405414,1932.963021,935.042819,8750.536943,14223.54358,25.70669401,86.93898997,0.187246285,0.597033238,7.619265011,21.29832077,0.00449809,6.820832441,9.720086933,0.120657891,0.003406071
160_271_188,9,16.84657947,9.517975822,2262.739782,4.929252386,2067.609323,1423.573177,9913.700737,12968.67077,23.04599844,32.15670791,0.054837865,0.941947892,8.33870803,12.7317425,0.005828005,5.386308896,10.48488228,0.164443042,0.002098946
160_271_189,9,16.59411689,13.37344778,1654.202668,3.058774733,2808.934872,1454.821458,9930.181324,7524.239956,19.81976343,19.59494459,0.088022999,0.237354812,10.97566465,13.22010061,0.017162996,19.89758709,3.271488066,0.134511952,0.005023842
160_271_190,9,16.47895702,10.25402041,1703.728305,2.573484263,2059.59216,1474.025671,7594.745916,11010.29835,19.05227202,24.30612158,0.07693907,0.248177791,7.35618905,9.564173179,0.003378064,12.20903958,5.613201712,0.135801972,0.005971116
160_271_191,9,20.64765145,8.580158923,4083.574211,11.94113457,2267.425509,1116.745834,6192.160667,21601.88318,48.0791299,53.85712822,0.146031859,0.564223817,7.459671477,20.0096472,0.012011516,6.079156393,16.53063413,0.10475511,0.007325737
160_271_192,9,27.95869686,15.09249436,3103.740503,4.940130371,2503.495141,1455.287701,9002.937684,19543.70354,29.79969353,32.74822906,0.09642888,0.457328676,10.0721739,22.94883127,0.005205291,10.98082176,13.48784023,0.161462629,0.007586945
160_271_193,9,14.4714762,12.35602128,2567.427793,4.779900258,2144.139531,968.8106914,8191.414253,15188.89648,28.06357368,29.373096,0.115011958,0.454103353,8.382351899,13.96422228,0.004813915,6.161520717,9.455462366,0.14955844,0.008365127
160_271_194,9,19.90290104,11.35589833,2420.575567,4.860798638,2310.724724,1181.341091,7485.377579,15040.75897,27.88668939,35.49451167,0.165624578,0.61657699,9.014363983,25.23684673,0.00464432,10.96017912,9.113127726,0.121080895,0.00777578
160_271_195,9,18.81348482,20.18039988,1960.298825,4.842761151,2670.844488,1738.839771,8780.412732,9514.439677,24.10828879,20.4113752,0.114667396,0.513552348,10.07354796,21.8082587,0.006371702,15.30061643,3.903578876,0.147538477,0.005277825
160_271_196,9,9.859238192,19.22101692,1386.154192,2.706384492,2350.191134,1963.233121,11677.83971,8550.786563,23.19394155,24.24758847,0.088004151,0.263770953,12.12583235,11.79577158,0.002892051,10.14115498,5.098450665,0.163523556,0.005821333
160_271_197,9,25.34740161,11.00959687,3939.654103,4.440987377,1761.724622,1502.554211,5225.274856,27855.35582,32.27327506,49.99569638,0.088306133,0.657254505,7.675290783,9.407053007,0.004597516,5.065217262,18.12301887,0.1426273,0.008706387
160_271_198,9,27.49944648,11.29570406,3489.520416,3.477370294,2142.019916,1450.837176,7813.744036,23028.23192,23.74003433,30.7043908,0.093977353,0.523998901,9.226383355,15.61621966,0.001961555,8.620082709,16.16446875,0.143330842,0.006019205
160_271_199,9,23.3297485,9.372606217,3762.315202,51.07099451,2679.338391,1296.139519,6051.022899,32675.78849,119.5669404,51.6553094,0.271042606,0.961155004,8.859715282,17.82650007,0.023548704,5.93576184,22.84632369,0.1257741,0.007683592
160_271_200,9,18.93936384,13.59094821,3570.22292,5.689152937,2074.625291,1029.395449,5724.782429,20526.02027,23.86786254,44.98165034,0.11574265,0.413839715,7.64530598,21.70112353,0.004965788,4.642394966,14.45657899,0.116375734,0.009457692
160_271_201,9,21.26393676,8.638228017,3047.566296,4.588473878,2259.752563,1256.896014,6945.132745,18828.74099,29.00005145,39.25208171,0.114926321,0.517537361,8.069380166,12.71414904,0.004326631,6.238490016,12.3761953,0.127984085,0.003756823
160_271_202,9,28.45938253,8.997573615,4315.078651,6.004444828,2499.323434,1220.012669,6563.256322,26573.44679,34.25731193,40.50911965,0.141538254,0.467388371,8.937187201,22.57758903,0.006392723,4.871486895,20.1365158,0.164233644,0.006066917
160_271_203,9,17.36617174,6.430304468,2313.924818,20.84646316,2337.776873,1916.76021,9491.730393,14714.70814,59.96382001,40.88983679,0.170414343,0.671391447,9.646469499,11.87576401,0.009882491,5.969126772,11.6019482,0.153764979,0.006948676
160_271_204,9,23.87414154,11.40498917,3380.622131,4.008174536,2434.905039,1654.132763,6908.704259,22341.92393,31.83580589,31.83374206,0.074714594,0.460287127,9.466876888,15.29146159,0.005282065,4.644592171,14.75053397,0.170588145,0.004871412
160_271_205,9,16.74391718,12.27376779,2380.375591,3.621363248,2678.211206,1248.904469,9601.55644,16032.84748,23.94989587,36.26758026,0.06373613,0.532999565,11.67068814,12.83958709,0.00367061,8.905819912,10.47547874,0.177665395,0.011145802
160_271_206,9,18.01797004,7.915916011,2214.786381,2.63986725,2011.545178,1540.109747,6548.8805,22854.23899,26.90007985,37.23072932,0.069392498,0.348495516,8.190884533,10.97259953,0.005025468,2.733252083,14.59243831,0.291392622,0.006762048
160_271_207,9,16.04153614,13.65297765,2044.649906,3.477083112,2259.464106,2174.967911,10415.70321,8613.494089,31.34579588,25.83685318,0.073101473,0.435976337,8.486343565,11.49167943,0.004730008,9.3838804,6.132379791,0.195313364,0.022947273
160_271_208,9,13.62873641,21.90161687,1762.030361,1.497846126,3187.108293,2008.103594,13107.19204,10253.43998,18.24123688,20.10457751,0.07328695,0.217425373,10.1821249,29.37169866,0.002256751,10.49550971,5.910303231,0.263772886,0.004826166
160_271_209,9,27.31205738,8.787553322,2664.515053,4.392789792,2075.403352,933.4309034,5642.651316,28467.94752,25.88036967,55.44667195,0.07727397,0.526332585,8.340593771,9.795806574,0.003832518,3.052867999,18.72480335,0.150670495,0.005330308
160_271_210,9,18.67892386,7.951339298,2633.997658,3.134763642,2163.69216,1197.150009,6230.522465,23481.78861,26.70413668,39.17217794,0.04964185,0.442624069,8.186747397,9.445370025,0.003089007,4.105727043,15.04147811,0.225245967,0.003878346
160_271_211,9,20.13172465,14.82305989,2596.950477,6.002020985,2091.573637,1060.29638,8175.235115,18929.36599,30.88581952,57.66688983,0.121793313,0.810174988,9.716409917,13.27504075,0.011491924,8.971772755,11.31233664,0.104918464,0.004453221
160_271_212,9,16.50717371,12.15388116,1982.235785,3.945778233,2245.715037,1417.232079,7656.028601,12247.52057,23.66683218,33.7282071,0.14686944,0.466691233,8.561552081,11.49450268,0.004893402,9.32232547,6.949233861,0.160061528,0.003082748
160_271_213,9,14.42915861,12.19123037,1870.832213,2.746908574,2470.232217,1392.384676,8600.736629,13996.60448,21.24665577,22.76851652,0.048029699,0.331227072,10.86072493,12.77292286,0.004994846,5.502973685,7.648692133,0.273380785,0.001593947
160_271_214,9,17.88785591,6.34161203,2589.69638,3.328060493,2799.928824,1495.669834,10404.80299,16192.73199,23.36249682,31.44815353,0.063381227,0.392742413,10.14554514,13.87364255,0.004235787,7.581741362,13.35312366,0.223217072,0.002148035
160_271_215,9,21.07517043,11.1104867,2266.027298,4.728165699,2107.783492,1225.330896,7293.067582,20896.21895,31.25954297,47.29876906,0.155502077,0.626019867,8.797245405,32.66721551,0.004745665,4.775925552,12.37905803,0.159890152,0.005613681
160_271_217,9,27.92956516,12.98201013,2429.497969,3.914683718,2625.700718,1591.966842,6465.740043,25057.91599,34.89432215,36.1535437,0.168204049,0.580787309,10.43229935,54.72056664,0.007602361,3.158964242,14.30508792,0.243200224,0.009572075
160_271_218,9,20.36498175,13.57941268,3213.057441,9.717955244,3866.863263,2093.664353,10553.60503,19019.27415,36.68809689,65.75066728,0.155437507,0.678389422,10.42713387,31.22054202,0.007648169,4.406967352,16.5941013,0.228089958,0.01058398
160_271_219,9,24.58460524,7.173821686,2770.900367,3.233150091,2356.462748,1476.204001,6830.597705,24101.51302,26.97606819,35.29986696,0.122231089,0.611741344,10.51277934,19.01291279,0.004428296,3.628104553,16.86960164,0.260532119,0.006914929
160_271_220,9,18.78195922,10.82994727,2282.670625,3.178310313,1931.755597,889.2034437,6233.550859,15609.88208,37.57323026,30.08453466,0.064357224,0.394228817,7.566998041,9.726756407,0.005942515,5.467491026,9.355240638,0.112555246,0.003938405
160_271_221,9,16.62142487,13.05142519,1992.42155,5.870452963,2411.369722,1384.061966,8961.778806,17488.39054,25.18572901,31.97815022,0.064229951,0.356183254,8.610117356,13.84309808,0.004788243,5.904990273,12.1102662,0.193822781,0.008392082
160_271_222,9,27.30802846,6.229844971,2612.113658,3.086848392,2165.07947,1427.014475,7413.839034,21046.54734,26.67701256,45.95887361,0.099893319,0.424118021,9.491467803,12.59118957,0.005195569,8.01141291,14.87384545,0.131356715,0.003404084
160_271_223,9,20.40833109,13.29220362,3108.257082,6.870545084,3040.877662,1032.895268,7406.814342,23402.19633,35.81882619,78.64613433,0.101390761,0.528871613,10.16347694,19.91276786,0.004242093,4.740372101,16.96328076,0.202024876,0.012117441
160_271_224,9,15.84538142,11.12300561,1694.876708,3.06165845,2328.581732,1226.13864,8462.007898,13840.6733,23.70483142,23.72065053,0.092371721,1.67025488,9.837588447,18.41434432,0.002508876,7.201960363,8.445890154,0.150117543,0.003030402
160_271_225,9,16.59378732,8.807990038,1958.37201,3.843991333,2813.083933,1589.929456,9130.646525,16162.13459,28.49095504,30.04272475,0.091739646,0.474638459,11.18027038,20.1883416,0.002092611,7.499447436,10.23314648,0.2621896,0.004945257
160_271_226,9,14.3962085,8.885015212,1449.400946,3.553718747,2996.244442,1326.140397,9820.407327,10152.94846,27.50801909,24.18302399,0.061448506,0.473146911,12.03509792,14.59656163,0.001981889,10.2203683,4.687716222,0.241671811,0.003516816
160_271_227,9,18.7480842,7.241536429,3346.827794,5.973386852,2508.863664,872.1684012,5575.859103,25698.73968,31.9406696,102.918999,0.123661913,0.648625262,8.696161479,17.62873571,0.005385948,3.685085975,16.47327348,0.151210131,0.005011911
160_271_230,9,27.55741213,5.646737612,3133.745701,4.148424464,2173.914833,1075.422784,6923.877402,23631.46137,33.9562186,59.97138247,0.120591594,0.481312123,7.546654022,21.09916505,0.007520596,7.250898276,16.95459735,0.104781828,0.010632258
160_271_231,9,18.27116686,6.660631565,2058.059737,1.934820146,2498.975455,1414.35,9027.711359,16838.61005,24.94343776,31.35418803,0.081795464,0.436017971,10.1434538,21.34724087,0.002030001,5.354436397,8.852954942,0.174861579,0.005173692
160_271_233,9,12.29704568,11.74799007,2708.098373,12.50189245,1543.348981,876.7754333,4467.910281,17207.84861,39.77555537,38.08244682,0.131644701,0.561453863,6.641191915,11.86851938,0.007890708,2.441251107,11.21918946,0.13051042,0.004341506
160_271_234,,20.28420686,14.34200831,2922.659485,8.406187327,2940.119265,1425.524378,7097.199258,22495.95092,38.7001642,67.46138984,0.117510837,0.609984914,10.52404459,16.14658884,0.011661274,6.959023059,16.1145954,0.143922781,0.010295072
