,MO_ID,E_ID,X22,Y22,X23,Y23,X24,Y24,X25,Y25,X26,Y26,X27,Y27,X28,Y28,X29,Y29,X30,Y30,X31,Y31,X32,Y32,X33,Y33,X34,Y34,X35,Y35,X36,Y36,X37,Y37,X38,Y38,X39,Y39,X40,Y40,X41,Y41,X42,Y42
0,MO_507_E_323.jpg,E323,6979,11826,6952,11751,6889,11724,6823,11727,7528,11911,7482,11907,7496,11859,7733,11128.666,7709,11158,7681,11115.334,7132,10069,7132,10113,7068,10095,8645,13313,10079,11585,9735,11433,10054,10449,9682,8733,9118,8781,8782,8067,7534,7077
0,MO_359_E79.jpg,E79,5402,4247,5398.5,4215.5,5342.5,4193.5,5285.833,4175.167,5658.833,4331.5,5622.833,4323.5,5640.167,4303.5,5831.167,3972.833,5807.167,3991.5,5791.5,3953.5,5469.5,3738.5,5463.5,3774.5,5418.5,3742.5,6255.5,4910.5,6909.5,4178.5,6711.5,4136.5,6939.5,3854.5,6927.5,2912.5,6603.5,3068.5,6621.5,2798.5,5583.5,2168.5
0,MO_361_E_83.jpg,E83,7114.5,12576.5,7098.5,12534.5,6974.5,12526.5,6870.5,12488.5,7971.167,12530.167,7900.5,12526.167,7921.833,12474.167,8072.5,11592.5,8049.833,11635.167,8003.167,11581.833,7050.167,10850.833,7060.833,10900.167,6975.5,10870.833,9710.5,14215.5,11399.5,12067.5,10919.5,11827.5,11175.5,10475.5,10159.5,7811.5,9263.5,8211.5,8351.5,7395.5,5679.5,7025.5
0,MO_362_E_84.jpg,E84,7292.5,10725.5,7276.5,10673.5,7442.5,10707.5,7514.5,10697.5,6861.5,10894.5,6909.5,10880.5,6875.5,10856.5,6519.5,10320.5,6546.5,10339.5,6551.5,10306.5,7039.5,9670.5,7048.5,9697.5,7080.5,9668.5,6114.5,12174.5,4690.5,11238.5,4930.5,11030.5,4411.5,10430.5,4459.5,8852.5,4909.5,8762.5,5290.5,8234.5,6274.5,6878.5
0,MO_365_E_90.jpg,E90,6128.5,12039.833,6127.167,12007.833,6243.167,12046.5,6315.167,12039.833,5737.5,12101.5,5772.5,12098.5,5747.5,12062.5,5472.5,11403.5,5485.5,11426.5,5511.5,11394.5,6179.833,10942.166,6176.5,10973.5,6221.167,10964.166,4519.5,13097.5,3751.5,11417.5,4007.5,11321.5,3911.5,10849.5,4382.5,9433.5,4802.5,9649.5,5117.5,9337.5,5729.5,8341.5
0,MO_366_E_91.jpg,E91,7022.5,11272.5,7008.5,11210.5,7114.5,11196.5,7218.5,11170.5,6425.167,11337.167,6475.833,11334.5,6458.5,11290.5,6167.167,10519.166,6196.5,10545.834,6219.167,10503.166,6949.5,9935.5,6950.5,9975.5,7011.5,9953.5,4862.5,12412.5,3614.5,10908.5,4118.5,10756.5,3608.5,9976.5,4068.5,7896.5,4700.5,8200.5,5126.5,7612.5,6146.5,5782.5
0,MO_368_E93.jpg,E93,6052.5,11079.5,6062.5,11047.5,6120.5,11039.5,6172.5,11043.5,5694.5,11039.5,5734.5,11047.5,5720.5,11009.5,5668.5,10501.5,5680.5,10529.5,5710.5,10505.5,6140.5,10343.5,6138.5,10391.5,6182.5,10369.5,4959.5,11683.5,4365.5,10531.5,4539.5,10429.5,4467.5,9841.5,5151.5,8947.5,5349.5,9181.5,5688.5,8879.5,6248.5,8567.5
0,MO_369_E94.jpg,E94,7776.5,12667.5,7768.5,12619.5,7552.5,12705.5,7468.5,12705.5,8415.5,12737.5,8364.5,12733.5,8395.5,12696.5,8492.5,11934.5,8465.833,11966.5,8431.167,11910.5,7556.833,11270.5,7555.5,11305.167,7488.5,11290.5,9740.5,14144.5,11024.5,12164.5,10604.5,12056.5,11036.5,11192.5,10052.5,8960.5,9380.5,9356.5,8924.5,8714.5,7100.5,7514.5
0,MO_371_E_96.jpg,E96,7764.5,10757.5,7725.5,10697.5,7806.5,10667.5,7893.5,10676.5,7086.5,10907.5,7119.5,10907.5,7104.5,10853.5,7008.5,10055.5,7023.5,10094.5,7077.5,10052.5,7779.5,9512.5,7791.5,9563.5,7845.5,9536.5,5823.5,12154.5,4599.5,10258.5,4995.5,10162.5,4743.5,9286.5,5535.5,7210.5,6087.5,7534.5,6723.5,6838.5,7263.5,5848.5
0,MO-372_E_97.jpg,E97,7574.5,9912.5,7595.5,9858.5,7538.5,9840.5,7472.5,9840.5,8057.5,9966.5,8006.5,9981.5,8033.5,9924.5,8276.5,9303.5,8267.5,9345.5,8228.5,9309.5,7794.5,8458.5,7788.5,8509.5,7734.5,8461.5,8921.5,11085.5,9989.5,9621.5,9929.5,9381.5,10265.5,8985.5,9917.5,7197.5,9425.5,7377.5,9221.5,6861.5,8453.5,5481.5
0,MO_476_E_219.jpg,E219,6001.5,11301.5,6003.5,11233.5,5931.5,11221.5,5839.5,11223.5,6496.5,11525.5,6453.833,11521.5,6476.5,11474.833,6710.5,10643.5,6690.5,10679.5,6665.5,10633.5,5875.5,10236.5,5881.5,10261.5,5820.5,10262.5,7515.5,12634.5,8602.5,10989.5,8322.5,10773.5,8554.5,10085.5,7970.5,8261.5,7330.5,8509.5,6908.5,8147.5,5506.5,7609.5
0,MO_505_E_326.jpg,E326,6727.5,10431.5,6739.5,10365.5,7108.5,10608.5,7195.5,10620.5,6174.5,10372.5,6204.5,10396.5,6216.5,10344.5,6019.5,9291.5,6032.5,9322.5,6070.5,9291.5,7261.5,8898.5,7249.5,8946.5,7317.5,8938.5,4178.5,11031.5,3710.5,9087.5,4076.5,8991.5,3980.5,8085.5,4976.5,6105.5,5690.5,6771.5,6438.5,6125.5,8289.5,5468.5
0,MO_508_E_327.jpg,E327,7488.5,11418.5,7494.5,11316.5,7596.5,11256.5,7704.5,11220.5,6921.5,11705.5,7001.5,11681.5,6961.5,11593.5,6519.5,10737.5,6559.5,10777.5,6575.5,10693.5,7539.5,9670.5,7531.5,9724.5,7611.5,9710.5,5941.5,13794.5,3557.5,11874.5,4021.5,11538.5,3371.5,10396.5,3923.5,7264.5,4871.5,7792.5,5935.5,6878.5,8095.5,5534.5
0,MO_509_E_329.jpg,E329,7117.5,12062.5,7111.5,11984.5,6811.5,11984.5,6727.5,11975.5,7788.5,12298.5,7724.5,12286.5,7756.5,12236.5,8212.5,11162.167,8180.5,11203.5,8149.833,11126.167,7002.5,10236.834,7009.167,10294.166,6935.833,10266.166,9847.5,14111.5,11059.5,11843.5,10639.5,11639.5,11047.5,10847.5,10315.5,7583.5,9631.5,8003.5,8383.5,7229.5,6207.5,5581.5
0,MO_510_E_330.jpg,E330,7613.5,10667.5,7604.5,10619.5,7685.5,10577.5,7760.5,10574.5,7048.833,10624.833,7087.5,10635.5,7074.167,10595.5,6797.5,9806.5,6816.833,9825.834,6844.833,9794.5,7611.5,9183.5,7615.5,9216.5,7681.5,9203.5,5579.5,11918.5,4427.5,10166.5,4727.5,10034.5,4427.5,9074.5,5207.5,7274.5,5807.5,7466.5,6346.5,6900.5,8199.5,5930.5
0,MO_511_E_331.jpg,E331,7539.5,10916.5,7527.5,10862.5,7317.5,10946.5,7248.5,10949.5,8187.5,10856.5,8141.5,10864.5,8151.5,10806.5,8191.5,9852.5,8185.5,9908.5,8145.5,9864.5,6947.167,9601.166,6963.167,9635.834,6895.167,9643.834,9961.5,11990.5,10731.5,9470.5,10227.5,9406.5,10187.5,8246.5,8731.5,6386.5,8235.5,7074.5,7199.5,6726.5,4879.5,6578.5
0,MO-513_E_333.jpg,E333,8037.5,11558.5,8005.5,11486.5,7885.5,11446.5,7789.5,11430.5,8781.5,11494.5,8741.5,11510.5,8729.5,11430.5,8725.5,10410.5,8725.5,10466.5,8681.5,10410.5,7504.5,9935.5,7538.5,9991.5,7448.5,9987.5,11172.5,12667.5,11651.5,10041.5,11363.5,9825.5,11519.5,8565.5,9663.5,6135.5,9183.5,7063.5,8271.5,7287.5,5407.5,5751.5
0,MO-514_E_335.jpg,E335,7309.5,11828.5,7345.5,11780.5,7245.5,11780.5,7169.5,11736.5,7799.5,11963.5,7751.5,11963.5,7775.5,11911.5,8120.5,11309.5,8102.5,11342.5,8072.5,11291.5,7415.5,10880.5,7411.5,10918.5,7359.5,10896.5,8663.5,12842.5,9723.5,11580.5,9435.5,11524.5,9739.5,10996.5,9211.5,9668.5,8827.5,9876.5,8811.5,9382.5,7503.5,8050.5
0,MO_515_E_338.jpg,E338,7226.5,11073.5,7229.5,11027.5,7152.5,10996.5,7069.5,10982.5,7722.5,11199.5,7672.5,11197.5,7694.5,11153.5,7898.5,10601.5,7862.5,10643.5,7854.5,10595.5,7345.5,9901.5,7340.167,9950.833,7294.833,9914.833,9137.5,12587.5,10283.5,11039.5,9863.5,10835.5,10167.5,10201.5,9783.5,8421.5,9255.5,8665.5,9054.5,8125.5,8293.5,6887.5
0,MO_516_E_340.jpg,E340,7552.5,10519.5,7568.5,10455.5,7204.5,10679.5,7120.5,10667.5,7948.833,10593.5,7916.833,10602.834,7932.833,10566.834,7990.167,9784.166,7986.167,9813.5,7944.833,9770.834,7129.833,9119.834,7133.833,9162.5,7081.833,9135.834,8815.5,11600.5,9703.5,10244.5,9409.5,10041.5,9613.5,8841.5,8839.5,7425.5,8407.5,7779.5,7743.5,7222.5,6559.5,6516.5
0,MO-521_E_342.jpg,E342,7554.5,10780.5,7528.5,10732.5,7458.5,10732.5,7370.5,10746.5,8117.5,10761.5,8074.5,10775.5,8089.5,10732.5,7976.167,9927.834,7970.833,9956.5,7931.5,9925.834,7011.167,9595.166,7023.833,9628.5,6974.5,9641.834,9429.5,11593.5,10085.5,9697.5,9669.5,9649.5,9673.5,8583.5,8274.5,7920.5,8112.5,7812.5,7428.5,7386.5,6121.5,6773.5
0,MO_523_E_343.jpg,E343,6618.167,10748.166,6624.833,10708.166,6571.5,10681.5,6516.833,10684.166,7058.5,10661.5,7023.5,10675.5,7018.5,10637.5,7169.833,9949.834,7157.833,9973.834,7128.5,9947.166,6467.833,9578.834,6473.167,9608.166,6427.167,9598.834,8245.5,11398.5,8760.5,9796.5,8434.5,9798.5,8629.5,8855.5,7717.5,7805.5,7399.5,8171.5,6937.5,7667.5,5604.5,6928.5
0,MO_526_E_346.jpg,E346,7477.5,13127.5,7493.5,13051.5,7605.5,13079.5,7689.5,13087.5,6908.5,12971.5,6946.5,12989.5,6950.5,12933.5,6688.833,11902.833,6702.167,11938.833,6743.5,11898.833,7713.5,11550.834,7700.167,11594.834,7777.5,11586.834,5132.5,13983.5,4268.5,11807.5,4580.5,11775.5,4492.5,10869.5,5708.5,8981.5,6308.5,9357.5,6604.5,8901.5,8348.5,8063.5
0,MO_528_E_348.jpg,E348,7012.5,13174.5,7010.5,13104.5,7240.5,13160.5,7346.5,13176.5,6107.167,13175.833,6143.167,13189.167,6139.167,13137.167,6013.5,12007.5,6038.5,12044.5,6068.5,12006.5,7393.5,11558.5,7383.5,11593.5,7454.5,11581.5,4295.5,14207.5,3215.5,11951.5,3663.5,11791.5,3591.5,10575.5,4423.5,8215.5,5215.5,8839.5,6343.5,8159.5,9092.5,7411.5
0,MO_529_E38.jpg,E351,6504,10384,6543.833,10300.167,6635.833,10248.167,6695.833,10242.833,6007.5,10619.5,6051.5,10599.5,6023.5,10575.5,5703.5,9861.5,5731.5,9889.5,5749.5,9847.5,6467.5,9040.5,6465.5,9063.5,6511,9054,5094.5,12108.5,3442.5,10694.5,3898.5,10436.5,3364.5,9368.5,4230.5,7352.5,4764.5,7724.5,5142.5,7016.5,6570.5,5666.5
0,MO_530_E350.jpg,E350,5222,11081,5223.5,11040.5,5285.5,11032.5,5329.5,11036.5,4901.833,11115.167,4936.5,11113.833,4916.5,11084.5,4900.5,10672.5,4909.833,10700.5,4941.833,10679.167,5407.167,10248.167,5403.833,10280.167,5436.5,10276.833,4252.5,11705.5,3740.5,10753.5,3908.5,10665.5,3780.5,10073.5,4244.5,8913.5,4652.5,9153.5,4852.5,8865.5,5476.5,8351.5
0,MO_531_E35.jpg,E352,7205.833,11325.166,7200.5,11286.5,7136.5,11273.166,7072.5,11266.5,7661.5,11370.834,7622.833,11376.166,7641.5,11337.5,7853.5,10765.5,7830.5,10792.5,7815.5,10758.5,7196.5,10247,7198,10275.5,7149.5,10262.5,8931.5,12484.5,9845.833,11089.5,9579.5,10915.5,9813.5,10378.5,9311.5,8652.5,8789.5,8862.5,8635.5,8474.5,7573.5,6962.5
0,MO_532_E353.jpg,E353,5898,11586,5901.833,11529.5,5948.5,11497.5,6024.5,11490.833,5347.5,11617.5,5391.5,11619.5,5371.5,11573.5,5255.5,11041.5,5291.5,11077.5,5317.5,11033.5,5866.5,10383.5,5862.5,10419.5,5912.5,10397.5,4318.5,12575.5,3422.5,11687.5,3734.5,11422.5,3404.5,10762.5,3638.5,9304.5,4130.5,9376.5,4308.5,8586.5,5346.5,7242.5
0,MO_320,E26,2856.5,4871.5,2862.5,4850.5,2945.5,4876.5,2988.5,4868.5,2639.5,4845.5,2669.5,4846.5,2658.5,4822.5,2534.5,4493.5,2547.5,4507.5,2561.5,4491.5,2889.5,4311.5,2883.5,4331.5,2918.5,4330.5,1876.5,5346.5,1518.5,4454.5,1727.5,4473.5,1589.5,4173.5,1985.5,3301.5,2197.5,3457.5,2383.5,3229.5,3219.5,2589.5
0,MO_321,E27,6086.5,10978.5,6068.5,10900.5,5962.5,10898.5,5886.5,10880.5,6752.5,11034.5,6692.5,11028.5,6714.5,10992.5,6817.5,10303.5,6787.5,10327.5,6742.5,10285.5,6253.5,9211.5,6247.5,9253.5,6187.5,9220.5,7755.5,12311.5,9030.5,10766.5,8622.5,10526.5,8958.5,9602.5,8142.5,7622.5,7932.5,7692.5,8146.5,7722.5,7330.5,5914.5
0,MO_322_E028,E28,3593,4882.5,3591,4844.5,3637,4830.5,3697,4822.5,3217,4862.5,3253,4868.5,3233,4840.5,3034,4279,3042,4298.5,3067.5,4278,3714.667,4004.833,3708.667,4032.833,3743.333,4022.833,2414,5797.5,1454,4301.5,1702,4241.5,1538,3457.5,2394,2290.5,2758,2722.5,3110,2360.5,3970,1686.5
0,MO_327,E33,6762.5,11753.5,6790.5,11661.5,6718.5,11625.5,6618.5,11649.5,7653.5,11638.5,7563.5,11650.5,7581.5,11584.5,7503.5,10798.5,7455.5,10870.5,7413.5,10816.5,6519.5,9826.5,6531.5,9886.5,6435.5,9856.5,9572.5,13247.5,10652.5,10199.5,10136.5,10139.5,10172.5,9047.5,9296.5,7139.5,8708.5,7583.5,8000.5,7079.5,6500.5,6995.5
0,MO_342,E52,7659.5,11382.5,7683.5,11312.5,7455.5,11350.5,7357.5,11352.5,8195.5,11652.5,8153.5,11654.5,8175.5,11588.5,8811.5,10555.5,8787.5,10583.5,8743.5,10519.5,7525.833,9866.833,7524.5,9925.5,7451.167,9904.167,9799.5,13547.5,11023.5,11931.5,10927.5,11403.5,11623.5,10297.5,10991.5,7461.5,10031.5,8005.5,9503.5,6921.5,6783.5,5305.5
0,MO_343,E56,6578.5,11485.5,6638.5,11446.5,6773.5,11485.5,6875.5,11461.5,5921.5,11338.5,6002.5,11368.5,5984.5,11302.5,5969.5,10543.5,5987.5,10591.5,6047.5,10552.5,6812.5,9922.5,6812.5,9979.5,6902.5,9949.5,4223.5,12928.5,3413.5,10924.5,3371.5,10429.5,3194.5,9352.5,4052.5,6832.5,4664.5,7192.5,5739.5,6799.5,8435.5,6191.5
0,MO_344,E57,5521.5,11265.5,5523.5,11211.5,5479.5,11195.5,5423.5,11199.5,5969.5,11381.5,5933.5,11381.5,5945.5,11349.5,6057.5,10813.5,6033.5,10841.5,6009.5,10797.5,5493.5,10361.5,5497.5,10401.5,5453.5,10381.5,7033.5,12113.5,7825.5,10685.5,7585.5,10685.5,7657.5,9869.5,6565.5,9293.5,6349.5,9293.5,6097.5,9317.5,5461.5,9185.5
0,MO_345,E58,4762.5,11766.5,4798.5,11709.5,4744.5,11667.5,4669.5,11661.5,5167.5,11757.5,5107.5,11760.5,5113.5,11715.5,5407.5,11172.5,5383.5,11208.5,5341.5,11163.5,4804.5,10749.5,4798.5,10794.5,4741.5,10770.5,5983.5,12285.5,6829.5,11421.5,6601.5,11340.5,6901.5,10584.5,6388.5,8910.5,6028.5,9201.5,5860.5,8799.5,4456.5,7329.5
0,MO_399,E127,3501.5,4875.5,3477.5,4839.5,3525.5,4819.5,3585.5,4819.5,3235.5,4938.5,3204.833,4943.833,3222.167,4921.167,3071.833,4518.833,3086.5,4537.5,3099.833,4512.167,3513.167,4130.833,3510.5,4150.833,3547.833,4152.167,2279.5,5637.5,1775.5,4593.5,1919.5,4521.5,1771.5,4065.5,2179.5,3017.5,2507.5,3189.5,2635.5,2913.5,3491.5,2105.5
0,MO_400,E128,3420.167,4490.833,3405.5,4464.167,3336.167,4496.167,3294.5,4500.5,3745.5,4410.5,3727.5,4428.5,3718.5,4398.5,3688.167,3859.833,3687.5,3875.167,3663.5,3866.5,3270.5,3732.5,3275.5,3754.5,3240.5,3758.5,4829.5,4701.5,4720.5,3313.5,4570.5,3377.5,4492.5,2849.5,3544.5,2360.5,3484.5,2708.5,3052.5,2645.5,3055.5,2492.5
0,MO_401,E129,4199.5,4508.167,4197.833,4471.167,4112.833,4574.833,4064.833,4584.167,4512.5,4477.5,4467.167,4481.5,4487.167,4445.5,4678.833,3988.167,4665.5,4005.5,4649.5,3976.167,4164.833,3622.167,4170.167,3644.833,4135.5,3634.167,5612.5,5247.5,6226.5,4039.5,5942.5,3993.5,6062.5,3435.5,5788.5,2365.5,5428.5,2577.5,5198.5,2213.5,3966.5,1847.5
0,MO_402,588160 (Rupestris parent),3325.167,4844.5,3333.167,4823.167,3387.167,4847.167,3424.5,4852.5,3102,4733.5,3126.5,4747.5,3127.5,4725.5,3071.5,4363.167,3078.833,4377.833,3095.5,4368.5,3480.5,4384.5,3473,4395.5,3498.5,4398.5,2278.5,4930.5,2182.5,4138.5,2298.5,4122.5,2366.5,3722.5,2978.5,3234.5,3134.5,3330.5,3603.5,3310.5,4243.5,3493.5
0,MO_404,E131,7103.5,11352.5,7115.5,11274.5,6887.5,11322.5,6743.5,11322.5,7937.5,11562.5,7853.5,11544.5,7883.5,11478.5,8105.5,10422.5,8051.5,10464.5,8015.5,10398.5,6941.5,9354.5,6941.5,9402.5,6857.5,9390.5,9395.5,13245.5,11135.5,11107.5,10691.5,10898.5,11187.5,9629.5,9547.5,7797.5,9183.5,7289.5,8575.5,6425.5,6015.5,5129.5
0,MO_408,E136,3299.5,4862.5,3304.833,4826.5,3350.167,4814.5,3388.833,4809.167,2996.5,4887.5,3021.833,4886.167,3005.833,4867.5,2855.833,4366.167,2863.167,4381.5,2878.5,4367.5,3434.167,4201.5,3428.167,4222.833,3458.167,4216.833,2135.5,5455.5,1627.5,4505.5,1819.5,4449.5,1707.5,3937.5,2171.5,2999.5,2543.5,3155.5,2683.833,2938.5,3571.5,2488.5
0,MO_416,E148,5528.5,11689.5,5513.5,11649.5,5395.5,11667.5,5303.5,11667.5,6223.5,11657.5,6157.5,11654.5,6193.5,11612.5,6369.5,10804.5,6343.5,10846.5,6307.5,10792.5,5415.5,10352.5,5411.5,10412.5,5339.5,10388.5,7799.5,12844.5,9033.5,10898.5,8585.5,10762.5,8890.5,9645.5,7810.5,7845.5,7222.5,8229.5,6754.5,7611.5,5626.5,6675.5
0,MO_454,E192,2814.167,4844.833,2806.167,4807.5,2944.833,4852.833,2994.167,4864.833,2556.833,4842.167,2575.5,4851.5,2571.5,4815.5,2578.167,4407.5,2586.167,4428.833,2608.833,4414.167,3078.167,4162.167,3070.167,4180.833,3103.5,4188.833,1471.5,5078.5,1594.5,4088.5,1720.5,3707.5,1847.5,3604.5,2402.5,3214.5,2594.5,3118.5,2949.5,3009.5,3587.5,3258.5
0,MO_455,E193,3492.5,5383.5,3500.5,5359.5,3516.5,5331.5,3554.5,5349.5,3194.5,5379.5,3216.5,5381.5,3210.5,5359.5,3218.5,5013.5,3228.5,5029.5,3244.5,5019.5,3580.5,4753.5,3576.5,4769.5,3602.5,4765.5,2564.5,5906.5,2078.5,4964.5,2207.5,4904.5,2129.5,4520.5,2558.5,3653.5,2828.5,3812.5,3080.5,3503.5,3602.5,3139.5
0,MO_456,E194,3356.833,4952.5,3359.5,4925.833,3327.5,4911.167,3291.5,4908.5,3684.833,4983.167,3664.833,4988.5,3667.5,4957.833,3749.5,4616.5,3737.5,4628.5,3721.5,4606.5,3376,4296.5,3376,4307.5,3348,4304.5,4280.5,5673.5,4970.5,4773.5,4790.5,4713.5,5006.5,4278.5,4679.833,3271.5,4386.5,3408.833,4134.5,3137.5,3354.5,2507.5
0,MO_457,E195,3306.833,4716.167,3314.833,4672.167,3280.167,4646.833,3229.5,4652.167,3538.833,4794.833,3517.5,4786.833,3530.833,4768.167,3738.167,4428.833,3724.833,4444.833,3710.167,4415.5,3262.167,4058.833,3262.167,4076.167,3231.5,4066.833,4046.5,5720.5,4998.5,4796.5,4814.5,4680.5,4982.5,4240.5,4678.5,3124.5,4394.5,3248.5,3978.5,2844.5,3102.5,2452.5
0,MO_458,E197,3425.167,4732.833,3426.5,4707.5,3455.833,4698.167,3493.167,4704.833,3157.167,4724.833,3177.167,4730.167,3173.167,4708.833,3162.5,4348.833,3171.833,4364.833,3190.5,4348.833,3592.833,4138.833,3591.5,4152.167,3619.5,4150.833,2327.167,4998.167,2075.167,4138.5,2291.167,4115.833,2277.5,3778.5,2829.5,2978.5,3021.5,3162.5,3273.5,2970.5,3873.5,2526.5
0,MO_459,E199,3328.5,4837.5,3308.5,4809.5,3246.5,4855.5,3196.5,4861.5,3606.5,4779.5,3585.5,4786.5,3589.5,4764.5,3641.5,4391.5,3634.833,4406.167,3620.833,4390.167,3248,4139,3249,4154.5,3224.5,4152,4333.833,5195.5,4750.5,4151.5,4488.5,4185.5,4632.5,4047.5,4296.5,2987.5,3988.5,3175.5,3708.5,2943.5,3222.5,2319.5
0,MO_460,E198,3542.167,4919.167,3556.833,4897.833,3432.833,4923.167,3379.5,4924.5,3857.5,5046.5,3833.5,5042.5,3855.5,5026.5,3911.5,4658.5,3899.5,4674.5,3885.5,4648.5,3455.5,4376.5,3455.5,4402.5,3425.5,4394.5,4143.5,5534.5,4817.5,5084.5,4707.5,4964.5,4919.5,4494.5,4701.5,3530.5,4397.5,3660.5,4207.5,3346.5,3543.5,2689.5
0,MO_461,E201,2882.167,4830.167,2882.167,4803.5,2922.167,4784.833,2956.833,4787.5,2606.167,4826.167,2630.167,4824.833,2623.5,4803.5,2496.167,4369.833,2516.167,4395.167,2530.833,4375.167,2915.5,4063.5,2910.5,4091.5,2940.5,4080.5,1927.5,5380.5,1405.5,4408.5,1555.5,4366.5,1423.5,3892.5,1837.5,2992.5,2065.5,3118.5,2257.5,2908.5,3049.5,2236.5
0,MO_464,E204,3703.5,4967.5,3703.5,4935.5,3453.5,5009.5,3405.5,5011.5,4129.5,5067.5,4095.5,5065.5,4109.5,5029.5,4243.5,4505.5,4221.5,4537.5,4201.5,4503.5,3541.5,3985.5,3545.5,4013.5,3505.5,4009.5,4853.5,6223.5,6013.5,4939.5,5689.5,4759.5,6069.5,3907.5,5297.5,2355.5,4925.5,2611.5,4457.5,2207.5,3333.5,1703.5
0,MO_466,E207,3566.5,4287.5,3556.5,4259.5,3521.5,4249.5,3473.5,4257.5,3829.5,4311.5,3802.5,4309.5,3819.5,4282.5,3962.167,3927.833,3957.5,3943.167,3930.167,3926.5,3514.5,3640.167,3517.167,3662.167,3482.5,3648.167,4636.5,5225.5,5488.5,3891.5,5320.5,3855.5,5523.5,3354.5,4977.5,2214.5,4601.5,2450.5,4287.5,1983.5,3287.5,1615.5
0,MO_467,E206,3557.5,5055.833,3549.5,5001.167,3778.833,5025.167,3856.167,5019.833,3055.5,5158.5,3099.5,5159.5,3080.5,5124.5,2980.5,4371.5,2990.5,4402.5,3037.5,4374.5,3538.167,4023.5,3540.833,4058.167,3582.167,4042.167,2084.5,6073.5,984.5,4658.5,1284.5,4550.5,1025.5,3476.5,2549.5,3454.5,2117.5,2986.5,2285.5,2680.5,2955.5,1227.5
0,MO_468,E209,3380.5,4969.833,3381.833,4948.5,3347.167,4921.833,3313.833,4921.833,3567.167,5037.833,3545.833,5036.5,3556.5,5019.167,3778.5,4703.833,3766.5,4717.167,3758.5,4691.833,3433.167,4426.5,3431.833,4451.833,3398.5,4434.5,4086.5,5594.5,4596.5,5062.5,4492.5,4862.5,4715.5,4677.5,4661.5,3741.5,4370.5,3846.5,4226.5,3593.5,3986.5,3212.5
0,MO_469,E210,3407.833,4812.167,3398.5,4788.167,3282.5,4828.167,3245.167,4828.167,3674.5,4831.5,3648.5,4828.5,3657.5,4808.5,3752.5,4427.167,3744.5,4437.833,3729.833,4424.5,3284.833,4190.167,3287.167,4202.167,3264.167,4202.5,4181.5,5341.5,4721.5,4621.5,4568.5,4561.5,4751.5,4087.5,4475.5,3304.5,4088.5,3403.5,3786.5,3133.5,3026.5,2701.5
0,MO_470,E211,3552.833,5020.167,3552.833,4997.5,3499.5,4994.833,3460.833,4988.167,3880.833,5065.5,3851.5,5068.167,3860.833,5041.5,3990.833,4631.833,3985.5,4643.833,3974.833,4626.5,3525.833,4298.167,3531.167,4312.833,3497.833,4307.5,4790.5,5693.5,5303.5,5003.5,5141.5,4895.5,5369.5,4373.5,5003.5,3153.5,4715.5,3357.5,4355.5,3027.5,3155.5,2367.5
0,MO_471,E213,3492.167,5436.167,3481.5,5409.5,3650.833,5441.5,3700.167,5430.833,3217.167,5525.833,3249.833,5522.5,3231.167,5498.5,2928.5,5004.5,2940.5,5017.5,2955.5,4995.5,3483.167,4530.5,3484.5,4547.167,3513.167,4538.5,2540.5,6360.5,1736.5,5346.5,1868.5,5244.5,1643.5,4657.5,1961.5,3523.5,2327.5,3661.5,2729.5,3367.5,3491.5,2743.5
0,MO_472,E214,3013.167,5087.833,3014.5,5062.5,3130.5,5133.167,3174.5,5129.167,2712.833,5029.833,2730.167,5036.5,2726.833,5013.833,2655,4618,2661.5,4630,2677,4615.5,3165.5,4485.5,3165,4501,3199.5,4494.5,1963.5,5564.5,1494.5,4689.5,1714.5,4617.5,1518.5,4219.5,1782.5,3203.5,2134.5,3317.5,2410.5,3011.5,3357.5,2401.5
0,MO_473,E215,3372.5,5342.5,3370.5,5310.5,3476.5,5334.5,3526.5,5320.5,3060.5,5391.5,3083.5,5393.5,3072.5,5367.5,2790.167,4879.167,2800.833,4892.5,2814.833,4869.167,3399.5,4517.5,3404.5,4537.5,3434.5,4525.5,2276.5,6197.5,1380.5,5121.5,1640.5,5025.5,1444.5,4491.5,1737.5,3291.5,2109.5,3595.5,2645.5,3147.5,3697.5,3321.5
0,MO_474,E217,3052.5,4906.5,3044.5,4874.5,3104.5,4886.5,3150.5,4892.5,2713.5,5013.5,2736.5,5011.5,2721.5,4988.5,2587.5,4535.167,2600.833,4546.5,2612.167,4525.833,3130.5,4147.5,3124.5,4168,3151.5,4160.5,1962.5,5632.5,1432.5,4665.5,1580.5,4621.5,1422.5,4111.5,1983.5,3174.5,2259.5,3399.5,2493.5,3027.5,2825.5,2787.5
0,MO-302.jpg,E2,7711.5,10629.5,7669.5,10572.5,7729.5,10536.5,7810.5,10521.5,7090.5,10725.5,7129.5,10728.5,7111.5,10683.5,7027.5,10029.5,7051.5,10071.5,7078.5,10035.5,7705.5,9504.5,7693.5,9558.5,7747.5,9549.5,5974.5,11756.5,4846.5,10262.5,5200.5,10142.5,4876.5,9326.5,5632.5,7394.5,6076.5,7730.5,6472.5,7310.5,8038.5,6032.5
0,MO-304.jpg,E7,7866.5,12032.5,7755.5,11969.5,7866.5,11942.5,7926.5,11945.5,7185.5,12191.5,7230.5,12191.5,7209.5,12158.5,6978.5,11390.5,7017.5,11411.5,7035.5,11381.5,7809.5,10901.5,7815.5,10958.5,7866.5,10940.5,6111.5,13141.5,5085.5,11737.5,5493.5,11545.5,5241.5,10753.5,5799.5,9487.5,6369.5,9763.5,6771.5,9193.5,7947.5,8455.5
0,MO-305.jpg,E8,7667.5,11389.5,7627.5,11277.5,7727.5,11313.5,7787.5,11329.5,7059.5,11145.5,7103.5,11153.5,7111.5,11101.5,7235.5,10389.5,7251.5,10437.5,7287.5,10417.5,8175.5,10245.5,8151.5,10301.5,8191.5,10301.5,5743.5,11537.5,5407.5,9817.5,5735.5,9785.5,5807.5,9081.5,6839.5,7897.5,7335.5,8289.5,7967.5,8033.5,9399.5,7577.5
0,MO-306.jpg,E11,8450.5,11325.5,8394.5,11233.5,8496.5,11235.5,8566.5,11243.5,8024.5,11253.5,8076.5,11263.5,8068.5,11221.5,7906.5,10435.5,7938.5,10483.5,7960.5,10451.5,8751.5,9948.5,8742.5,10017.5,8790.5,10002.5,6662.5,12195.5,5886.5,10387.5,6222.5,10427.5,6206.5,9475.5,7022.5,8135.5,7486.5,8503.5,7942.5,8063.5,8774.5,7319.5
0,MO-307.jpg,E12,8695.5,11132.5,8635.5,11040.5,8711.5,10976.5,8823.5,10972.5,7971.5,11420.5,8035.5,11404.5,7983.5,11356.5,7395.5,10268.5,7451.5,10312.5,7467.5,10260.5,8591.5,9180.5,8599.5,9280.5,8679.5,9252.5,6567.5,13820.5,4251.5,11492.5,4863.5,11228.5,4071.5,10076.5,4419.5,6992.5,5619.5,7280.5,6303.5,6272.5,8463.5,4682.5
0,MO-308.jpg,E13,8460.5,13033.5,8421.5,12955.5,8487.5,12937.5,8547.5,12943.5,7956.5,12865.5,8007.5,12883.5,7998.5,12844.5,7851.5,12019.5,7890.5,12064.5,7911.5,12031.5,8706.5,11647.5,8697.5,11689.5,8754.5,11692.5,6373.5,13629.5,5719.5,11691.5,6157.5,11679.5,6049.5,10959.5,6967.5,9459.5,7375.5,9873.5,7642.5,9661.5,8794.5,8237.5
0,MO-309.jpg,E14,8245.5,11079.5,8257.5,11010.5,8311.5,11022.5,8389.5,11037.5,7693.5,10698.5,7732.5,10722.5,7744.5,10689.5,8011.5,9876.5,8017.5,9939.5,8056.5,9924.5,8929.5,9891.5,8890.5,9933.5,8947.5,9954.5,5986.5,10680.5,6258.5,8720.5,6522.5,8872.5,6706.5,8056.5,8232.5,7102.5,8400.5,7570.5,8892.5,7270.5,10404.5,6658.5
0,MO-312.jpg,E17,8561.5,11168.5,8474.5,11036.5,8621.5,11075.5,8726.5,11081.5,7736.5,10922.5,7796.5,10925.5,7763.5,10865.5,7580.5,9650.5,7625.5,9701.5,7667.5,9671.5,8921.5,9191.5,8909.5,9275.5,8984.5,9266.5,5624.5,12056.5,4712.5,9608.5,5248.5,9552.5,5096.5,8228.5,6688.5,5814.5,7112.5,6590.5,8024.5,5814.5,9824.5,4686.5
0,MO-317-E-22.jpg,E22,7625.5,11286.5,7160.5,11037.5,7619.5,11205.5,7691.5,11208.5,6821.5,11274.5,6857.5,11262.5,6836.5,11241.5,6434.5,10497.5,6467.5,10527.5,6485.5,10494.5,7532.5,10095.5,7532.5,10149.5,7592.5,10146.5,5986.5,12288.5,5080.5,11190.5,5374.5,10980.5,5050.5,10284.5,5302.5,8946.5,5752.5,9108.5,6028.5,8436.5,7282.5,7332.5
0,MO-328.jpg,E37,9599,10575,9560,10515,9620,10470,9704,10461,9140,10641,9179,10641,9164,10614,8966,9972,8993,10002,9017,9984,9650,9372,9650,9432,9695,9414,7765,11660,6757,9948,7093,9852,6909,9012,8029,7286,8381,7702,8853,7350,9661,6322
0,MO-329.jpg,E38,10177.5,9519.5,10133.5,9463.5,10173.5,9395.5,10257.5,9391.5,9641.5,9779.5,9681.5,9755.5,9653.5,9727.5,9433.5,9071.5,9477.5,9099.5,9477.5,9071.5,10037.5,8327.5,10041.5,8371.5,10085.5,8363.5,8923.5,11047.5,7587.5,9775.5,7835.5,9567.5,7379.5,8839.5,7915.5,7043.5,8315.5,7155.5,8715.5,6533.5,9891.5,5593.5
0,MO-331-E-35.jpg,E35,8110.5,11794.5,8066.5,11722.5,8130.5,11682.5,8230.5,11694.5,7522.5,11878.5,7586.5,11886.5,7554.5,11842.5,7166.5,10962.5,7210.5,10994.5,7230.5,10958.5,7950.5,10150.5,7958.5,10214.5,8018.5,10194.5,5434.5,13142.5,4366.5,10994.5,4870.5,10910.5,4534.5,10226.5,4954.5,7970.5,5614.5,8330.5,5914.5,7718.5,7522.5,6086.5
0,MO-332-E-39.jpg,E39,7272.5,11452.5,7191.5,11386.5,7317.5,11356.5,7410.5,11344.5,6552.5,11458.5,6600.5,11458.5,6582.5,11422.5,6348.5,10558.5,6387.5,10597.5,6417.5,10561.5,7320.5,10024.5,7326.5,10087.5,7398.5,10078.5,4992.5,12610.5,3824.5,10754.5,4264.5,10682.5,3752.5,9666.5,4560.5,7824.5,5128.5,8104.5,5544.5,7360.5,6304.5,6038.5
0,MO-334.jpg,E41,8519.5,11057.5,8483.5,10989.5,8551.5,10961.5,8623.5,10957.5,8039.5,11041.5,8091.5,11041.5,8067.5,11005.5,7863.5,10309.5,7903.5,10349.5,7935.5,10317.5,8571.5,9781.5,8567.5,9837.5,8619.5,9825.5,6918.5,12151.5,5868.5,10489.5,6144.5,10381.5,5922.5,9499.5,6630.5,8041.5,7098.5,8323.5,7314.5,8029.5,8136.5,6961.5
0,MO-336.jpg,E45,9731.5,11892.5,9671.5,11852.5,9711.5,11796.5,9787.5,11740.5,9215.5,12112.5,9259.5,12096.5,9227.5,12060.5,8827.5,11304.5,8879.5,11332.5,8879.5,11300.5,9455.5,10536.5,9475.5,10592.5,9515.5,10564.5,8151.5,13496.5,6771.5,11924.5,7143.5,11732.5,6651.5,10880.5,6939.5,9140.5,7659.5,9440.5,7887.5,8744.5,8871.5,7388.5
0,MO-339.jpg,E48,9255.5,11839.5,9175.5,11675.5,9295.5,11735.5,9351.5,11855.5,8775.5,11783.5,8827.5,11783.5,8799.5,11735.5,8695.5,10975.5,8719.5,11031.5,8755.5,11003.5,9647.5,10527.5,9627.5,10591.5,9683.5,10587.5,7753.5,12917.5,6881.5,10973.5,7209.5,10957.5,7153.5,10221.5,7889.5,8529.5,8401.5,9017.5,9065.5,8369.5,10809.5,7555.5
0,MO-340-E-49.jpg,E49,7442.5,10412.5,7274.5,10259.5,7463.5,10319.5,7538.5,10313.5,7061.5,10271.5,7109.5,10277.5,7100.5,10244.5,6998.5,9893.5,7025.5,9941.5,7055.5,9908.5,7742.5,9359.5,7721.5,9404.5,7766.5,9416.5,6113.5,11152.5,5353.5,10080.5,5633.5,9936.5,5385.5,9104.5,6417.5,7544.5,6801.5,7976.5,7313.5,7608.5,8289.5,7198.5
0,MO-347.jpg,E61,9743.5,11438.5,9671.5,11358.5,9767.5,11330.5,9859.5,11290.5,8803.5,11350.5,8859.5,11358.5,8839.5,11318.5,8831.5,10370.5,8871.5,10410.5,8907.5,10378.5,9851.5,9826.5,9847.5,9886.5,9915.5,9878.5,7099.5,12606.5,5983.5,10434.5,6427.5,10290.5,6115.5,9342.5,7447.5,6822.5,7807.5,7326.5,8815.5,6762.5,10915.5,6066.5
0,MO-348.jpg,E62,9607.5,11525.5,9443.5,11329.5,9655.5,11417.5,9763.5,11425.5,8683.5,11333.5,8767.5,11341.5,8731.5,11285.5,8663.5,10289.5,8699.5,10345.5,8743.5,10305.5,9971.5,9509.5,9939.5,9581.5,10015.5,9573.5,6203.5,12313.5,5371.5,9681.5,5867.5,9689.5,5803.5,8547.5,7267.5,6151.5,8091.5,6847.5,9051.5,6063.5,11339.5,5447.5
0,MO-349.jpg,E63,8364.5,11364.5,8229.5,11235.5,8370.5,11283.5,8451.5,11277.5,7902.5,11409.5,7950.5,11397.5,7920.5,11370.5,7698.5,10821.5,7749.5,10851.5,7749.5,10812.5,8235.5,10188.5,8241.5,10251.5,8292.5,10242.5,7017.5,12506.5,5799.5,11180.5,6045.5,11048.5,5673.5,10508.5,5889.5,8828.5,6507.5,8978.5,6753.5,8432.5,8013.5,7178.5
0,MO-388-E-116.jpg,E116,6935.5,11841.5,6908.5,11772.5,6974.5,11754.5,7049.5,11769.5,6305.5,11688.5,6341.5,11703.5,6347.5,11670.5,6296.5,11019.5,6326.5,11055.5,6347.5,11028.5,7031.5,10551.5,7028.5,10608.5,7079.5,10596.5,4424.5,12388.5,4056.5,10948.5,4448.5,10724.5,4272.5,9860.5,4752.5,8232.5,5280.5,8704.5,5840.5,7786.5,7672.5,6896.5
0,MO-391-E-120.jpg,E120,6360,11546,6341.5,11489.5,6403.5,11477.5,6479.5,11491.5,5877.5,11443.5,5915.5,11457.5,5915.5,11417.5,5897.5,10817.5,5923.5,10855.5,5945.5,10825.5,6649.5,10599.5,6631.5,10653.5,6679.5,10649.5,4848.5,12256.5,4110.5,10702.5,4410.5,10612.5,4338.5,9778.5,5328.5,8608.5,5856.5,8986.5,6156.5,8704.5,7146.5,8182.5
0,MO-397-E-127a.jpg,E127,7499.5,12269.5,7435.5,12185.5,7523.5,12165.5,7607.5,12173.5,6639.5,12257.5,6691.5,12269.5,6679.5,12225.5,6607.5,11097.5,6639.5,11141.5,6671.5,11113.5,7575.5,10605.5,7567.5,10665.5,7635.5,10665.5,4463.5,13645.5,3455.5,11125.5,3971.5,11053.5,3695.5,9733.5,5591.5,7177.5,6083.5,7849.5,6995.5,7345.5,9755.5,6937.5
0,MO-398.jpg,E126,8018.5,10007.5,7907.5,9947.5,8006.5,9923.5,8093.5,9908.5,7484.5,10136.5,7529.5,10121.5,7502.5,10091.5,7157.5,9431.5,7184.5,9458.5,7208.5,9437.5,7892.5,8987.5,7892.5,9050.5,7949.5,9029.5,6384.5,11265.5,5200.5,9713.5,5512.5,9553.5,5256.5,8793.5,5696.5,7117.5,6288.5,7381.5,6712.5,6789.5,8336.5,5909.5
0,MO-413.jpg,E145,8709.5,10494.5,8670.5,10392.5,8757.5,10362.5,8850.5,10380.5,8271.5,10704.5,8310.5,10695.5,8274.5,10641.5,8148.5,10005.5,8190.5,10035.5,8217.5,9999.5,8826.5,9213.5,8817.5,9291.5,8892.5,9270.5,7032.5,12132.5,5848.5,10428.5,6168.5,10316.5,5840.5,9284.5,6472.5,7724.5,6632.5,7876.5,6704.5,7286.5,8168.5,5196.5
0,MO-414-E-146.jpg,E146,7789.5,11953.5,7702.5,11881.5,7795.5,11836.5,7870.5,11827.5,7243.5,12178.5,7306.5,12169.5,7252.5,12127.5,6802.5,11299.5,6853.5,11344.5,6862.5,11308.5,7666.5,10483.5,7669.5,10564.5,7723.5,10534.5,5951.5,13775.5,4695.5,12319.5,4967.5,12007.5,4271.5,10991.5,5015.5,8817.5,5655.5,9041.5,6375.5,8097.5,7879.5,7293.5
0,MO-415.jpg,E147,7631.5,13113.5,7475.5,12963.5,7655.5,12999.5,7739.5,12891.5,6575.5,13041.5,6641.5,13035.5,6611.5,12993.5,6563.5,11997.5,6623.5,12063.5,6647.5,12009.5,7667.5,11283.5,7667.5,11343.5,7739.5,11331.5,5218.5,14533.5,3550.5,12361.5,4126.5,12145.5,3826.5,10897.5,5218.5,8593.5,5722.5,9085.5,6418.5,8569.5,7738.5,7537.5
0,MO-417-E-149.jpg,E149,8027.5,11757.5,7946.5,11679.5,8042.5,11631.5,8099.5,11604.5,7352.5,11670.5,7406.5,11676.5,7397.5,11634.5,7298.5,11073.5,7331.5,11106.5,7358.5,11085.5,7943.5,10569.5,7949.5,10620.5,7988.5,10596.5,5982.5,12596.5,5118.5,11052.5,5470.5,11004.5,5254.5,10196.5,5798.5,8932.5,6358.5,9124.5,6766.5,8712.5,8118.5,7722.5
0,MO-422.jpg,E155,8070.5,10051.5,8049.5,9991.5,8073.5,9940.5,8145.5,9949.5,7596.5,10075.5,7647.5,10066.5,7629.5,10033.5,7374.5,9493.5,7422.5,9538.5,7437.5,9499.5,7995.5,8911.5,8004.5,8968.5,8049.5,8953.5,6368.5,10905.5,5660.5,9645.5,5924.5,9597.5,5600.5,9057.5,6194.5,7665.5,6572.5,7863.5,6884.5,7389.5,7454.5,6201.5
0,MO-428-E-163.jpg,E163,6997.5,12824.5,6977.5,12744.5,7041.5,12716.5,7137.5,12708.5,6309.5,12752.5,6361.5,12764.5,6353.5,12712.5,6037.5,11606.5,6073.5,11654.5,6117.5,11614.5,7017.5,11102.5,7021.5,11178.5,7093.5,11166.5,3993.5,13670.5,3081.5,11030.5,3645.5,11102.5,3597.5,10070.5,4257.5,8606.5,5001.5,8966.5,5433.5,7958.5,6861.5,7016.5
0,MO-429-E-162.jpg,E162,7943.5,10736.5,7877.5,10662.5,7975.5,10648.5,8039.5,10622.5,7263.5,10572.5,7305.5,10586.5,7305.5,10554.5,7439.5,10032.5,7451.5,10076.5,7483.5,10054.5,8123.5,9628.5,8107.5,9668.5,8157.5,9668.5,5831.5,11096.5,5631.5,9576.5,5943.5,9584.5,5671.5,9008.5,6599.5,7776.5,6911.5,8072.5,7391.5,7552.5,8991.5,7116.5
0,MO-431.jpg,E164,2474.5,12138.5,2381.5,12108.5,2462.5,12081.5,2519.5,12048.5,2033.5,12243.5,2081.5,12231.5,2060.5,12201.5,1766.5,11721.5,1796.5,11748.5,1808.5,11727.5,2315.5,11268.5,2324.5,11316.5,2363.5,11307.5,1271.5,13116.5,299.5,11952.5,521.5,11844.5,329.5,11262.5,737.5,10230.5,1271.5,10362.5,1289.5,9882.5,1859.5,8838.5
0,MO-432.jpg,E165,6238.5,13114.5,5966.5,12914.5,6254.5,13014.5,6342.5,13022.5,5118.5,12910.5,5174.5,12906.5,5158.5,12878.5,5090.5,12006.5,5126.5,12054.5,5166.5,12018.5,6046.5,11234.5,6050.5,11294.5,6110.5,11290.5,3580.5,13972.5,2780.5,12404.5,3156.5,12180.5,2844.5,11084.5,4180.5,8961.5,4268.5,9137.5,4340.5,8913.5,5804.5,7190.5
0,MO-434.jpg,NO TAG,5980.5,11506.5,5932.5,11458.5,5995.5,11446.5,6058.5,11446.5,5599.5,11542.5,5647.5,11542.5,5626.5,11503.5,5443.5,10909.5,5473.5,10948.5,5509.5,10924.5,6094.5,10534.5,6082.5,10597.5,6121.5,10588.5,4377.5,12243.5,3753.5,10827.5,4041.5,10713.5,3921.5,10071.5,4443.5,8757.5,4959.5,9009.5,5409.5,8643.5,6147.5,7803.5
0,MO-439.jpg,E175,9697.5,12008.5,9649.5,11942.5,9730.5,11945.5,9796.5,11957.5,9145.5,11828.5,9193.5,11840.5,9181.5,11789.5,9070.5,10994.5,9088.5,11042.5,9112.5,11018.5,9910.5,10613.5,9904.5,10664.5,9955.5,10655.5,7652.5,12513.5,7060.5,10593.5,7428.5,10569.5,7324.5,9609.5,8404.5,8445.5,8772.5,8765.5,9260.5,8389.5,10108.5,7205.5
0,MO-441.jpg,E177,9341.5,11039.5,9278.5,10955.5,9371.5,10973.5,9455.5,10994.5,8789.5,10913.5,8825.5,10925.5,8816.5,10889.5,8768.5,10190.5,8789.5,10235.5,8822.5,10211.5,9530.5,9842.5,9524.5,9899.5,9575.5,9905.5,7646.5,11494.5,7034.5,10036.5,7274.5,9976.5,7268.5,9358.5,8096.5,8182.5,8402.5,8398.5,8594.5,8080.5,9662.5,6736.5
0,MO-442.jpg,E179,9516.5,10856.5,9492.5,10790.5,9576.5,10772.5,9636.5,10847.5,8901.5,10721.5,8949.5,10727.5,8949.5,10688.5,8898.5,9920.5,8916.5,9971.5,8958.5,9944.5,9855.5,9692.5,9828.5,9746.5,9888.5,9737.5,7262.5,11326.5,6842.5,9418.5,7166.5,9454.5,7214.5,8362.5,8294.5,7366.5,8618.5,7750.5,9134.5,7186.5,10382.5,6178.5
0,MO-444-E-181.jpg,E181,7488.5,12083.5,7419.5,12050.5,7461.5,11993.5,7533.5,11969.5,7107.5,12170.5,7152.5,12161.5,7119.5,12128.5,6771.5,11603.5,6831.5,11633.5,6837.5,11591.5,7251.5,11087.5,7266.5,11129.5,7317.5,11120.5,6068.5,13252.5,5024.5,11998.5,5270.5,11860.5,4982.5,11392.5,5120.5,9922.5,5522.5,10090.5,5762.5,9658.5,6908.5,8080.5
0,MO-445-E-182.jpg,E182,7010.5,11160.5,6929.5,11094.5,7028.5,11061.5,7103.5,11064.5,6386.5,11124.5,6431.5,11115.5,6410.5,11082.5,6398.5,10506.5,6434.5,10548.5,6464.5,10512.5,7025.5,9903.5,7025.5,9954.5,7079.5,9942.5,5269.5,12083.5,4357.5,10649.5,4771.5,10571.5,4441.5,9833.5,5359.5,8387.5,5587.5,8573.5,5677.5,8159.5,6985.5,7013.5
0,MO-446-E-183.jpg,E183,7697.5,13286.5,7622.5,13217.5,7712.5,13172.5,7790.5,13160.5,6881.5,13445.5,6938.5,13430.5,6902.5,13400.5,6686.5,12452.5,6722.5,12485.5,6737.5,12455.5,7472.5,11699.5,7472.5,11753.5,7526.5,11729.5,6353.5,15058.5,4541.5,13450.5,4901.5,13138.5,4313.5,12178.5,5177.5,9934.5,5705.5,10294.5,6041.5,9634.5,7673.5,8062.5
0,MO-447-E-184.jpg,E184,6934.5,10723.5,6841.5,10702.5,6916.5,10657.5,6988.5,10615.5,6484.5,10939.5,6523.5,10921.5,6493.5,10906.5,6016.5,10300.5,6055.5,10321.5,6058.5,10288.5,6679.5,9688.5,6694.5,9721.5,6739.5,9691.5,6162.5,12036.5,4674.5,11220.5,4842.5,11028.5,4350.5,10488.5,4428.5,8766.5,4824.5,8868.5,4914.5,8220.5,6000.5,6618.5
0,MO-448-E-185.jpg,E185,7521.5,11828.5,7457.5,11744.5,7517.5,11740.5,7585.5,11724.5,6933.5,11788.5,6981.5,11788.5,6965.5,11744.5,6713.5,11020.5,6765.5,11076.5,6785.5,11040.5,7545.5,10540.5,7541.5,10608.5,7589.5,10584.5,5619.5,12927.5,4569.5,11187.5,4953.5,11085.5,4617.5,10263.5,5391.5,8751.5,5949.5,8973.5,6195.5,8391.5,7773.5,7311.5
0,MO-449.jpg,E186,8521.5,11094.5,8500.5,10998.5,8599.5,10959.5,8701.5,10971.5,7948.5,11133.5,8020.5,11142.5,7993.5,11100.5,7819.5,10125.5,7840.5,10170.5,7876.5,10137.5,8860.5,9657.5,8842.5,9702.5,8899.5,9708.5,6498.5,12116.5,5646.5,10160.5,5934.5,10100.5,5742.5,9104.5,7026.5,7244.5,7506.5,7760.5,8022.5,7220.5,9594.5,6356.5
0,MO-430-E-169.jpg,E169,6786.5,12951.5,6734.5,12891.5,6802.5,12835.5,6898.5,12839.5,6010.5,12919.5,6062.5,12919.5,6046.5,12883.5,5810.5,11927.5,5850.5,11963.5,5878.5,11935.5,6762.5,11255.5,6758.5,11311.5,6818.5,11295.5,4294.5,13839.5,3534.5,11791.5,3846.5,11703.5,3662.5,11323.5,4318.5,9193.5,4782.5,9393.5,5150.5,8769.5,6966.5,7321.5
0,MO-475-E-218.jpg,E218,7158.5,11488.5,7083.5,11419.5,7179.5,11413.5,7254.5,11467.5,6678.5,11563.5,6717.5,11557.5,6684.5,11527.5,6444.5,10969.5,6492.5,11008.5,6507.5,10981.5,7068.5,10351.5,7074.5,10399.5,7116.5,10396.5,6021.5,12583.5,4981.5,11519.5,5213.5,11295.5,4725.5,10567.5,5229.5,9071.5,5693.5,9247.5,5925.5,8855.5,6925.5,7903.5
0,MO-477-E-220.jpg,E220,6400.5,11340.5,6308.5,11272.5,6408.5,11264.5,6480.5,11252.5,5728.5,11468.5,5784.5,11468.5,5756.5,11420.5,5668.5,10744.5,5704.5,10784.5,5728.5,10748.5,6368.5,10164.5,6368.5,10228.5,6412.5,10216.5,4818.5,12484.5,3594.5,11364.5,3954.5,11100.5,3674.5,10244.5,4178.5,8308.5,4794.5,8580.5,5290.5,8060.5,6874.5,6880.5
0,MO-480-E-223.jpg,E223,6708.5,11315.5,6690.5,11279.5,6771.5,11270.5,6831.5,11291.5,6291.5,11192.5,6324.5,11207.5,6324.5,11180.5,6303.5,10595.5,6318.5,10634.5,6348.5,10619.5,7023.5,10409.5,7011.5,10439.5,7056.5,10451.5,5157.5,11716.5,4683.5,10300.5,4989.5,10264.5,4881.5,9730.5,5739.5,8572.5,6075.5,8902.5,6507.5,8458.5,7869.5,7630.5
0,MO-481-E-160.jpg,588160 (Rupestris parent),5369.5,11179.5,5303.5,11077.5,5401.5,11097.5,5467.5,10977.5,4887.5,10995.5,4937.5,11007.5,4923.5,10973.5,4877.5,10507.5,4907.5,10543.5,4925.5,10525.5,5435.5,10293.5,5433.5,10323.5,5483.5,10321.5,3762.5,11375.5,3228.5,10265.5,3462.5,10199.5,3336.5,9611.5,4230.5,8711.5,4554.5,8873.5,4962.5,8627.5,5814.5,8411.5
0,MO-484-E-227.jpg,E227,6742.5,11745.5,6704.5,11699.5,6764.5,11683.5,6820.5,11701.5,6332.5,11783.5,6366.5,11775.5,6350.5,11755.5,6184.5,11231.5,6212.5,11251.5,6232.5,11227.5,6776.5,10819.5,6774.5,10859.5,6816.5,10849.5,5642.5,12250.5,5132.5,11470.5,5240.5,11374.5,4898.5,10750.5,5432.5,9520.5,5756.5,9772.5,6032.5,9400.5,6626.5,8668.5
0,MO-485-E-230.jpg,E230,6399.5,12351.5,6333.5,12285.5,6408.5,12267.5,6495.5,12207.5,5895.5,12303.5,5937.5,12309.5,5925.5,12279.5,5775.5,11571.5,5802.5,11598.5,5832.5,11583.5,6618.5,11076.5,6609.5,11127.5,6666.5,11124.5,4379.5,13304.5,3555.5,11504.5,3939.5,11392.5,3731.5,10528.5,5019.5,9108.5,5443.5,9556.5,5811.5,9020.5,7619.5,8280.5
0,MO-486-E-231.jpg,E231,7285.5,11744.5,7237.5,11693.5,7330.5,11654.5,7405.5,11648.5,6718.5,11876.5,6769.5,11873.5,6748.5,11837.5,6430.5,11069.5,6466.5,11111.5,6487.5,11081.5,7180.5,10235.5,7192.5,10304.5,7234.5,10274.5,5092.5,13075.5,4148.5,11227.5,4524.5,11123.5,4148.5,10275.5,4804.5,8391.5,5348.5,8727.5,5836.5,8167.5,6668.5,6929.5
0,MO-487-E-234.jpg,E234,6156.5,10369.5,6104.5,10361.5,6134.5,10319.5,6186.5,10295.5,5766.5,10579.5,5796.5,10567.5,5778.5,10545.5,5478.5,10065.5,5506.5,10079.5,5506.5,10059.5,5878.5,9617.5,5898.5,9667.5,5926.5,9647.5,5227.5,11486.5,4189.5,10802.5,4333.5,10604.5,3985.5,10016.5,4123.5,8768.5,4591.5,8744.5,4679.5,8350.5,5687.5,7168.5
0,MO-491-E-303.jpg,E303,7767.5,11843.5,7695.5,11785.5,7791.5,11775.5,7863.5,11791.5,6991.5,11891.5,7035.5,11887.5,7013.5,11863.5,6893.5,11099.5,6921.5,11125.5,6937.5,11097.5,7785.5,10691.5,7781.5,10741.5,7835.5,10719.5,6040.5,12896.5,5026.5,11606.5,5368.5,11444.5,5008.5,10496.5,5656.5,8840.5,6268.5,9110.5,6700.5,8528.5,8248.5,7616.5
0,MO-494-E-307.jpg,E307,7295.5,12397.5,7209.5,12361.5,7285.5,12339.5,7353.5,12331.5,6803.5,12469.5,6855.5,12475.5,6827.5,12445.5,6509.5,11895.5,6547.5,11927.5,6543.5,11897.5,7023.5,11337.5,7035.5,11377.5,7075.5,11355.5,5870.5,13182.5,5066.5,12318.5,5258.5,12216.5,4940.5,11562.5,5126.5,10314.5,5606.5,10392.5,5720.5,9918.5,6530.5,8580.5
0,MO-496-E-309.jpg,E309,6257.5,10935.5,6179.5,10845.5,6261.5,10841.5,6333.5,10839.5,5771.5,10759.5,5813.5,10769.5,5807.5,10733.5,5661.5,10049.5,5683.5,10083.5,5705.5,10063.5,6347.5,9643.5,6339.5,9697.5,6387.5,9703.5,4424.5,11304.5,3932.5,9750.5,4310.5,9744.5,4208.5,9066.5,4976.5,8088.5,5276.5,8220.5,5696.5,7794.5,6698.5,6822.5
0,MO-498-E-312.jpg,E312,6686.5,10074.5,6670.5,10036.5,6648.5,9988.5,6684.5,9970.5,6522.833,10332.834,6549.5,10306.166,6516.167,10303.5,6189.5,10092.834,6230.833,10091.5,6210.833,10060.834,6278.833,9608.166,6308.167,9632.166,6322.833,9606.834,6493.5,11227.5,5527.5,11113.5,5599.5,10915.5,5119.5,10723.5,4699.5,9727.5,5041.5,9673.5,4987.5,9343.5,4573.5,8629.5
0,MO-499-E-313.jpg,E313,6917.5,11722.5,6785.5,11620.5,6929.5,11659.5,6986.5,11641.5,6413.5,11674.5,6443.5,11674.5,6437.5,11650.5,6356.5,11107.5,6380.5,11140.5,6395.5,11122.5,6977.5,10876.5,6971.5,10921.5,7016.5,10921.5,5628.5,12444.5,4860.5,11340.5,5068.5,11268.5,4852.5,10540.5,5812.5,9260.5,5916.5,9420.5,6133.5,9197.5,7421.5,8197.5
0,MO-500-E-314.jpg,E314,6940.5,11163.5,6919.5,11118.5,6973.5,11091.5,7033.5,11088.5,6466.5,11121.5,6505.5,11121.5,6499.5,11085.5,6481.5,10608.5,6505.5,10635.5,6526.5,10617.5,6994.5,10185.5,7000.5,10227.5,7027.5,10218.5,5578.5,11848.5,4906.5,10612.5,5176.5,10588.5,5026.5,9892.5,5458.5,8968.5,5746.5,9124.5,5836.5,8614.5,6730.5,7570.5
0,MO-501-E-316.jpg,E316,6744.5,11611.5,6742.5,11563.5,6774.5,11525.5,6826.5,11547.5,6502.5,11641.5,6534.5,11637.5,6524.5,11609.5,6412.5,11221.5,6432.5,11247.5,6456.5,11221.5,6896.5,10963.5,6884.5,10999.5,6934.5,10995.5,6038.5,12073.5,5522.5,11333.5,5666.5,11249.5,5614.5,10809.5,5998.5,10237.5,6286.5,10313.5,6518.5,10049.5,7262.5,9627.5
0,MO-562-E-399.jpg,E399,6446,9616,6416.833,9557.5,6470.167,9553.5,6519.5,9565.5,6026.167,9514.833,6067.5,9524.167,6059.5,9489.5,6063.5,8962.833,6084.833,8997.5,6103.5,8977.5,6627.5,8818.167,6619.5,8859.5,6662.167,8859.5,5213.5,10011.5,4845.5,8887.5,5057.5,8791.5,5037.5,8255.5,5761.5,7335.5,6065.5,7595.5,6289.5,7299.5,6957.5,6865.5
0,MO-566-E-404.jpg,E404,6989.5,10170.5,6923.5,10101.5,7001.5,10089.5,7073.5,10101.5,6521.5,10263.5,6551.5,10257.5,6527.5,10227.5,6389.5,9690.5,6425.5,9732.5,6449.5,9708.5,7013.5,9219.5,7022.5,9276.5,7061.5,9255.5,6211.5,11076.5,5107.5,10428.5,5305.5,10194.5,4813.5,9450.5,5431.5,7998.5,5839.5,8202.5,6127.5,7764.5,6757.5,7116.5
0,MO-568-E-406.jpg,E406,7306.5,11548.5,7026.5,11352.5,7290.5,11388.5,7394.5,11412.5,6538.5,11500.5,6630.5,11492.5,6586.5,11444.5,6258.5,10728.5,6314.5,10776.5,6334.5,10728.5,7274.5,9956.5,7266.5,10060.5,7326.5,10044.5,5442.5,13324.5,3426.5,11436.5,3874.5,11204.5,3466.5,10124.5,4186.5,7772.5,4874.5,8036.5,5378.5,7252.5,7778.5,5480.5
0,MO_570_E409.jpg,E409,7953.833,11151.5,7928.5,11076.834,7999.167,11047.5,8077.833,11080.834,7375,11124,7412,11136,7407,11091,7177.833,10269.5,7191.5,10305.5,7233.833,10266.166,8161.5,9740,8156,9785.5,8229,9773.5,6047.833,12684.5,4431.5,10326.5,4861.5,10269.166,4590.5,9256.5,5723.5,7071.5,6800.5,7580.5,7018.5,7159.5,8662.166,5854.833
0,MO_572_E411.jpg,E411,6227.167,11276.5,6185.833,11217.833,6252.5,11188.5,6336.5,11187.167,5656.167,11337.833,5696.833,11339.833,5683.5,11305.167,5488.5,10648.167,5521.167,10684.167,5539.833,10636.833,6164.833,9909.166,6167.5,9957.166,6211.5,9930.5,4287.5,12265.5,3551.5,10835.167,3830.5,10730.5,3527.5,10074.5,3655.833,8415.5,4442.5,8560.5,4823.5,7963.5,5728.167,6606.5
0,MO_574_E415.jpg,E415,7264.5,12706.5,7243.5,12655.5,7325.5,12642.5,7415.5,12659.167,6664,12635,6717,12634.5,6693.5,12605,6465.5,11863,6493,11893,6514.5,11850,7276.833,11306.833,7277.167,11336.833,7322.833,11321.833,5253.5,13774.5,4363.5,11975.5,4813.5,11910.5,4551.5,11435.5,4704.5,9951.5,5320.5,10104.5,5518.5,9426.5,6772.5,8041.5
0,MO_577_StGeorge.jpg,check tag,6360.5,11129.166,6349.167,11092.5,6397.833,11093.834,6435.167,11108.5,6145.5,11001.166,6172.167,11022.5,6178.833,10991.166,6112,10554.5,6126,10592,6153,10565,6484.5,10559.5,6476.833,10593.5,6520.167,10587.5,5470.833,10912.5,5356,10242,5527.833,10226.5,5556.833,9921.834,5991.167,9473.166,6090.5,9715.5,6343.5,9636.5,6717.833,9326.5
0,MO_578_marquette.jpg,marquette/3309C,7927.5,10996.5,7866.5,10961.5,7905.5,10919.5,7995.5,10904.5,7469.5,11222.5,7520.833,11201.833,7482.833,11174.5,7294,10743,7331,10757,7328,10713.5,7632.5,10229.5,7650.5,10268.834,7695.833,10227.5,7090.167,12437.5,5852.833,11508.167,6113.167,11301.167,5745.5,10712.5,5456.5,9726.834,5921.833,9666.5,6044.5,9224.5,6419.5,7650.5
0,MO_586_E220.jpg,E220,6715.5,9780.5,6698.5,9752.5,6733.5,9716.5,6782.5,9721.5,6406,9812,6447.5,9808,6426.5,9780.834,6187.5,9338,6205,9355,6222.5,9325.5,6760,9199,6761,9239,6802,9220,5889.5,10437.834,5228.167,9693.834,5404.167,9540.5,5231.5,9089.5,5595.5,8359.166,5844.833,8455.834,5944.167,8108.5,6433.5,7321.5
0,MO_587_E190b.jpg,E190,6653.5,12009.167,6626.167,11986.5,6661.5,11966.5,6706.167,11981.167,6373.5,12052,6405,12047.5,6393,12018.5,6355.75,11679.5,6372.25,11704.25,6394.75,11673.25,6786.833,11499.5,6776.5,11536.167,6816.5,11527.5,5915.833,12400.167,5571.833,11787.5,5712.5,11712.833,5630,11299,6048.5,10653.5,6260.5,10799.5,6494.5,10530.5,7128.5,10197.5
0,MO_590_E164.jpg,E164,5691.5,12419.167,5690.167,12383.167,5739.5,12353.833,5794.167,12347.167,5425.5,12446.167,5469.5,12447.167,5453.5,12417.167,5142.833,11964.5,5173.5,11991.833,5183.5,11955.833,5664.5,11655.5,5669,11698.5,5709,11672.5,4646,13128.5,3946.5,12300.5,4172.5,12178.5,3908.5,11813.5,3909.5,10800.5,4415.5,10838.5,4684.5,10539.5,5499.5,9576.5
0,MO-374-E98,E98,1029.167,1959.5,1046.5,1960.833,1093.167,1955.5,1082.5,1971.5,1213.5,1970.5,1210.5,1980.5,1220.5,1980.5,1239.5,1824.5,1257.5,1825.5,1250.5,1836.5,1047.5,1706.5,1063.5,1698.5,1063.5,1710.5,1444.5,2210.5,1708.5,1856.5,1624.5,1826.5,1678.5,1628.5,1489.5,1286.5,1387.5,1346.5,1240.5,1220.5,928.5,1127.5
0,MO-380-E105-1,E105,1103.5,1912.5,1118.5,1909.5,1131.5,1916.5,1132.5,1929.5,1211.5,1907.5,1224.5,1903.5,1216.5,1893.5,1219.5,1773.5,1233.5,1771.5,1228.5,1782.5,1074.5,1683.5,1086.5,1674.5,1090.5,1690.5,1555.5,2001.5,1633.5,1653.5,1563.5,1649.5,1493.5,1607.5,1435.5,1267.5,1379.5,1309.5,1293.5,1265.5,1087.5,1013.5
0,MO-382-E108-1,E108,991.5,1929.5,1008.167,1926.5,1025.833,1920.167,1025.167,1930.5,1114.833,1904.5,1122.833,1902.5,1115.833,1896.5,1093.875,1776.5,1101.75,1778.75,1102.875,1774,962.25,1700.25,970.25,1693.5,974,1702,1366.5,1971.5,1407.5,1698.5,1359.5,1702.5,1376.5,1597.5,1224.5,1331.5,1160.5,1390.5,1109.5,1359.5,899.5,1183.5
0,MO-357-E075,E75,3583.5,5087.5,3631.5,5081.5,3663.5,5091.5,3671.5,5121.5,3969.5,5137.5,3997.5,5137.5,3981.5,5101.5,3991.5,4715.5,4015.5,4745.5,4029.5,4717.5,3549.833,4454.5,3584.5,4437.167,3587.167,4462.5,4735.5,5800.5,5335.5,4808.5,5151.5,4768.5,5255.5,4280.5,4967.5,3288.5,4711.5,3368.5,4455.5,2984.5,3575.5,2152.5
0,MO-358-E077,E77,3660.5,3952.167,3628.5,3949.5,3575.167,3933.5,3581.833,3958.833,3374.5,3955,3390,3953,3381.5,3940.5,3276.833,3708.5,3284.833,3718.167,3294.167,3704.167,3622.5,3543.833,3595.833,3537.167,3598.5,3554.5,3084.5,4376.5,2512.5,4068.5,2604.5,3968.5,2500.5,3564.5,2796.5,3020.5,2964.5,3020.5,3076.5,2820.5,3476.5,2484.5
0,MO-453-E190a,E190,3562.5,4272.167,3511.833,4284.167,3478.5,4325.5,3486.5,4357.5,3207.5,4507.5,3237.5,4495.5,3215.5,4475.5,3007.5,4083.5,3023.5,4107.5,3039.5,4075.5,3485.5,3829.5,3487.5,3855.5,3519.5,3841.5,2786.5,5187.5,2036.5,4503.5,2204.5,4383.5,1964.5,4029.5,2078.5,2841.5,2498.5,2979.5,2642.5,2655.5,3638.5,2133.5
0,MO-346-E060,E60,3813.5,5386.5,3857.5,5386.5,3941.5,5390.5,3929.5,5418.5,4239.833,5490.167,4271.833,5486.167,4253.167,5459.5,4407.5,4929.5,4434.5,4933.5,4422.5,4954.5,3825.833,4644.5,3860.5,4641.833,3865.833,4671.167,5104.5,6164.5,5630.5,5080.5,5406.5,5024.5,5614.5,4600.5,5246.5,3648.5,4974.5,3792.5,4790.5,3568.5,3910.5,2704.5
0,MO_323_E029.jpg,E29,3689.5,5120.5,3531.5,4938.5,3719.5,5074.5,3765.5,5084.5,3141.5,5042.5,3177.5,5030.5,3149.5,5008.5,3057.5,4530.5,3089.5,4564.5,3097.5,4536.5,3711.5,4194.5,3711.5,4246.5,3743.5,4242.5,2363.5,6158.5,1387.5,4982.5,1579.5,4826.5,1459.5,4125.5,1911.5,2850.5,2275.5,2942.5,3048.5,2161.5,3972.5,2347.5
0,MO_351_E065.jpg,E65,3129.5,4694.5,3118.5,4671.5,3133.5,4660.5,3154.5,4679.5,2906.5,4699.5,2919.5,4698.5,2914.5,4691.5,2843.5,4440.5,2856.5,4451.5,2859.5,4441.5,3082.5,4161.5,3082.5,4180.5,3096.5,4173.5,2570.5,5105.5,2072.5,4641.5,2208.5,4577.5,2064.5,4221.5,2262.5,3505.5,2404.5,3557.5,2412.5,3412.5,2782.5,2817.5
0,MO_353_E069.jpg,E69,3566.5,5101.5,3444.5,4989.5,3584.5,5069.5,3614.5,5067.5,3176.5,5075.5,3202.5,5075.5,3188.5,5053.5,3098.5,4693.5,3118.5,4711.5,3130.5,4695.5,3574.5,4499.5,3578.5,4533.5,3602.5,4523.5,2654.5,5713.5,1942.5,4837.5,2158.5,4813.5,1926.5,4381.5,2326.5,3345.5,2646.5,3565.5,2826.5,3265.5,3458.5,2670.5
0,MO_354_E072.jpg,E72,3269.5,4538.5,3255.5,4518.5,3265.5,4509.5,3287.5,4525.5,3065.5,4583.5,3078.5,4577.5,3071.5,4567.5,2971.5,4325.5,2981.5,4334.5,2988.5,4322.5,3214.5,4126.5,3216.5,4143.5,3235.5,4138.5,2851.5,4919.5,2431.5,4547.5,2509.5,4509.5,2357.5,4243.5,2463.5,3704.5,2617.5,3712.5,2813.5,3452.5,3269.5,3046.5
0,MO_364_E089.jpg,E89,3220.5,5055.5,3176.5,5004.5,3227.5,5028.5,3253.5,5028.5,2987.5,5030.5,3007.5,5030.5,3000.5,5015.5,2941.5,4733.5,2947.5,4744.5,2957.5,4738.5,3229.5,4534.5,3228.5,4551.5,3243.5,4548.5,2525.5,5371.5,2241.5,4817.5,2367.5,4803.5,2231.5,4462.5,2517.5,3913.5,2685.5,3987.5,2867.5,3771.5,3077.5,3391.5
0,MO_370_E095.jpg,E95,3178.5,4626.5,3178.5,4596.5,3180.5,4562.5,3196.5,4552.5,3035.5,4645.833,3051.5,4644.5,3042.167,4629.833,2992.833,4416.5,3006.167,4428.5,3012.833,4420.5,3207.5,4133.167,3202.167,4155.833,3218.167,4154.5,2447.5,5079.5,2135.5,4518.5,2270.5,4443.5,2117.5,4125.5,2342.5,3393.5,2594.5,3468.5,2720.5,3288.5,3320.5,2646.5
0,MO_405_E132 (2).jpg,E132,3280.5,4441.5,3265.5,4418.5,3290.5,4404.5,3311.5,4396.5,2994.5,4438.5,3013.5,4434.5,3000.5,4419.5,2957.5,4148.5,2968.5,4158.5,2976.5,4152.5,3270.5,3947.5,3273.5,3964.5,3289.5,3961.5,2701.5,4861.5,2211.5,4365.5,2317.5,4309.5,2129.5,3921.5,2439.5,3189.5,2653.5,3317.5,2781.5,3143.5,3277.5,2633.5
0,MO_411_E141.jpg,E141,3911.833,4637.5,3830.5,4569.5,3947.833,4585.5,3983.833,4573.5,3552.167,4582.5,3578.833,4579.833,3562.833,4555.833,3497.5,4218.5,3508.167,4237.167,3522.833,4223.833,3992.167,3936.5,3989.5,3953.833,4020.167,3956.5,2713.5,5392.5,2065.5,4176.5,2297.5,4180.5,2145.5,3680.5,2693.5,2552.5,3041.5,2784.5,3293.5,2472.5,4141.5,1844.5
0,MO_534_E357.jpg,E357,3183.5,5135.5,3153.5,5104.5,3193.5,5115.5,3222.5,5122.5,2877.5,5114.5,2889.5,5114.5,2884.5,5104.5,2852.5,4757.5,2858.5,4770.5,2869.5,4763.5,3237.5,4464.5,3236.5,4480.5,3251.5,4479.5,2372.5,5513.5,1814.5,4739.5,1994.5,4691.5,1904.5,4418.5,2177.5,3647.5,2486.5,3734.5,2714.5,3518.5,3296.5,2978.5
0,MO_535_E358a.jpg,E358,3796.5,4963.5,3776.5,4921.5,3806.5,4903.5,3852.5,4897.5,3500.5,4979.5,3526.5,4979.5,3520.5,4951.5,3428.5,4485.5,3448.5,4509.5,3464.5,4497.5,3884.5,4183.5,3882.5,4225.5,3914.5,4213.5,2612.5,5593.5,2120.5,4357.5,2392.5,4325.5,2320.5,3841.5,2632.5,3025.5,3016.5,3153.5,3172.5,2877.5,4072.5,2152.5
0,MO_536_E358b.jpg,E358,3242.5,5160.5,3233.167,5128.5,3253.167,5124.5,3275.833,5137.833,3015.833,5077.833,3039.833,5084.5,3030.5,5067.167,3014.5,4772.5,3026.5,4797.833,3037.167,4783.167,3326.5,4613.833,3318.5,4631.167,3342.5,4637.833,2381.5,5448.5,2162.5,4587.5,2207.5,4581.5,2147.5,4329.5,2609.5,3600.5,2795.5,3732.5,3056.5,3582.5,3530.5,3135.5
0,MO_539_E352.jpg,E366,3416.167,4800.833,3377.5,4768.833,3436.167,4775.5,3470.833,4779.5,3049.5,4827.5,3073.5,4827.5,3065.5,4814.167,3008.167,4391.5,3021.5,4408.833,3029.5,4394.167,3488.167,4103.167,3488.167,4121.833,3513.5,4123.167,2298.5,5301.5,1814.5,4389.5,1994.5,4361.5,1922.5,3909.5,2326.5,3085.5,2558.5,3273.5,2750.5,3025.5,3266.5,2237.5
0,MO_541_E371.jpg,E371,2628.833,4715.5,2594.167,4652.833,2658.167,4666.167,2696.833,4686.167,2340.833,4776.833,2362.167,4770.167,2343.5,4752.833,2191.5,4292.833,2206.167,4308.833,2220.833,4298.167,2670.167,3842.5,2671.5,3867.833,2696.833,3861.167,1740.5,5554.5,952.5,4578.5,1176.5,4490.5,1016.5,3902.5,1500.5,3109.5,1688.5,3225.5,1884.5,2845.5,2496.5,2134.5
0,MO_542_E372.jpg,E372,3611.5,5265.5,3566.5,5233.5,3623.5,5224.5,3645.5,5225.5,3314.5,5284.5,3336.5,5285.5,3327.5,5270.5,3192.5,4861.5,3206.5,4877.5,3217.5,4867.5,3655.5,4696.5,3655.5,4709.5,3671.5,4706.5,2584.5,5927.5,1980.5,4931.5,2132.5,4851.5,2096.5,4407.5,2624.5,3550.5,2792.5,3714.5,3088.5,3536.5,3800.5,3058.5
0,MO_544_E374.jpg,E374,3300.5,5408.5,3251.167,5341.833,3317.833,5371.167,3341.833,5353.833,2904.5,5319.167,2932.5,5321.833,2928.5,5304.5,2939.167,4941.833,2948.5,4957.833,2965.833,4948.5,3361.833,4760.167,3356.5,4782.833,3381.833,4782.833,2373.5,5702.5,2057.5,4978.5,2201.5,4938.5,2069.5,4594.5,2417.5,3844.5,2673.5,4012.5,2885.5,3694.5,3377.5,3140.5
0,MO_377_E101-1.tif,E101,969.5,1836.5,960.5,1823.5,972.5,1815.5,987.5,1814.5,895.167,1843.5,907.167,1845.833,901.833,1834.833,831.5,1712.5,841.5,1721.5,844.5,1712,957.5,1611.5,958.5,1626.5,971.5,1621.5,660.833,2014.167,482.5,1735.5,532.5,1715.5,502.5,1600.5,606.167,1333.833,680.5,1377.833,736.5,1274.5,947.5,1059.5
0,MO_378_E102-1.csv,E102,1082.5,1969.833,1078.5,1955.167,1097.167,1952.5,1118.5,1953.167,957.5,1951.5,974.5,1952.5,965.5,1941.5,934.5,1817.5,944.5,1825.5,949.5,1811.5,1100.5,1723.5,1102.5,1703.5,1116.167,1716.5,687.5,2211.167,453.5,1861.5,558.5,1828.5,479.5,1626.5,696.5,1289.5,764.5,1357.5,896.5,1258.5,1283.5,1105.5
0,MO_379_E103-1.jpg,E103,1025.167,1932.167,1033.167,1920.5,1024.5,1911.167,1004.833,1907.5,1145.167,1957.5,1129.833,1956.167,1139.833,1948.167,1206.167,1819.167,1190.167,1831.167,1190.167,1813.833,1045.5,1714.5,1043.5,1732.5,1031.5,1724.5,1265.5,2172.5,1531.5,1972.5,1465.5,1920.5,1567.167,1763.5,1468.5,1416.5,1372.5,1466.5,1287.5,1325.5,1032.5,1106.5
0,MO_387_E115-1 (1).tif,E115,864.5,1793.5,868.5,1783.5,856.5,1779.5,840.5,1777.167,929.25,1806,921.25,1804.75,926,1799.5,946.5,1717.833,939.5,1726.833,936.167,1715.5,854.833,1644.5,853.5,1652.167,844.5,1647.167,1024,1966.5,1198,1776,1174,1763,1209,1682,1148.5,1410,1064,1429,1037.5,1385.5,849.5,1243.5
0,MO_546_E376.jpg,E376,1276.833,2769.167,1278.833,2754.5,1259.5,2757.167,1243.5,2759.167,1348.833,2777.167,1338.833,2779.833,1341.5,2767.167,1396,2624,1386,2638.5,1381,2623.5,1254.5,2527.167,1254.5,2543.833,1243.167,2535.167,1585.5,2954.5,1765.5,2672.5,1679.5,2640.5,1727.5,2501.5,1653.5,2205.5,1513.5,2273.5,1459.5,2171.5,1264.833,1874.5
0,MO_548_E379.jpg,E379,726.5,1406,724,1399,719.5,1395.5,708.5,1396,788,1413,781.5,1412.5,783,1406.5,801.75,1330.25,797.5,1332.25,795.75,1326.75,717.5,1284.75,718.5,1292,709,1287,927.833,1509.833,1021.5,1343.5,988.5,1327.5,1012.5,1244.5,939.167,1075.167,887.167,1108.5,857.5,1062.833,722.833,938.833
0,MO_550_E381.jpg,E381,813.5,1451,813,1441.5,810,1434.5,798.5,1434.5,883,1475,875,1474,881.5,1467,939.833,1373.833,933.5,1377.167,933.167,1370.5,830.5,1305.167,828.167,1313.167,820.5,1308.5,977.5,1649.5,1158.5,1461.5,1127.5,1433.5,1180.5,1350.5,1106.5,1123.5,1065.5,1156.5,1027.5,1085.5,892.833,897.833
0,MO_551_E382.jpg,E382,918.167,1472.167,915.833,1465.167,903.5,1469.833,890.833,1472.167,986.5,1456.5,979.167,1457.167,979.833,1451.5,990.167,1372.5,986.833,1377.833,982.167,1371.5,877.167,1333.5,879.5,1339.833,872.167,1338.167,1180.833,1538.5,1242.167,1341.167,1192.833,1333.167,1198.167,1226.5,1071.5,1071.833,1035.5,1114.5,974.167,1039.833,742.5,925.5
0,MO_552_E384.jpg,E384,787.5,1437.5,783.5,1431,772,1432.5,762,1433,849,1431.5,844,1434,847.5,1424,873.167,1312.833,870.5,1317.167,865.833,1310.833,757.167,1255.833,758.167,1261.5,751.167,1258.167,1001.5,1522.5,1110.5,1328.5,1068.5,1302.5,1082.5,1207.5,1008.5,1025.5,957.5,1056.5,903.5,998.5,769.5,822.833
0,MO_553_E385.jpg,E385,727.167,1412.167,727.5,1405.167,735.833,1405.5,741.167,1404.833,670.833,1421.5,678.167,1421.833,675.167,1416.167,660.5,1336.833,664.167,1341.5,668.167,1336.167,746.833,1280.833,747.167,1287.167,754.5,1283.833,540.5,1542.5,416.167,1357.833,453.5,1333.833,437.5,1256.5,524.167,1063.167,588.167,1092.5,644.5,1043.5,824.5,979.5
0,MO_554_E386.jpg,E386,844.167,1225.167,845.5,1219.5,831.833,1221.833,824.167,1226.833,916.5,1236,911.25,1235.25,913,1230.25,927.833,1137.5,921.833,1142.833,922.167,1135.167,804.833,1096.167,807.167,1102.167,798.5,1100.5,1038.833,1333.833,1146.167,1161.833,1096.833,1148.5,1142.167,1035.167,1055.5,851.167,970.167,907.167,920.833,856.5,766.5,743.5
0,MO_555_E387.jpg,E387,879.5,1378,879,1370,856,1369,845.5,1367.5,937,1392.5,930,1393,933,1388,977.25,1290.25,973,1293.75,972.5,1286.75,867,1222.25,867,1228.75,856.75,1222.75,1077.5,1528.5,1232.5,1316.167,1140.5,1309.5,1199.5,1206.5,1153.833,1018.833,1052.5,1060.167,983.167,978.833,803.5,904.5
0,MO_556_E388.jpg,E388,857.5,1416,858.5,1406.5,879.5,1405,886.5,1403.5,794.833,1418.167,799.833,1418.167,799.167,1411.167,746.5,1273.167,750.167,1278.833,755.5,1274.833,887.167,1247.5,887.5,1254.5,897.5,1250.833,512.5,1518.5,468.5,1404.5,476.5,1226.5,523.5,1220.5,539.5,1084.5,712.5,953.5,771.5,949.5,1045.5,909.5
0,MO_558_E392.jpg,E392,703.833,1444.167,705.833,1437.5,694.5,1433.5,685.167,1431.5,774.833,1459.5,767.833,1457.833,772.833,1451.5,801.167,1365.833,797.167,1371.5,795.833,1360.5,723.167,1272.5,722.167,1279.167,716.167,1271.833,886.5,1596.5,1041.5,1438.5,999.5,1415.5,1063.5,1309.5,967.5,1066.5,914.5,1106.5,858.5,1024.5,691.5,887.5
0,MO_559_E394.jpg,E394,820.167,1540.5,823.167,1534.5,816.167,1529.167,806.167,1524.5,890.5,1568.833,884.5,1569.167,886.833,1561.5,947.5,1466.167,942.167,1469.833,940.5,1462.5,845.167,1378.167,842.5,1383.833,834.833,1378.167,1052.5,1722.833,1231.167,1525.5,1185.833,1493.5,1227.167,1424.167,1147.167,1146.833,1065.833,1178.833,1012.167,1111.167,764.167,1024.5
0,MO_560_E396.jpg,E396,793.167,1509.833,792.167,1502.833,814.5,1503.5,823.5,1502.5,732.833,1524.5,741.167,1523.167,737.833,1515.833,714.167,1430.833,717.5,1436.167,724.5,1432.167,804.833,1345.833,806.5,1350.833,815.167,1348.833,572.167,1650.167,433.5,1462.5,465.5,1448.5,440.5,1303.5,567.5,1095.5,627.5,1130.5,679.5,1065.5,906.167,943.5
0,MO_561_E397.jpg,E397,815.833,1278.833,811.833,1274.833,828.167,1271.5,838.5,1267.833,738.833,1301.833,744.833,1300.833,742.833,1295.5,725.833,1228.5,731.5,1231.833,732.833,1225.167,808.5,1153.5,810.833,1159.833,818.833,1155.5,627.5,1425.5,523.833,1303.833,561.167,1285.833,513.833,1194.5,532.5,1031.833,594.5,1045.167,616.5,979.833,710.5,795.5
