,INVO,Spec_int,B11:P31,Na23:P31,Mg26:P31,Al27:P31,P31:P31,S34:P31,K39:P31,Ca44:P31,Fe54:P31,Mn55:P31,Co59:P31,Ni60:P31,Cu63:P31,Zn66:P31,As75:P31,Rb85:P31,Sr88:P31,Mo98:P31,Cd111:P31
0,318684.0,1.0,2.130652,1.3979832,-0.43786559,-0.2696498,1.0,1.4461085,-0.38587677,-0.23853825,1.2793187,2.3447568,0.3521872,-0.22703488,0.18236068,1.3371917,-0.31432945,-0.15574284,1.3616179,0.91884613,0.13113384
1,588141.0,1.0,0.54488146,0.14299776,-0.7587134,-0.29508296,1.0,0.3453823,-0.7037642,-0.81889015,0.17302425,0.57208705,-0.69841576,-0.89027375,-0.12869252,0.35053688,-0.07303295,-0.66753435,-0.002964182,0.18574406,0.0395562
2,588646.0,1.0,-0.15810841,0.041047156,-0.83097297,-0.40840992,1.0,-0.7257252,-0.96103346,-0.8386001,-0.5428364,0.029955491,-1.068659,-0.7264246,0.017633785,-0.264329,-0.75039965,-0.9082674,-0.63212645,-0.06829441,0.63823074
3,588378.0,1.0,1.606367,1.3990445,-0.90055686,-0.29466188,1.0,0.012803108,-0.89000034,-0.9096229,-0.05211965,1.6075764,-0.30949622,-0.8412943,-0.5161762,1.3020676,0.087579206,-0.61548805,-0.9198243,-0.3656075,-0.028250134
4,1583.0,1.0,0.07961843,-0.33758253,-0.83854944,-0.31277522,1.0,-0.068778045,-1.604688,-0.9945507,-0.55559593,0.53535736,-0.68297184,-0.7093604,1.2736214,0.25916946,0.26325965,-0.92186314,-1.0468469,-1.1203712,-0.0502302
5,588459.0,1.0,2.501374,1.2511125,-0.6567254,-0.15182635,1.0,2.5147567,0.77083695,-0.59829897,1.3390656,2.1935742,0.5876896,-0.41279644,0.55188483,1.7875562,-0.38509858,0.26523554,-0.37487245,1.6230402,0.17227563
6,588448.0,1.0,-0.35952938,-0.34257534,-1.2362942,-0.42657235,1.0,-0.9988014,-1.7727382,-0.76625603,-0.55942965,0.08955062,-0.9987721,-1.0450675,-0.3045893,-0.22915901,-0.74722385,-0.6627377,-0.7249347,-0.3420517,0.09448715
7,588144.0,1.0,0.12795396,0.46263802,-1.2024306,-0.1952808,1.0,-0.74979305,-0.48667473,-0.9763416,-1.0533637,0.272831,-0.87173414,-1.0255659,-0.4647776,0.24770212,-0.32540503,-0.30756524,-1.1363579,0.008915441,-0.18071446
8,588325.0,1.0,-0.03740512,1.1930318,-1.0504956,-0.24569237,1.0,0.08674556,0.5283879,-1.0093889,-0.5059838,1.0917885,-0.4305772,-0.8942271,-0.40663785,0.7720028,-0.09636625,-0.304003,-1.044783,-0.105570935,0.056711428
9,588393.0,1.0,0.24364452,1.6936321,-1.1341043,-0.19236408,1.0,0.00046033648,-0.17833687,-0.9278647,0.2104649,1.2671773,-0.38327006,-0.922657,-0.5709985,0.3499083,-0.1151399,-0.28762674,-0.41069257,0.27336922,-0.24545674
10,588324.0,1.0,0.48604304,0.76603115,-1.0717674,-0.3705352,1.0,-0.7202205,-0.55892646,-0.97047335,-0.5722792,0.5452745,-0.7401209,-0.9875339,-0.36906713,0.21874695,-0.432688,-0.8698141,-0.19061884,0.060515523,-0.29294223
11,588442.0,1.0,3.9883306,2.7003548,-0.897888,-0.115973145,1.0,-0.20194252,0.8223541,-0.6814353,1.1803015,1.6545861,-0.1470377,-0.65460485,0.10260324,4.9865704,0.20581527,-0.47773957,-0.2679605,1.1767027,0.46395132
12,237621.0,2.0,0.53549093,0.020979606,-0.9562407,-0.23873325,1.0,0.34049436,-0.12423932,-0.85143447,0.09154351,0.66688114,-0.56682706,-0.78711134,1.2083395,0.3200589,-0.23192443,-0.8517711,-0.60805756,1.0015106,0.19408555
13,588677.0,2.0,0.032963514,1.2057385,-0.8491439,-0.36726266,1.0,0.20711231,-0.7950716,-0.8444314,-0.2828686,0.9722694,-0.26487538,0.048794456,2.4795024,0.53277886,0.49001172,-0.7035784,-0.61285067,-1.1470573,-0.038765024
14,483143.0,2.0,0.65861905,-0.10047779,-0.6272653,-0.255345,1.0,-0.21123062,-1.4862407,-0.747862,0.11521416,-0.0923795,-0.9245665,-0.47629365,0.7104131,0.6197867,0.24925646,-1.0620136,-0.4625365,-1.2168868,0.56177145
15,588626.0,2.0,-0.072117776,0.6707708,-1.2461479,-0.19638014,1.0,-1.0067382,0.44440755,-0.9635139,-0.41750872,1.3630948,-0.43551725,-0.51531297,0.6436043,1.0875667,0.6011178,-0.93425137,-0.89561105,-0.5252037,0.33381224
16,483138.0,2.0,0.4392475,0.86733574,-0.92860484,-0.1416785,1.0,0.10773762,-0.93692654,-0.8321412,-1.0227228,1.1849692,-0.41089144,-0.26047376,0.85360974,1.4614829,-0.51055175,-0.87095696,-0.62022245,-1.3494815,1.0101206
17,483130.0,2.0,-0.15270492,-0.25901684,-0.84720737,-0.33319873,1.0,-0.28183967,-1.3916018,-0.8170601,-0.85499024,-0.29925177,-1.0912828,-0.92335117,0.95474946,0.24298266,-0.48311284,-1.0240613,-0.33488432,-1.3495712,0.2723422
18,588199.0,3.0,0.6215882,2.1607172,-0.9630684,0.42449987,1.0,-0.48411214,-0.31669682,-1.2220346,-0.495294,2.1373746,0.58346874,3.5532217,1.4234148,2.6092055,2.5710478,0.33014762,-1.4822993,-0.7597995,-0.07088381
19,588198.0,3.0,-0.2415965,1.182319,-0.92297083,-0.28745174,1.0,-0.12425489,-0.91477424,-1.0682374,-0.43659467,0.39516369,-0.25914872,0.103981696,0.7793927,0.44204113,-0.49603096,-0.5377848,-0.91933125,0.44622043,-0.15834194
20,588205.0,3.0,-1.0115931,0.003599224,-1.066918,0.36661407,1.0,-1.6111485,-1.0473721,-1.1518897,-0.38132825,0.46867996,-0.55337024,-0.76336163,0.5931518,0.6174526,-0.122833274,-0.72952944,-1.2756925,-0.641765,0.13322496
21,588200.0,3.0,1.4337784,3.545407,-0.95682746,,1.0,-0.20860976,-1.1055923,-0.9654163,-0.18837003,0.42490122,-0.6959771,0.48166117,2.334228,0.8464825,0.5795328,-0.5028833,0.19601518,0.71842724,-0.070622675
22,588186.0,3.0,0.1688732,0.5808268,-1.284376,-0.2662541,1.0,0.046823952,-1.1476389,-0.9290494,-0.7119359,0.8779737,-0.5414347,-0.23160885,2.1311176,0.7036553,-0.25447085,-1.0007447,-0.7545025,4.100958,0.12734586
23,588221.0,3.0,-0.16448812,0.49849254,-1.006983,0.011052359,1.0,2.4132593,-2.0142653,-0.3514787,-0.010375224,2.190039,0.15279269,0.0105525125,2.3021786,1.8496399,-0.10394673,-1.091017,0.12939844,7.9313965,0.7007513
24,588398.0,3.0,0.32153115,-0.07349651,-0.9037077,-0.2348924,1.0,-0.663181,0.2992662,-1.0792938,0.36436123,0.49548998,-0.61273295,0.7304903,2.8478832,1.1645206,-0.4225609,-0.91402006,-1.1267178,0.18167418,0.38349527
25,588218.0,3.0,1.4115479,2.234175,-1.2541904,-0.35370544,1.0,-0.8426226,-0.07427473,-1.1477971,-0.51236314,0.38257137,-0.5725193,2.549761,2.5752482,1.1316507,-0.021938158,-0.60603535,-1.3793762,2.9693115,0.26925278
26,588154.0,3.0,-0.081628636,-0.104123406,-0.8463678,-0.43221918,1.0,-0.2737375,-1.3016256,-0.7751351,-0.27772355,0.76109296,-0.7653768,0.08327917,1.6083493,-0.04266768,0.42265064,-0.98902756,-0.40975162,1.6537318,0.108719446
27,588356.0,3.0,2.096098,2.0132754,-1.2162017,0.054282565,1.0,-0.8305066,-1.0315018,-1.1191702,-0.3989646,1.7696583,0.08915028,1.011442,1.9637202,1.0765935,-0.1883177,-0.88581264,-1.4104679,-0.5655374,0.17458154
28,588208.0,3.0,-0.09973788,1.2102386,-0.92576337,-0.3891306,1.0,-0.8242055,-0.54595435,-0.9499543,0.11166624,0.3175106,-0.57331944,2.1260529,4.0348487,1.4226859,0.48560438,-0.73849094,-0.90690506,1.0388285,-0.013572799
29,588197.0,3.0,0.08961303,0.9043702,-0.96987426,-0.18017618,1.0,-0.61692125,0.23041242,-1.0986688,0.07604226,0.7705367,-0.33285365,1.8092599,0.8457917,0.6626029,-0.49791262,-0.8164527,-1.336389,2.5998876,0.017850358
30,588219.0,3.0,-0.70053047,0.09763744,-0.9170329,-0.3680759,1.0,-0.3274759,-0.7936356,-1.0650563,0.17894533,1.0303255,-0.32306105,1.611333,1.6222894,0.8311609,-0.048715763,-0.8708488,-1.16883,2.7290225,-0.114877224
31,588217.0,3.0,0.3632808,-0.108275644,0.038466606,-0.24835415,1.0,0.37285772,-1.2307299,-0.1376693,0.014201141,0.78114617,-0.64425415,-0.81550056,1.0591357,-0.11976914,-0.1345426,-0.9467814,0.8570177,2.6189694,-0.1739588
32,588134.0,3.0,-0.40068468,0.11974791,-1.0048544,-0.22632721,1.0,-0.27888614,0.6817103,-0.7697257,-0.3607944,0.31793392,-0.625208,0.72990894,3.566133,1.51142,0.34624973,-1.0078235,-0.49996918,2.2682123,0.13519621
33,588685.0,3.0,0.43701106,1.7605059,-0.59166634,-0.09259682,1.0,2.3916748,0.28972504,-0.58578986,0.4428832,2.5230553,0.29934135,1.6510966,3.090458,1.8064451,0.24367692,-0.6639017,0.01737278,4.674908,0.6019497
34,588575.0,3.0,-0.59457153,-0.17579572,-0.93294924,-0.30515465,1.0,-1.0828389,-1.3541995,-1.0280316,-0.49250513,0.55468136,-0.29068717,0.6597079,1.7618265,0.5125189,-0.007610339,-1.0001872,-1.0738084,6.47222,0.5772123
35,588466.0,3.0,-0.009107941,-0.08877261,-0.94115996,-0.00029205743,1.0,-0.6028138,-1.4597048,-0.9437105,-0.25937957,0.5259592,-0.6620708,-0.5933564,4.5216694,0.34842324,-0.3990855,-0.9231005,-0.84986794,1.3490136,-0.005601854
36,171.0,3.0,0.018646238,0.20049487,-1.1390356,-0.3722215,1.0,1.0639554,-1.5056021,-0.7340442,0.75748324,1.0939618,-0.5118117,-0.9290421,1.3083103,0.2521381,-0.44671893,-1.0977126,-0.38862944,-1.2068365,0.41748402
37,588678.0,3.0,0.1911043,-0.31787986,-1.0955364,0.049287274,1.0,-1.1696889,-1.1415292,-1.0791674,-0.88566744,0.89395386,-0.45071477,0.8696424,2.5291162,0.4171883,-0.48993427,-0.87585044,-1.2125463,3.3670783,0.02800769
38,597232.0,3.0,1.383146,4.2578,-1.1117179,0.09840131,1.0,-1.057515,1.4092333,-1.2041844,-0.083606154,0.63163376,-0.4177614,2.903692,1.294672,2.0818594,-0.29017717,-0.6435594,-1.6626047,0.84720457,0.7203226
39,588460.0,3.0,-0.116463624,0.06977677,-1.0473095,-0.28820425,1.0,-0.7862129,-1.7584891,-0.89269495,-0.6215055,0.04206536,-0.6102518,0.30387658,2.2314086,0.5091795,-0.425868,-0.6585331,-0.78309405,0.8942583,-0.05976481
40,588143.0,3.0,-0.52793825,0.19410023,-1.060011,1.8817431,1.0,-0.43299592,-0.84600943,-0.76926196,-0.2991626,0.62037426,-0.52264476,0.25205007,1.3943125,0.6175883,-0.34115037,-0.93430537,-0.6853889,1.7453903,0.19121628
41,588328.0,3.0,-0.030520095,-0.024106033,-0.77464664,-0.31894606,1.0,-1.1507947,-1.1853691,-0.8969641,0.4959799,0.6406491,-0.5080924,1.9706138,1.1450753,0.6062388,-0.37719226,-0.97827137,-0.8279801,1.9812286,0.20011725
42,588329.0,3.0,0.0032369592,1.7189176,-1.0799177,0.63345575,1.0,0.38377947,0.3767141,-1.1089168,-0.44869578,3.8714364,0.7959808,3.4029474,1.812399,1.8824154,0.50332546,-0.83416206,-1.3214549,0.27588382,0.15460578
43,588372.0,3.0,-0.1165039,1.341144,-1.368413,-0.25020707,1.0,-2.1362822,0.22806253,-1.1639023,-0.20400314,-0.602757,-1.2247323,-0.017992524,1.7546878,-0.5012993,-0.6874262,-1.0141096,-1.3194458,0.7113059,-0.10605768
44,588352.0,3.0,-1.2788167,1.7643695,-1.2551092,-0.0077579482,1.0,-0.9489522,-1.1976457,-0.9060733,-0.7725579,1.0801969,-0.53726524,0.89146847,1.9367527,0.81590843,-0.5091631,-0.9623243,-0.7818818,-0.171776,-0.0110318875
45,588220.0,3.0,0.050422452,0.46654004,-0.79673743,-0.437092,1.0,-0.77877855,-1.7468854,-0.8678465,-0.09437603,0.4361573,-0.6503888,0.092388704,1.5708241,0.2369216,-0.73144644,-0.92971975,-0.06681629,1.2432048,-0.13422436
46,588222.0,3.0,0.36855936,-0.11897744,-0.58915,-0.33558086,1.0,0.27396676,0.4296817,-0.41855806,0.9271423,1.2553761,-0.11006989,1.2071365,2.416704,0.51766723,-0.15366834,-0.9269559,0.5799854,1.5490804,0.5290875
47,588173.0,4.0,0.43551382,0.44749454,-0.6782397,-0.25581777,1.0,0.030495046,-0.3172141,-1.0675101,-0.7471688,0.35511327,-0.46966824,-0.14958422,1.6724107,0.7114694,1.0281957,-0.7853827,-1.2040501,-1.3458375,0.19195187
48,588182.0,4.0,1.3697643,0.3365265,-0.27926663,-0.10143949,1.0,0.79945886,0.8089543,-0.8611907,0.023668228,0.513278,-0.57588214,-0.05460832,2.199959,0.73907787,0.04709952,-0.8395642,-0.6283149,-1.090421,0.19366671
49,588165.0,4.0,-0.47050065,1.0577474,-0.96516365,-0.25378293,1.0,-0.550183,-0.17164877,-1.2269647,-0.8842674,0.69605654,-0.6242385,-0.36835718,0.26992998,1.1701978,0.148312,-0.732298,-1.5432073,-1.3731376,-0.018956846
50,588128.0,4.0,0.10529156,1.6785752,-0.7372893,-0.27455238,1.0,1.5892129,-1.1479547,-0.9833619,-0.07938188,0.7074171,-0.5618265,-0.57955176,1.6139758,0.33704263,0.5917516,-0.8904319,-0.111231744,3.252696,0.24864748
51,483160.0,4.0,0.55213827,1.122526,-0.6601401,-0.1995301,1.0,1.2381208,-0.6526073,-0.8202484,-0.5053528,1.9570062,0.030412458,0.022024946,2.5217652,1.6385788,0.2606314,-0.95873344,-0.57782304,-1.2857672,0.39417204
52,483161.0,4.0,0.038094755,0.23266657,-0.35258698,-0.30531305,1.0,1.3107381,0.01934648,-0.5974505,-0.2975093,1.0350426,-0.3961715,-0.22663388,1.4237133,0.444811,0.5100509,-0.81922925,0.089888915,-1.4114758,0.15877874
53,483148.0,4.0,0.5762585,0.24188763,-0.1501101,-0.3103606,1.0,0.14365241,0.8391572,-0.71368337,-0.15561943,0.6508178,-0.75441384,-0.14721288,2.155669,0.5560694,-0.35584447,-1.0593878,-0.37463245,-1.330089,0.23167574
54,483164.0,4.0,-0.19194493,0.45123777,-0.78366923,-0.34424683,1.0,-0.6555927,-1.2626101,-1.0227084,-0.73275065,0.87426287,0.10675136,-0.18174256,1.6235305,0.6161734,0.34369037,-0.8884543,-1.0775694,-1.3871597,-0.06139731
55,588584.0,4.0,1.4424167,0.3721231,-0.21048614,0.28018692,1.0,1.6724147,0.06383819,-0.37679565,0.74276185,3.6975996,0.77579457,0.6697282,0.7200899,2.6430233,1.7998577,-1.1185129,0.11502055,-1.1605815,0.3680485
56,588648.0,4.0,0.29353353,0.30537415,-0.329239,-0.24281275,1.0,0.19315162,0.9740167,-0.7744012,-0.38674542,0.4706671,-0.78687906,-0.6081435,1.8469453,0.06940385,0.13897869,-1.0156202,-0.50015146,-1.1107916,0.10484389
57,594349.0,4.0,0.41111538,2.958811,-1.1388727,-0.2511567,1.0,-1.476018,-0.079233006,-1.3069278,-0.8961137,-0.28523535,-0.92923343,-0.6530449,1.3589156,0.54120135,0.026135333,-0.3823087,-1.6301093,-0.60783845,-0.14997582
58,588583.0,4.0,1.4847473,1.5398699,-1.1831269,-0.10591405,1.0,-0.6921384,0.5317754,-1.3538536,-1.0543033,-0.15759313,-1.0520289,0.11874473,0.6713137,0.14157672,2.4623458,-0.87329036,-1.7041826,-1.1647035,0.059655096
59,588585.0,4.0,1.8345467,0.9029416,-0.68555725,-0.21783723,1.0,-0.1713315,0.94365406,-0.9577442,-0.25426555,0.76611274,-0.6665746,0.0016205169,1.9616483,0.56716365,-0.06269241,-0.90389436,-0.9693993,-1.3318868,0.19936134
60,1587.0,4.0,-0.10424748,0.37082347,-1.0409626,-0.25329244,1.0,-0.85815734,-0.5978934,-1.2789491,-0.86942416,0.70631737,-0.64836246,-0.89397645,0.29302284,0.20848803,-0.10398081,-0.8314529,-1.4768277,-1.0597855,-0.13939163
61,483162.0,4.0,1.8084097,1.8886843,-0.5313454,-0.03400851,1.0,0.7864278,1.7413836,-0.5341605,-0.6277938,2.0708816,-0.10303993,-0.37079987,2.0439878,2.0652046,,-0.96567005,-0.073866524,-1.0650369,0.55549234
62,483151.0,4.0,0.30472034,0.9887877,-0.7773342,-0.1470696,1.0,-0.04070876,0.21050854,-0.79436374,-0.43428648,1.6510439,-0.24747318,-0.3950037,1.2399756,0.9830222,0.8232073,-0.8524715,-0.57436055,-1.2177628,0.70279056
63,483159.0,4.0,0.1571154,1.1833845,-0.6055428,-0.065686904,1.0,-0.82019264,0.9300484,-1.1662161,-0.96975553,-0.1467579,-0.9677645,0.29765382,1.4963065,0.7046209,-0.018568993,-0.854109,-1.340936,-1.3268104,-0.11411284
64,588658.0,4.0,-0.3728804,0.18963012,-0.66966414,-0.20657428,1.0,-1.2422998,0.21818978,-1.0235372,-1.1282665,-0.05113745,-0.94197005,-0.8141908,0.5388348,0.18443011,-0.4969366,-0.99342674,-1.0886425,-1.2515923,0.21834655
65,588675.0,4.0,-0.50900716,1.5521542,-1.0615995,-0.30883574,1.0,-1.5060349,-0.79499674,-1.1755849,-1.3903942,-0.15318158,-1.0821396,-0.85200083,0.5843164,-0.43636793,-0.7121998,-0.93799996,-1.2577177,-0.028654221,-0.22298008
66,588647.0,4.0,1.0129331,1.1115386,-0.85547596,-0.0016126288,1.0,-0.8068887,2.0307658,-0.946617,-0.7140309,0.007064645,-0.7535763,0.1821704,2.3112516,1.1477889,1.4627048,-0.8115987,-0.8611119,-1.17501,0.25098825
67,588277.0,4.0,-0.5060082,0.044555243,-0.62511814,-0.26382092,1.0,-0.2815951,0.6486489,-0.95108014,-0.88054776,0.6097063,-0.73988163,-0.7664489,1.3360971,0.37493286,-0.3516005,-0.85762423,-0.68230444,-1.2919074,0.2888943
68,597172.0,4.0,-0.39772272,0.1428145,-0.8590255,-0.25212103,1.0,-1.4426975,-0.5385818,-1.120225,-1.308915,-0.52927613,-1.1917101,-0.9708436,0.36454815,0.106029525,-0.46880335,-0.8287281,-1.3997859,-1.1204492,0.027336612
69,597203.0,4.0,-0.22991748,0.22976272,-0.22984117,0.14780638,1.0,-0.67732084,-1.6100713,-0.8225119,-0.636483,0.09918537,-0.8201702,-0.6575422,0.45561686,1.1384705,-0.05492848,-0.949749,-0.7989958,-1.1714953,0.29840147
70,597228.0,4.0,-0.91750354,-0.46180698,-0.7004654,-0.44462964,1.0,-0.43993244,-1.7708279,-0.9098744,-1.1871265,0.10124728,-0.99201626,-0.95264083,0.16175458,-0.3238748,-0.57933074,-1.1650745,-0.32002538,1.094455,-0.18443336
71,588138.0,4.0,0.51130056,0.4554822,-0.95395195,-0.3443462,1.0,-0.46771762,0.1051776,-1.0097896,-0.69968194,0.05766548,-0.5636073,2.088751,1.2788033,0.688298,0.83654827,-0.8109052,-1.0781592,-1.2420843,0.1734593
72,588307.0,4.0,0.3099189,0.7376471,-0.505609,-0.3253848,1.0,0.14919847,-0.047648385,-0.9770386,-0.9269546,0.5975656,-0.6473451,-0.48016617,1.4940927,0.3084036,-0.41716057,-0.77907985,-0.7546441,-1.1494398,0.5600595
73,483157.0,4.0,0.42426965,4.954355,-0.93468523,-0.23663263,1.0,-1.0254405,-0.95080113,-1.0924358,-0.75330174,0.21366532,-1.0341942,-0.7469002,0.05458835,-0.19898427,-0.5769413,-1.1118641,-1.2827468,-1.4682142,-0.046280038
74,483154.0,4.0,1.3763152,0.6131952,0.3249438,-0.07793794,1.0,1.7696697,2.006901,0.21524654,0.57776046,3.079011,0.13629454,-0.1009643,0.71243405,1.9391571,0.4674235,-0.9926386,2.378293,-1.2540158,1.3695645
75,588169.0,4.0,0.53707606,-0.20314357,-0.04847705,0.021503683,1.0,0.19600984,-1.9137175,-0.23150045,-0.07583549,1.2178439,-0.265489,-0.7998846,0.41494828,1.3085366,-0.31120187,-0.93287873,0.74895597,1.825309,0.06847945
76,483152.0,4.0,0.91201967,0.68704325,-0.78884465,-0.31580585,1.0,-0.7910779,0.07845016,-0.9589007,-0.74865204,0.38458776,-0.835723,-0.5321844,0.8435924,0.5762288,0.38790822,-0.94419914,-0.9772101,-1.4147954,0.06400032
77,483149.0,4.0,0.571799,0.81817055,-0.64231116,-0.05502325,1.0,0.3575857,-0.5010751,-0.8163376,-0.39311144,0.88952076,-0.6621223,-0.38320857,1.2162474,0.8705939,0.071000226,-0.93354356,-0.9270031,-1.3703932,0.17804097
78,483150.0,4.0,-0.35159454,-0.07184144,-0.70163965,-0.25325084,1.0,-0.4961717,0.0029669453,-1.016272,-0.7619361,0.46762902,-0.6697226,-0.5948134,1.5655508,0.006932301,0.21141145,-0.9990066,-0.72942996,-1.3048686,0.41532063
79,483147.0,4.0,2.25231,0.44420207,-0.1552865,1.539844,1.0,1.1449863,0.30615547,-0.5159758,-0.39738077,1.5851184,-0.14664117,0.433483,1.0757848,1.4204797,0.53344715,-0.8996943,0.11966215,-1.2553028,0.3330332
80,483155.0,4.0,0.12949857,0.6586637,-0.14328708,0.20478867,1.0,0.4853772,1.3265241,-0.71976984,-0.20979773,1.6083845,0.06168947,-0.159744,1.3169365,2.0625205,0.7066431,-1.0151839,-0.16071999,-1.2071224,0.1248985
81,588194.0,4.0,1.178915,1.3153027,-0.7069081,-0.15467963,1.0,-0.3986168,0.037110407,-1.0657692,-0.6482739,1.4878078,-0.16459592,-0.21330273,1.877434,0.6853397,0.08165942,-0.88302,-1.1279205,-0.43790185,-0.03733795
82,483163.0,4.0,-0.09674709,-0.063021064,-1.1592073,-0.30466452,1.0,-1.5605175,-0.2472304,-1.2502395,-1.316088,-0.10301729,-1.0349759,-1.058822,0.37008762,-0.059524167,-0.600701,-0.91935664,-1.5860524,-1.0507277,-0.11543967
83,483153.0,4.0,0.016543744,0.20334315,-0.61868465,-0.39708385,1.0,-0.8032616,-0.5813214,-0.5918311,-0.8142587,0.3628546,-0.6772758,-0.44876382,1.5708352,0.7115953,-0.38364378,-1.0337777,0.2005884,-1.3050647,0.14145522
84,483146.0,4.0,1.2154462,0.49468032,0.7688985,-0.069246456,1.0,0.7983273,-0.23011923,-0.24663492,0.37496403,0.89822394,-0.12268927,0.5654436,2.8268032,1.6274616,1.074006,-1.0192233,0.53125733,-1.2734281,0.8056547
85,483133.0,4.0,0.9429974,0.94406307,0.4508322,-0.11469404,1.0,-0.48952335,-0.15279365,-0.31868425,0.115924336,1.242661,0.24057858,0.33307818,2.2107377,3.293715,1.9574622,-1.0316707,0.3184136,-1.2074382,0.5808843
86,483145.0,4.0,0.44365072,0.16446485,-0.5703727,-0.20874384,1.0,-0.96793795,0.32692543,-1.0605568,-0.70835143,0.49375173,-0.7139542,-0.71992767,1.1295569,0.27621332,-0.11678103,-1.0329405,-1.2086086,-1.3588699,-0.029045798
87,588201.0,5.0,0.32609496,0.5022628,-1.052584,-0.22155085,1.0,-0.391919,-0.0072077494,-1.2196039,-0.37097728,0.9069679,2.3773844,8.6274395,0.53180027,0.5813405,-0.06503148,-0.50932664,-1.4386047,-1.0578849,0.44176093
88,588152.0,5.0,-0.62384415,0.38962793,-1.2344819,-0.064795606,1.0,-1.2471324,-1.3152199,-1.3375095,-1.1440725,0.36152592,-0.2272973,4.261302,0.016168827,-0.06364425,-0.42796114,-0.6922527,-1.7516499,-0.9942277,0.059569765
89,588155.0,5.0,-0.76030815,0.0056426274,-1.3090075,1.4459077,1.0,-1.085264,-0.7982091,-1.2822119,-0.8648328,0.43251145,-0.5371317,0.4427451,-0.20791067,0.41951406,1.2289366,-0.6750365,-1.3545984,-0.6849626,-0.15863939
90,588233.0,5.0,-0.9983575,0.21562986,-1.1362103,-0.36815163,1.0,-0.8279379,-2.2788057,-0.78272545,-0.7657341,1.5053837,-0.029257875,0.21335493,-0.22474894,0.2007129,-0.050339717,-1.0799303,-0.5453895,-1.1685169,-0.25718227
91,588467.0,5.0,-0.47298694,0.92559713,-1.1104167,-0.2053742,1.0,-1.0584748,0.29242945,-1.3436292,-1.1100849,1.2153344,-0.0056179888,2.9636798,0.13676919,0.2459775,-0.91406715,-0.8258864,-1.735513,-1.0111446,-0.09840666
92,588440.0,6.0,1.7791454,1.5197752,-1.0081849,-0.11628225,1.0,2.7237756,0.11673265,-0.57499146,0.76009136,1.3573804,-0.2912234,-0.72518015,0.8971835,0.54910606,0.102837,-0.86807585,-0.18501623,1.9122801,0.44072902
93,588190.0,6.0,0.35337263,-0.10701092,-1.1276892,-0.3537777,1.0,0.7714511,0.49937794,-1.047272,0.7098272,0.33400527,-0.02794783,-0.8269108,-0.12464181,-0.19982047,-0.38432384,-0.51586133,-1.292371,-0.16964759,-0.12924236
94,588276.0,6.0,0.14793181,0.28867698,-1.097245,-0.34064302,1.0,1.6950094,-1.0553371,-0.70984495,0.2482624,0.96516746,-0.6764675,-0.6788709,0.23895913,-0.03647051,-0.8545347,-0.76601094,-0.32826784,-0.016354308,-0.31887385
95,588214.0,6.0,1.9050313,0.3707713,-0.5292681,-0.13171451,1.0,2.1924806,-0.10936685,-0.5509176,0.51004833,1.444856,-0.2747096,-0.56964827,0.045366995,6.4470563,1.2239,0.4605989,-0.25726536,1.4895669,0.01615031
96,588204.0,6.0,0.39111894,0.65887433,-0.93748033,-0.20169325,1.0,1.3043716,-0.6812061,-0.8153692,-0.3047476,0.5823899,-0.5949234,-0.69500184,0.33315155,0.2280482,-0.32802254,-0.28410205,-0.31806394,0.5782304,0.06235881
97,255189.0,6.0,0.40200567,-0.107959226,-1.1235886,-0.2654806,1.0,-0.0035244513,-0.40419677,-0.8573928,0.4811702,0.10768492,-0.91663754,-0.4484646,0.32640526,-0.14380541,-0.2765063,-0.9206708,-0.82679194,0.67888457,-0.031012135
98,588273.0,6.0,1.1552801,0.6460586,-1.1190115,-0.5281464,1.0,-0.3280828,-1.6607159,-0.74117434,-0.13422951,-0.038578648,-1.0455141,-1.0604861,-0.57439655,-0.32384995,-0.79445887,-1.0973922,-0.509874,-0.33838075,-0.1232169
99,588456.0,6.0,0.44785243,-0.35836568,-0.9454869,-0.36610845,1.0,1.104595,0.3329692,-1.0235323,-0.35322845,0.6490769,-0.4281023,-0.40174407,0.18334953,-0.17418113,0.4460072,-0.9526996,-1.1148528,0.586666,0.028805392
100,588271.0,6.0,1.3744556,0.80315065,-0.95469844,-0.2693829,1.0,1.5037224,-0.6939717,-0.6796414,1.0568134,1.3247036,-0.31355906,-0.90994173,-0.10719853,2.0858417,-0.2724809,-0.7492051,-0.5246113,0.073439926,
101,483169.0,6.0,-0.47636685,-0.7065753,-0.760354,-0.5136555,1.0,-1.4912504,-0.20330754,-0.6122181,-0.47116333,-0.17093869,-1.0890679,-1.0980397,-0.571389,-0.43758738,-0.6611336,-0.79945165,0.15758824,-0.4542516,-0.21902104
102,588564.0,6.0,-0.8712307,-0.002359632,-1.025822,-0.36180532,1.0,-0.3398277,-1.8540534,-1.1529671,-0.5456826,0.9746073,-0.45064953,-0.8402945,-0.4170409,0.21349227,0.6772535,-1.0222118,-1.3779749,0.078749806,-0.14538707
103,588345.0,6.0,0.535267,-0.0047152047,-0.84003997,0.0041735307,1.0,1.0039467,2.4172876,-1.0576795,0.22397922,0.45665297,-0.8087551,-0.5967567,0.15868753,0.84732974,-0.6222506,0.40764078,-1.1010385,0.44101545,-0.11989183
104,588274.0,6.0,1.5953326,0.2733021,-0.9990983,-0.3143452,1.0,0.8882606,-0.42662543,-0.32579955,1.1190555,1.5309962,-0.27932268,-0.24445628,0.5780023,0.73129904,-0.6618129,-0.8507552,0.32254553,-0.2414376,0.21504025
105,588353.0,6.0,0.46537745,-0.1738797,-0.91982824,-0.35775703,1.0,1.6037557,-0.41669372,-0.4903989,0.5877067,0.9085383,-0.5920968,-0.79007685,0.49447697,0.73400307,-0.7953082,-1.0660506,-0.06132713,0.4352194,-0.009240488
106,588439.0,6.0,0.14848356,-0.17603067,-1.2256002,-0.3770119,1.0,-0.15972507,0.19083518,-1.050512,-0.23140258,0.37869903,-0.89599454,-0.7303865,-0.06108928,-0.114049904,-0.49803975,-0.51582307,-1.2915963,0.31205764,-0.15223213
107,483177.0,6.0,0.286694,0.75892794,-1.0349823,-0.5137993,1.0,-0.17866045,-1.2487992,-0.94093645,-0.26519996,-0.17136055,-1.0565417,-0.9118996,1.9535781,-0.59401834,-0.26061845,-0.60712045,-0.7843471,0.05898903,-0.21231169
108,588562.0,6.0,1.0254085,-0.4050284,-0.6625209,-0.27208236,1.0,0.72214705,1.5382928,-0.566877,0.32797524,0.16471985,-0.9705314,-0.9464866,0.24155112,0.40046224,0.39060673,-0.43960446,-0.0554107,0.73909837,-0.06903147
109,483171.0,6.0,0.19175678,-0.2752624,-1.1034244,-0.42138532,1.0,0.15993637,-1.1498517,-0.80473095,-0.41772366,0.4082688,-0.80410004,-0.6069065,-0.42664215,0.3101037,-0.21978632,-1.005829,-0.6285655,0.5095472,0.62258416
110,588435.0,6.0,0.40130946,-0.3814029,-1.2056442,-0.2904248,1.0,-0.2705367,0.5829347,-1.1360621,-0.10225876,0.13505282,-0.8513326,-0.6737951,-0.23775296,-0.14965248,-0.34983906,-0.5399509,-1.338146,-0.41881317,0.028872898
111,483168.0,6.0,0.8991668,1.2314385,-0.76912737,-0.2926973,1.0,-0.009392393,1.5727267,-0.56922036,0.63197756,1.8195846,0.22828497,-0.4374616,0.39375642,0.87759227,0.26004755,-0.3490906,-0.12851831,0.054365855,0.2529683
112,588718.0,6.0,2.3326185,0.4325255,-0.83633506,-0.26307672,1.0,1.51633,-0.21031006,-0.48007515,1.156463,2.2118356,0.070166074,-0.5373017,0.44202945,1.3072226,-0.020272039,-0.6745152,-0.3331236,2.393859,0.09849431
113,588653.0,6.0,-0.14535569,0.052785397,-1.1888968,-0.1780932,1.0,1.3936094,-0.61296064,-1.0492386,0.31074885,1.8865875,-0.15293144,-0.8042643,0.12150308,0.5139846,-0.6819551,-1.091955,-1.2415075,1.6342452,-0.18493122
114,588711.0,6.0,0.8422508,0.3139814,-0.7220398,-0.19394363,1.0,1.4578853,0.39758685,-0.8743971,-0.24825998,1.7217273,-0.21232562,-0.7227619,-0.21065632,1.3632766,-0.44636202,-0.78466135,-0.797773,-0.26117596,0.22225854
115,594344.0,6.0,0.13792849,0.106631,-0.78934205,-0.055601534,1.0,1.4844984,0.59927946,-0.8810907,0.2575725,2.5509858,0.49845406,-0.5179399,0.5095019,1.098921,-0.04695824,-0.3883101,-0.93125427,0.14491524,0.22409488
116,588710.0,6.0,1.9211814,1.0431275,-1.1610562,-0.1884851,1.0,0.8307464,-1.297737,-0.6537725,1.2982697,2.0610666,0.28744185,-0.5539479,0.40599325,1.1077752,-0.27606657,-0.75107265,-0.3484269,-0.50959134,-0.11039997
117,495622.0,6.0,1.292291,0.60502684,-1.1255738,-0.39291024,1.0,0.44579634,-0.90012145,-1.0324246,0.3399144,1.4428023,-0.29271832,-0.68316185,0.0035841423,0.61760956,-0.110039026,-0.35615385,-1.1901208,-0.6123604,-0.1574112
118,588586.0,6.0,0.3013593,-0.06703587,-1.1780665,-0.3423877,1.0,0.84912753,-0.9703832,-0.75634664,-0.3955428,1.3642179,-0.35452482,-0.56858957,0.7155506,0.24650703,-0.20866048,-0.55021656,-0.5978696,0.084496215,-0.20035945
119,588510.0,6.0,2.1172433,3.0204947,-0.31025705,0.06731748,1.0,1.1520708,0.9907612,0.22608623,2.5289707,2.5907166,0.16311422,1.388974,-0.17400728,3.0024981,0.119541734,-1.0853069,1.3024838,-0.17191085,0.03302039
120,483166.0,6.0,1.0841057,0.4736546,-0.9794253,-0.16640206,1.0,0.28855142,-0.07593782,-0.68533045,1.0896794,1.2209357,-0.29183516,-0.21178578,0.3085294,1.3007107,-0.49999312,-0.63990724,-0.21928354,0.077243716,-0.057112772
121,588275.0,6.0,2.8975182,1.60383,-0.4256129,-0.03934367,1.0,3.3740418,2.7249806,-0.038608167,0.99302316,1.320259,-0.43228433,-0.75656164,-0.21442756,0.96418154,0.13768892,-0.8153268,1.343856,2.453877,0.016888315
122,483176.0,6.0,-0.48680723,-0.5561465,-1.0875031,-0.47323686,1.0,-1.0789475,-1.2783406,-1.0472431,-1.2335972,-0.0317279,-1.0791847,-0.94237053,0.13870572,-0.36413008,-0.8367562,-1.0696602,-1.0849099,-0.5939576,-0.21031296
123,588258.0,6.0,0.29723963,-0.40924758,-1.1725607,-0.29856086,1.0,-0.77141404,-0.34136587,-0.9877871,-0.9789641,0.46470088,-0.87248856,-0.89442736,-0.30085215,0.44247243,-0.60281056,-0.9523363,-0.9982037,-0.4731485,-0.1261854
124,588167.0,6.0,3.537147,0.66618025,-0.8436788,-0.25060865,1.0,1.0472624,0.4988987,-0.8166957,-0.060043734,0.53217655,-0.68227744,-0.3670555,-0.0018488807,0.4929091,-0.44681618,-0.8744308,-0.9704349,-0.37653533,-0.23506606
125,313922.0,6.0,1.2327001,-0.072948724,-0.8845193,-0.48473012,1.0,0.74821985,0.9426491,-0.7742677,-0.19393106,0.06296084,-0.93635726,-0.856803,-0.5454143,0.05705685,-0.68903714,-0.66936356,-0.24419813,0.9960855,-0.25779527
126,588269.0,6.0,0.10970845,0.048864722,-1.1520889,-0.37582967,1.0,0.4209939,-0.7662197,-0.8502019,-0.1368596,1.5114195,-0.3450692,-0.77374464,-0.39366803,0.94422996,-0.5405937,-0.93943477,-0.6206256,-0.3394352,-0.28278062
127,588369.0,6.0,1.6451153,0.1307039,-0.8430027,-0.31588858,1.0,0.16042817,0.6918604,-0.48877224,-0.52144384,0.555547,-0.7852989,-0.5421017,-0.10423386,0.54708356,-0.51806927,-0.8497095,0.08320036,0.28425595,-0.1809995
128,483178.0,6.0,3.2894003,2.9982607,-0.2562682,0.49344006,1.0,0.89639294,5.5995226,-0.5491994,-0.08313977,1.9884361,0.35577056,-0.7099598,-0.15498523,1.2083508,0.2476381,-0.15476117,-0.0013859657,0.09176826,0.043680012
129,588483.0,6.0,1.5045921,-0.045972954,-1.1751189,-0.035021834,1.0,0.28724188,2.180801,-0.5479472,0.039587233,1.122214,-0.5592536,-0.9066784,-0.5545731,0.65933853,-0.5196992,-0.8609149,-0.016604936,0.9533759,0.02966304
130,483181.0,6.0,0.2392888,-0.18696249,-1.0222183,-0.123980656,1.0,-0.9515596,0.44795853,-0.91561913,-0.85214645,0.19762824,-0.52684134,-0.8950924,0.56435573,0.06776185,-0.24530087,-0.8594335,-0.89469475,1.1130432,0.22595783
131,588455.0,6.0,2.7151225,0.07489084,-0.6930134,0.1513642,1.0,-0.076932386,2.1728969,-0.7105934,-0.14238425,0.9220042,-0.5186189,-0.06128051,-0.5697554,0.7954221,-0.13193852,-0.635465,-0.72423816,-0.115741566,0.18820162
132,483175.0,6.0,0.41551685,0.72557765,-0.015551074,-0.21356875,1.0,0.32662717,1.7280633,-0.79532933,-0.2762962,0.60119164,-0.7540881,-0.77761966,1.0696963,0.63523394,-0.40503174,-0.92675495,-0.5494506,1.2899448,0.0062357523
133,588565.0,6.0,1.6571076,0.5814392,-0.7829481,-0.24301948,1.0,-0.2791262,0.36173546,-0.8099485,-0.26157418,0.6033962,-0.848576,-1.0130937,-0.5474387,0.5581518,-0.16695532,-0.94012505,-0.47740284,-0.13045827,-0.21636903
134,588054.0,6.0,3.7602515,9.060095,-0.8445455,0.14061332,1.0,-0.5854963,1.439785,-0.86811185,0.54219496,1.2038354,-0.3283378,-0.4750518,-0.057696767,0.75715655,-0.27819282,-0.7061818,-0.96126634,0.097735755,-0.028323457
135,483170.0,6.0,1.716372,2.6888916,-1.0298748,0.030248165,1.0,0.33635134,0.58359385,-0.83650297,-0.17060591,-0.09930888,-0.98305905,-0.9508324,0.6456052,0.16502486,-0.18070728,-1.0170146,-0.85666484,0.6931864,-0.17790933
136,588568.0,6.0,0.47676715,-0.15477571,-0.96331835,-0.2142512,1.0,-0.44909197,-0.43701717,-0.88643295,0.07986409,0.11881808,-0.9474415,-1.0208036,-0.11432459,0.23375928,-0.18539985,-0.67851305,-0.7513825,-0.3852733,-0.18826023
137,483172.0,6.0,2.3471363,0.0057633393,-0.88703007,-0.09000317,1.0,0.052481506,1.2886413,-0.4636661,0.29667816,0.5575183,-0.6693038,-0.95474917,-0.24050106,0.6125154,0.032016903,-0.42627332,-0.04861333,1.0736111,-0.10014384
138,483173.0,6.0,1.4493742,1.219186,-0.50587505,0.03248054,1.0,-0.22008085,0.08821574,-0.78408027,0.36537567,1.582183,0.05755762,-0.5829446,0.43268228,1.4265378,-0.4096126,-0.48513538,0.36252508,0.4891985,-0.1906169
139,483167.0,6.0,2.6822977,-0.078867085,-0.5685822,0.16351646,1.0,2.297539,1.9670662,-0.5631491,0.8182341,1.0489316,-0.5275202,-0.79557836,-0.06471592,0.51387453,-0.19159363,-0.6660329,0.21983688,1.9192033,-0.0084002465
140,588457.0,6.0,0.63079387,-0.1908761,-1.1128039,-0.2529704,1.0,-0.49824548,2.8737726,-0.59536654,-0.22690324,0.78947586,-0.42658934,-0.95763266,-0.29661492,0.10913669,-0.5290459,-0.7838147,-0.07015849,0.5354074,-0.0976473
141,483182.0,6.0,1.6655995,0.38851842,-0.7192506,-0.1993318,1.0,0.30245546,2.0015178,-0.820206,-0.015617911,0.8609556,-0.15288895,-0.6525551,0.02422368,0.8968204,-0.11295047,0.20352492,-0.0787458,-0.078569666,0.13765973
142,483165.0,6.0,0.74058235,0.5873047,-1.0741894,-0.06659916,1.0,-0.16304499,-0.022883965,-1.0645468,-0.29992536,1.3232377,-0.40515628,-0.893791,-0.028271742,0.8491612,-0.1195669,-1.0491008,-1.1886504,-0.5243888,0.20152579
143,588346.0,6.0,1.1614028,2.726166,-1.1881812,-0.10590072,1.0,0.5591344,-0.032760076,-1.1490909,0.17188713,0.90190727,-0.49700096,-0.8541759,0.55182403,0.12126059,-0.04623872,-1.0167848,-1.4583018,0.15230577,-0.03729342
144,588400.0,6.0,0.14274228,-0.28488284,-1.2312889,-0.48641938,1.0,-0.710992,-1.0201055,-0.86120635,-0.3527118,-0.10658003,-1.0276322,-1.0909101,-0.55665964,-0.58254766,-0.48426566,-0.8909379,-0.53620696,0.09476336,-0.19944887
145,588436.0,6.0,0.8730251,-0.36342347,-0.5157429,-0.16540046,1.0,1.0619023,-0.03178952,-0.71916544,-0.304367,0.58921236,-0.5857684,-0.9196727,1.4508107,4.368502,0.06273255,-0.7617799,-0.12202478,2.9710972,-0.017561471
146,588354.0,6.0,0.598252,-0.32230702,-1.032333,-0.31400865,1.0,-0.062099572,-0.4612818,-0.3394916,-0.7290007,0.54389614,-0.7544431,-0.984727,0.2367338,0.03263721,-0.26124492,-0.8505418,0.88193333,0.15614414,-0.27511874
147,588260.0,6.0,-0.33444062,-0.27615738,-1.2421567,-0.38336587,1.0,-0.5743882,-1.3137542,-1.0085484,-0.53271216,0.0016955564,-1.0095191,-1.0692145,-0.8102113,-0.07644338,-0.6947851,-1.0055497,-1.1725447,-0.6032099,-0.23725529
148,588374.0,6.0,0.886278,0.10885746,-0.567666,-0.16738519,1.0,1.9349413,-0.014401682,-0.23673224,2.6587768,1.3175226,-0.46671942,-0.54432243,-0.44245246,1.1306496,0.010850261,-1.0270895,0.88486797,-0.13928472,-0.15068491
149,588259.0,6.0,0.019902356,-0.14976284,-1.1219035,-0.3412823,1.0,1.0468632,0.02862408,-0.7390242,0.5228036,0.8463213,-0.60881025,-0.6437967,0.5381848,0.47990853,-0.7109259,-0.71559924,-0.65340614,0.14721003,-0.2851167
150,588272.0,6.0,2.7733278,0.104972646,-1.2263709,-0.31361133,1.0,0.2386539,-1.9897188,-0.58102983,0.9310978,0.6291649,-0.695324,-0.89940137,-0.29232326,0.40360585,-0.38450223,-1.1316084,0.20306785,0.17495184,-0.096655264
151,588404.0,6.0,1.0868927,-0.2158418,-0.9484652,-0.356063,1.0,0.1581692,-0.45647484,-0.78838646,-0.2022064,0.6498527,-0.49189845,-0.87455755,-0.5301424,0.32399943,-0.6422641,-0.7305546,-0.42647335,-0.09909585,-0.114756495
152,588261.0,6.0,2.1470568,-0.067849636,-0.5266015,-0.15054058,1.0,1.0063118,1.981971,-0.12597369,1.1568123,1.5795875,-0.50909287,-0.78385067,-0.3912124,3.2687805,0.15275398,-0.89438677,0.7014558,1.146769,0.028999727
153,279897.0,6.0,0.8678762,0.26029605,-1.0889841,-0.3976195,1.0,-0.73730916,-1.1118364,-0.7440689,-0.7798599,-0.20245749,-1.0118854,-1.1045593,-0.5345903,-0.5089914,-0.3358799,-0.8858548,-0.34269753,-0.48022,-0.29847208
154,588262.0,6.0,1.6744156,0.5790511,-1.0230985,-0.19347854,1.0,0.7595278,0.3186521,-0.7638432,0.23594594,1.4492009,-0.19711892,-0.74665433,0.55337214,1.5367754,0.33294365,-0.718022,-0.7764275,0.22558942,-0.13701482
155,588344.0,6.0,0.2782145,0.5041204,-0.8292582,-0.061880928,1.0,0.9994233,-2.1276782,-0.2554964,4.227228,2.0621378,0.75218004,-0.6290141,-0.24142408,1.1957961,-0.071840815,-0.9546892,0.31820637,0.03598327,-0.084182926
156,588270.0,6.0,1.6527227,0.66563,-0.9531236,-0.1939958,1.0,0.43435267,-0.37343845,-0.827515,0.5579839,0.027330097,-1.0422181,-1.0036408,0.10147801,-0.03327552,-0.42896566,-1.0851246,-0.7176875,0.59962267,-0.22255524
157,588373.0,6.0,0.5938416,-0.25065956,-1.1280552,-0.4773463,1.0,-0.55808854,-1.8016582,-0.86890984,1.2920729,0.3148072,-0.78192073,-1.0150307,-0.51528424,0.18480198,-0.5647465,-1.042557,-0.53512067,-0.29328337,-0.22537746
158,588406.0,6.0,1.0094638,0.2877772,-0.62170136,-0.27588737,1.0,0.6961992,1.7581142,0.76877666,0.3912469,0.89398867,-0.93490946,-0.9067551,-0.29590362,1.1117606,-0.44075802,-1.010994,2.0415835,0.8977283,-0.023137277
159,588304.0,6.0,-0.096542425,-0.5998533,-1.0306594,-0.46634662,1.0,-0.6993604,0.09756646,-0.7337831,-0.5248811,-0.42980722,-1.1310655,-1.1518791,-0.50205344,-0.44170806,-0.7920045,-0.8945155,0.25251392,-0.08358886,-0.114836134
160,588437.0,6.0,0.59454805,0.011935204,-1.0367256,-0.34191954,1.0,-0.95627445,0.14673033,-0.93205637,0.041023787,-0.025030129,-0.9878969,-1.0427958,-0.23387745,0.07095672,-0.3306278,-0.60926414,-0.84024054,-0.1902881,-0.17408454
161,588350.0,6.0,0.49989364,0.53326774,-1.0789963,-0.23074384,1.0,0.44520384,-0.94342154,-1.035269,-0.33374304,0.93485904,-0.6001504,-0.89046425,0.0030259648,0.729371,-0.51595104,-0.92784387,-1.1402785,0.039304364,-0.31450677
162,588349.0,6.0,1.1451072,0.9239056,-1.2361264,-0.21554022,1.0,2.5752141,-0.4352233,0.666075,1.623543,2.8454456,0.30124912,-0.59114105,-0.22659262,2.5189404,-0.19808395,-1.0987016,1.7968599,0.40785107,-0.08271959
163,588181.0,7.0,1.5900348,-0.32131967,-0.5170603,-0.42354438,1.0,-1.2711548,-0.7446605,-1.0316539,-0.12518911,0.28694195,-0.81793624,-0.914319,0.39055392,0.30208665,-0.3865129,-0.58838433,-1.180253,-0.10838648,-0.055744566
164,588146.0,7.0,0.7741166,0.33538434,-1.0145394,-0.42983317,1.0,-0.4518814,0.60095704,-1.0186605,-0.658607,0.13895003,-0.841308,-0.97002107,0.5801711,0.5874448,-0.44036627,-0.29537117,-1.159746,-0.6846153,-0.23112954
165,271662.0,7.0,0.19724916,0.071282335,-1.1268163,-0.32728046,1.0,-0.7940901,1.3555149,-1.3318436,-0.24059972,1.2046964,-0.21966693,-0.75487113,0.9997055,0.5377592,-0.25003338,-0.48728523,-1.7429614,0.6801682,-0.25261968
166,588355.0,7.0,0.0076455204,-0.43764627,-1.125426,-0.4385421,1.0,-0.24206237,-0.8286435,-1.045543,-0.74659556,0.36006832,-0.7181663,-0.8173447,2.2398374,-0.4231601,,-0.9550665,-1.0147219,0.35961303,-0.17720921
167,588147.0,7.0,0.74378735,-0.08664531,-0.9227489,,1.0,-1.0356314,0.17314573,-1.241955,-0.25625542,0.016153295,-0.71763384,-0.2440595,1.4469153,0.33186087,,0.7020309,0.22737046,-0.6521667,0.37304878
168,588188.0,7.0,0.5220518,0.7175061,-0.8025392,-0.47922915,1.0,-1.0110563,0.031732567,-1.1339021,-0.5143479,-0.0056070415,-1.006334,-0.9039581,0.9164301,-0.3421226,-0.7917111,-0.4734477,-0.23185909,-0.5909354,-0.03502515
169,588330.0,7.0,-0.09219517,-0.21563025,-1.3076171,-0.38111338,1.0,-1.7312051,-0.83663815,-1.2583475,-0.65942746,0.17815673,-0.82126987,-0.91666013,1.1765647,0.23072205,-0.8516124,-0.60577667,-1.5498804,-0.11757741,0.6424822
170,588228.0,7.0,0.33041286,-0.30885512,-0.9987225,-0.45262608,1.0,-1.4987315,-0.29614487,-1.1372936,0.1252657,-0.15413235,-1.1364757,-0.85855496,0.25732818,-0.06082825,-1.0822878,-1.0455023,-1.2660364,-0.28852275,-0.007984239
171,588227.0,7.0,0.4969475,0.26762053,-1.034944,-0.4281254,1.0,-1.3746468,-0.5214363,-0.918068,-0.2759415,0.23704988,-0.82345456,-0.6673689,0.91395354,-0.007736197,0.23162626,-0.91220915,-0.8099055,-0.13012736,-0.008033176
172,588224.0,7.0,0.82417667,-0.39807573,-0.9467128,-0.4129242,1.0,0.5072171,0.42374644,-0.9821438,-0.2908989,0.97022206,-0.4669577,-0.7571125,1.5333943,0.074917376,-0.9743856,-0.92312354,-0.8971145,-0.0021975706,0.10462492
173,588683.0,7.0,-0.06817289,-0.3263953,-0.8061525,-0.3609716,1.0,-1.2666177,-1.4410716,-0.93865186,-0.46225607,0.5153087,-0.7170522,-0.8844809,0.08827366,0.22975388,0.3815546,-0.8976158,-0.8134198,-0.019946268,-0.2882512
174,588574.0,7.0,2.253357,-0.39898416,-0.777271,-0.3284409,1.0,0.006825028,-1.7336587,-0.8460546,-0.40566885,0.745788,-0.5833097,-0.7097403,0.44077367,-0.23261759,-0.44134855,-0.6273176,-0.7855012,0.5352911,1.6512816
175,588684.0,7.0,-0.13688372,-0.54636467,-0.6654106,-0.30411345,1.0,-0.52093905,-1.548491,-0.6545464,-0.13425504,0.6669936,-0.8310806,-0.90661955,0.91869724,0.13056989,-0.9846045,-1.0824263,-0.21634635,-0.14255893,-0.0975584
176,588384.0,7.0,1.7006037,0.82746947,-0.597428,-0.19224276,1.0,0.21263005,-0.76512814,-0.5657696,-0.36958003,1.636376,-0.36434597,-0.66270334,0.9385952,1.3657551,-0.49918458,-0.6972333,-0.10493244,-0.3012971,0.82765865
177,588454.0,7.0,5.253615,2.50733,0.061534025,0.047098797,1.0,2.9560246,1.3055236,-0.11647284,1.226456,2.248632,-0.058017675,-0.1735382,1.0322876,1.7583958,0.1288632,-0.2698219,1.1519136,3.4126623,-0.008955547
178,588540.0,7.0,0.9917626,-0.08805752,-0.7039674,-0.37491074,1.0,0.24810879,-0.050770015,-0.3560432,0.04273425,0.9417363,-0.49268478,-0.63779885,0.83404183,1.1191916,-0.05361482,-1.1087896,0.14401807,-0.77720714,0.88532877
179,588333.0,7.0,2.7546964,0.48180348,-0.50527465,-0.21735665,1.0,-0.6168709,-0.18919466,-0.9330771,-0.15468052,0.97719485,-0.6966656,-0.75150687,1.0666162,0.5540187,-0.16929816,-1.0292879,-1.0500674,-0.1186733,0.26641566
180,588160.0,7.0,0.7337518,-0.2708925,-0.7074713,-0.39205796,1.0,-0.33282912,-0.3405739,-0.9014195,-0.40002388,1.196389,-0.54457945,-0.5158367,-0.131594,0.65885395,-0.62279624,-0.8657255,-0.6562322,0.002336185,-0.21573801
181,588174.0,7.0,1.3968964,-0.037651762,-0.5715617,-0.24321988,1.0,1.2610617,-0.6998274,-0.71366465,-0.23467328,0.30986747,-0.6632742,-0.51115465,1.6521945,0.24913533,-0.3735858,-0.74812174,-0.36545378,0.55777466,0.20977099
182,588331.0,7.0,0.4099659,0.3114378,-0.6472446,-0.23138826,1.0,-0.64407706,-2.5028636,-0.671082,-0.4352837,0.6131428,-0.79197776,-1.0029196,0.17552637,0.14509411,-0.60394335,-1.0747074,-0.35036367,-0.15870807,-0.076234415
183,588401.0,7.0,0.8057374,-0.09254899,-1.0012472,-0.20435363,1.0,0.3050179,-0.09698177,-0.96024305,-0.4440604,0.80827546,-0.68086517,-0.73243695,2.318902,0.2857667,-0.46263626,-0.7744143,-0.6101777,-0.18179645,-0.09783844
184,588415.0,7.0,0.23646991,0.38538352,-0.82270795,-0.2994236,1.0,1.192192,-0.76062787,-1.0162457,-0.07959937,0.49001342,-0.5360329,-0.94621384,0.6902311,-0.038404617,-0.8354885,-0.6713781,-0.9646236,-0.57291186,-0.11024954
185,588225.0,7.0,-0.75703377,-0.6293349,-1.2142668,-0.5083725,1.0,-0.7272584,-0.6362386,-1.064945,-0.07255981,-0.44434872,-1.1970139,-0.7724904,0.9046844,-0.14233705,-0.67629224,-0.8059061,-1.2008594,-0.69644153,-0.24326351
186,588229.0,7.0,0.19111384,-0.19531634,-0.6424486,-0.42002305,1.0,-1.215757,-0.3810159,-1.0645341,-0.77138776,-0.41766068,-1.2721957,-1.113296,0.35897487,-0.36527568,-0.46403673,-0.9576497,-1.0944158,-0.06934183,-0.2447877
187,588223.0,7.0,-0.41881362,-0.15095052,-0.73262995,-0.17166094,1.0,-0.9832772,-0.72564155,-1.0334048,-0.44346216,1.1919376,-0.38960737,-0.4788939,2.3449805,1.1307516,-0.49571666,-0.51143485,-1.2638898,-1.1863053,-0.09319285
188,588231.0,7.0,2.4458787,1.0957489,-0.74162024,-0.22568513,1.0,0.08139774,-0.38164508,-0.8756191,-0.32936507,0.5574956,-0.7161106,-0.6058418,1.8141146,0.21669045,0.41276875,-0.8793759,-0.9119455,-0.41994753,0.04043379
189,588142.0,8.0,-0.0191237,-0.50801814,-1.0236871,-0.21364886,1.0,-1.177895,-0.8746045,-0.9554863,-0.6395223,-0.079255134,-1.0327976,-0.91021776,-0.48956123,0.867144,0.163748,-0.62673885,-0.97539365,2.850527,0.15426484
190,588679.0,8.0,1.1217073,-0.046957303,-1.0469003,-0.22510284,1.0,-1.0022526,-0.9005663,-0.88282937,-0.22698238,0.9887349,-0.43377262,-0.8309674,0.6770955,0.6989702,-0.24031582,-0.7659384,-1.0172762,-0.93793654,-0.1509883
191,588680.0,8.0,1.5137563,0.91446865,-0.61826223,-0.09194169,1.0,0.051550943,0.43394136,-1.0720328,0.5322865,1.8647581,0.24165078,-0.37622213,1.4836341,1.599105,0.4460274,-0.591055,-1.2912471,-1.0613605,-0.08753558
192,588133.0,8.0,0.45773426,0.30476382,-1.1145065,-0.35230595,1.0,-0.71673626,-0.8460276,-1.0745348,-0.1762333,0.18439515,-0.90640104,-0.76382923,1.3411249,0.31416947,0.6902626,-0.89934516,-1.2816211,0.51040024,0.093307845
193,483180.0,8.0,0.7176263,-0.51335496,-1.1722699,-0.3679604,1.0,-1.3670875,-1.0740659,-1.0037982,-0.4073621,0.10823809,-0.33905116,0.69671106,0.79487455,-0.6001827,-0.3827043,-1.0992091,-1.0446312,-0.8235419,0.2438793
194,597115.0,8.0,-0.325594,-0.019409481,-1.2020301,-0.43193075,1.0,-0.6500405,-1.820379,-0.7292478,-0.74873924,1.2129503,-0.62688565,-0.9753856,0.78395486,0.4139372,-0.22676852,-1.0382351,-0.34690362,0.18227899,-0.045482215
195,483184.0,8.0,1.4274856,0.62788594,-1.1828495,0.02714109,1.0,-0.6586437,0.52317077,-1.1757367,-0.15312374,1.6755502,0.12202184,-0.6647384,0.7718266,0.5962057,-0.057703696,-0.92249835,-1.5175014,2.0036821,-0.06598656
196,483190.0,8.0,0.50528187,0.57913494,-0.81808877,0.033386517,1.0,1.6270854,0.8413969,-0.724626,0.2074949,2.157355,0.13032599,-0.35557154,-0.038120035,2.4774523,-0.10047974,-1.0094212,-0.40307558,-1.0040174,0.43166018
197,483188.0,8.0,1.7314433,0.6154647,-1.1108481,-0.09726455,1.0,-0.6253846,0.72983956,-1.2087078,-0.016333189,1.0158036,-0.40033773,-0.295198,1.5607462,0.64291406,-0.4345187,-0.90398747,-1.5599215,1.4254056,0.11763482
198,483187.0,8.0,3.1459436,2.6411989,-0.044014413,0.2781014,1.0,1.4607561,0.3612411,-0.21848203,1.1888846,3.3237622,0.55435646,-0.17500755,0.860908,4.2040215,0.9268935,-0.96431535,0.9236866,-0.47255343,
199,483186.0,8.0,0.0045657125,-0.38713363,-1.1059322,-0.18337375,1.0,-1.7019868,-1.2548318,-1.1599792,0.29265964,0.23808636,-0.7402906,-0.92965496,1.5339011,0.123299204,-0.39596137,-0.9778309,-1.3353995,-1.0905926,-0.001993588
200,1.0,9.0,-0.29289877,-0.6323834,0.6749064,-0.14266278,1.0,0.6742518,0.22102328,1.184174,0.24876554,-0.41640073,2.3592966,1.6764406,-0.64420325,-0.009893531,-0.036570303,0.029066216,0.15345722,-0.36608404,-0.09904047
201,2.0,9.0,-0.91733676,-0.77613604,-0.19118041,-0.035589863,1.0,1.0631678,-0.13741365,0.22402725,0.24622811,-0.63635486,3.0174253,0.52765435,-0.7722362,-1.0466293,-0.09390767,0.15730305,-0.41658238,-0.23148994,0.35824317
202,4.0,9.0,-0.92950743,-0.5869994,-0.2645835,0.20716889,1.0,-0.92322236,0.31854355,0.30540356,0.40001583,-0.8475574,1.6256318,0.21416144,-0.7667669,-0.28240043,-0.087511785,0.25568342,-0.0005152177,-0.13356291,-0.25425664
203,5.0,9.0,-0.58993375,-0.5197228,0.595294,0.37714607,1.0,-0.7589627,0.032814335,1.3669349,0.4596644,-0.76902336,1.5641023,0.5035712,-0.6792201,-0.6446348,-0.30141175,-0.11588728,1.3424752,-0.1203183,-0.22930092
204,6.0,9.0,-0.9092428,-0.4729337,2.4611847,3.2964327,1.0,-0.16797696,0.8364026,0.85770446,3.2472363,-0.53941387,4.9115853,5.209322,-0.5793451,-0.5579648,1.6489341,0.5319733,1.5234581,0.31686226,-0.12963128
205,7.0,9.0,-0.7241335,-0.70107067,0.6412658,0.13190582,1.0,0.4810004,-0.021478001,1.199906,0.2939965,-0.2967149,2.8717701,0.9884227,-0.652203,-0.8068198,-0.17593764,-0.19369663,0.4638095,-0.062846065,-0.27519017
206,8.0,9.0,-0.6317272,-0.30599737,2.3394458,0.7816776,1.0,0.75331867,-1.3396165,1.8079834,0.98065287,-0.13961963,4.223186,1.6854905,-0.7183222,-0.5679129,0.5711122,-0.4156105,2.128696,-0.21646014,
207,9.0,9.0,-1.0377562,-0.5946796,0.7832372,0.24712577,1.0,0.7952605,-0.29395372,0.91937906,-0.017652445,-0.5384918,1.146313,0.61235124,-0.6467431,-0.73344934,-0.11003296,0.082547784,0.5067452,-0.317434,-0.2892055
208,10.0,9.0,-1.0070854,-0.4396923,0.70224303,,1.0,-2.1701765,0.25228977,0.73412186,10.25106,-0.6917156,7.500674,3.9781883,-0.6107463,-0.05193438,,0.24316174,0.52825063,1.6500937,0.07961249
209,11.0,9.0,-0.63299316,-0.7142571,0.353701,-0.48211884,1.0,1.4404118,-0.5229194,0.49531475,-0.55601215,-0.9643552,-0.39897147,-0.3688255,-0.6932489,-0.8567777,0.27085263,-0.2264531,0.6247755,-0.49730468,-0.10482815
210,12.0,9.0,-0.83797395,-0.8397457,0.852274,0.47545117,1.0,-0.2053321,-0.8542612,1.3042748,0.35370559,-0.62192273,0.52488446,0.5289827,-0.7288314,-0.83532673,0.01952551,-0.21280198,0.8636036,0.008007937,-0.35900894
211,13.0,9.0,-0.7829044,-0.42651978,0.94853264,0.37873524,1.0,1.6847906,0.06725604,1.3865767,1.0244564,-0.10613578,3.5436275,1.5799558,-0.67142147,-0.61869884,-0.35017395,0.26252088,0.49815527,-0.19366677,-0.3816249
212,14.0,9.0,-0.2564998,-0.6577619,2.02291,0.09430828,1.0,-0.13533218,-0.07285529,2.0680318,0.42791393,-0.12611558,1.0297242,0.7610047,-0.52592003,-0.5768289,-0.1942971,0.16344488,1.4660631,-0.080340974,-0.25289744
213,15.0,9.0,-0.24536623,-0.5724404,1.2788597,2.2000642,1.0,0.5571753,0.4193985,2.6051612,2.852569,0.9311497,3.49106,1.5317334,-0.66149825,-0.21646841,1.0766809,0.12529922,2.2996852,0.3861413,-0.17061149
214,16.0,9.0,-0.17900789,-0.7088038,1.9227505,0.118056,1.0,1.5713991,-0.50840145,2.2572896,0.20541416,-0.32543823,1.4035078,0.6676212,-0.67753685,-0.8495879,-0.10395417,-0.1864697,2.466726,-0.007889869,-0.18974079
215,19.0,9.0,-0.80255586,-0.70334595,0.99297893,0.58725595,1.0,1.4199767,0.57110596,1.3278234,0.8526453,0.5321864,2.5409987,2.043882,-0.6375111,-0.29732472,0.24844508,1.1959833,0.75036347,-0.2996369,-0.15716171
216,20.0,9.0,-0.018607054,-0.6780225,1.404822,-0.08979686,1.0,-0.57021147,-0.77200395,1.6707613,0.12411071,-0.66669536,0.81174314,0.45166188,-0.6490052,-0.9024526,-0.2972673,0.1897621,1.7055634,0.050201062,-0.27680305
217,22.0,9.0,0.00622406,-0.57548404,0.7696837,0.162132,1.0,0.9758999,-0.21293932,1.8837707,0.34622324,-0.7694329,0.20450445,0.45813307,-0.6604976,-0.85692644,0.023506083,0.35099846,1.9306124,-0.13979794,-0.32857037
218,23.0,9.0,-0.56045693,-0.7520137,0.7527939,2.3468914,1.0,2.9983187,1.966769,0.8428827,2.861737,-0.6641831,1.770743,2.2306402,-0.62947583,-0.978241,1.2953954,0.76282036,0.9196937,0.044381436,-0.17039701
219,24.0,9.0,-0.631988,-0.4992029,0.55563647,0.1554939,1.0,-0.21991183,-0.7248567,0.64694834,-0.08242143,-1.0134189,-0.14872056,0.0937929,-0.7401637,-0.9813195,-0.25184667,0.02574986,0.68069434,0.08735126,-0.26053005
220,25.0,9.0,-0.46825138,-0.65865386,0.7521821,0.417702,1.0,0.7310827,-0.082712196,1.2436486,0.3947549,-0.641208,0.37480155,0.5646493,-0.68068105,-0.7307448,-0.010974545,-0.00043819877,1.288434,0.7000432,-0.30499494
221,26.0,9.0,-0.6025883,-0.6718461,0.59459645,0.9452302,1.0,-0.9096937,-0.7846593,1.2394315,1.0460283,-0.8521039,1.2715594,0.5406857,-0.8864025,-0.54528475,1.145511,-0.41743544,1.4501501,-0.03977143,0.24287522
222,27.0,9.0,-0.5959638,-0.49134794,0.024931392,1.214762,1.0,-0.37036723,-0.18836801,1.5541573,1.0951217,0.26708087,2.1275582,1.0429618,-0.74954516,0.050918147,1.7983557,-0.33157533,1.3097805,-0.10432789,-0.21373941
223,28.0,9.0,-0.35000706,-0.75715697,0.733906,1.2152085,1.0,1.9902846,-0.23708536,2.251801,1.6642541,-0.0671234,1.0745312,1.0557961,-0.69970274,-0.6409623,2.6555429,-0.056732383,1.954551,-0.13709757,-0.2621971
224,29.0,9.0,-0.5611547,-0.758019,0.081903405,-0.04068462,1.0,1.4053223,-0.6373065,1.1313188,0.32194287,-0.8200692,-0.06115297,0.06692894,-0.6647908,-1.0270213,0.34625983,-0.5534096,0.8758203,0.05066205,0.04752636
225,30.0,9.0,-0.8148119,-0.7035503,-0.061506398,-0.27381304,1.0,-0.36038998,-0.6440947,0.2713301,-0.63515127,-0.97648954,-0.38595164,-0.5480064,-0.94981176,-1.0713661,-0.048241224,-0.42676076,0.4215607,-0.00038632564,0.28193223
226,31.0,9.0,-0.78015673,-0.7824648,0.54357827,-0.33347732,1.0,0.08843136,-0.26950842,1.2417696,-0.117759496,-0.5299725,0.058567934,0.057295315,-0.6797494,-0.97590035,-0.46565226,-0.4846496,0.9848348,0.23953,-0.36316204
227,32.0,9.0,-0.98356336,-0.642858,-0.02343545,0.35042664,1.0,-0.9646655,-0.5441878,0.552146,0.016723119,-0.5127827,0.74542105,-0.0380982,-0.81513053,-0.8115234,-0.06992199,-0.5300214,0.45411932,-0.12496983,-0.28136063
228,33.0,9.0,-0.63763016,-0.7529726,0.64021575,0.41180447,1.0,-0.082473956,-0.47451478,1.2450643,0.35700423,-0.28243178,0.25798053,0.6984563,-0.78331614,-0.9275038,0.07666896,-0.54573655,0.54793483,0.11332204,-0.2825485
229,34.0,9.0,-0.7952065,-0.6646447,0.6715704,1.4039338,1.0,0.013511595,-0.54613763,1.0345774,1.9556385,-0.5641605,1.6163231,0.59622645,-0.78162134,-0.81631166,0.80039793,-0.18614946,1.2085521,0.20620616,0.0042302003
230,35.0,9.0,-0.9230346,-0.48087916,1.1566672,1.6972402,1.0,-0.12777215,-0.6028365,1.6207395,1.6504736,-0.5087358,1.4608468,0.81477445,-0.74017286,-0.6349868,0.93253005,-0.0498389,1.4085556,-0.05055353,0.37495285
231,36.0,9.0,-0.65806925,-0.49313286,0.830462,0.31693405,1.0,-0.5126683,-0.5802356,1.2121891,0.15917858,-0.9152036,1.9173112,0.58068734,-0.8310477,0.689353,0.78420866,-0.010006596,1.5798714,-0.16519444,0.0065334467
232,37.0,9.0,-0.37528804,-0.31166604,1.2310455,0.07239179,1.0,-0.17963508,0.33916998,0.92903024,0.09952477,-0.75402516,0.35041535,0.34338546,-0.56216127,-0.6469147,-0.25430405,0.050235692,1.0958048,-0.0938508,-0.017914956
233,38.0,9.0,-0.36816424,-0.34092128,1.2804979,0.42447156,1.0,0.10478095,-0.20264904,1.3847976,0.40148365,-0.6057631,1.0658897,0.8508055,-0.68762624,0.067169346,-0.07626488,-0.37228456,1.3980683,0.2343117,-0.097310804
234,39.0,9.0,-0.9860642,-0.7738765,1.0756544,1.6153388,1.0,0.42111617,-0.3368467,1.0126262,2.5741408,-0.05158378,3.0895333,1.3184283,-0.69737077,-0.54030156,2.06491,-0.33443007,1.1924789,0.030919507,-0.10274179
235,41.0,9.0,-0.5178318,-0.30727842,0.6560473,1.6921084,1.0,0.35447842,-0.13248974,1.2100322,1.7038553,-0.5401132,1.4201177,1.6220733,-0.684885,-0.7497781,0.5510589,-0.17294607,0.8670629,0.21572496,-0.22794355
236,42.0,9.0,-1.015047,-0.6334674,0.8926339,3.4618058,1.0,-0.9013851,0.37034008,0.58197826,3.3033082,-0.23019715,3.2701957,1.2669756,-0.7542092,-0.7276151,2.0015147,0.39939395,0.39709216,0.46696106,-0.24031958
237,43.0,9.0,-0.9065874,0.16495542,-0.11139437,-0.5124231,1.0,-0.9060719,0.56638056,-0.48379827,-0.6173256,-1.0864325,-0.067971654,0.0321605,-0.62145823,-1.0238366,-0.80360913,1.7373762,-0.91969717,0.2056161,-0.30493203
238,44.0,9.0,-0.70863247,-0.57383674,0.13753457,-0.4363133,1.0,1.7146244,1.154895,-0.097711466,-0.47391072,-1.0035775,-0.6833072,-0.28782192,-0.64608866,-0.9104202,-0.6780976,1.5741663,-0.6710415,0.17301457,-0.3307282
239,45.0,9.0,-0.48651737,-0.55111766,0.21374592,0.116747476,1.0,0.10869156,0.0726177,1.2437642,0.38187888,-0.5348473,0.4876571,0.93874174,-0.48237708,-0.6756477,-0.09550214,0.38752577,0.5831256,-0.06597559,-0.19860993
240,46.0,9.0,-0.7175143,-0.45689633,0.63529396,-0.31162786,1.0,0.3503525,-0.48572037,0.7410356,-0.4771994,-0.6351443,0.19727492,0.0028382516,-0.8402567,-0.71148306,-0.36446133,0.7676779,0.5925483,-0.31223223,-0.2247313
241,47.0,9.0,-0.34502327,-0.7957694,1.1130649,0.5167408,1.0,1.7036424,-0.15924987,1.2566305,0.31393465,-0.30903354,0.5735888,1.2100527,-0.55209315,-0.37574363,0.6073935,-0.090737805,2.0664606,-0.040961225,-0.32227024
242,48.0,9.0,-0.35649273,-0.61775035,1.313568,-0.24460019,1.0,0.93930495,0.58059186,0.95879966,-0.10300237,-0.26389146,0.4400533,0.28320926,-0.7436812,-0.63043386,-0.13093477,0.8071829,1.1612891,-0.18184869,-0.12684631
243,49.0,9.0,-0.084469505,-0.36834186,1.5660393,-0.40619075,1.0,-0.009182454,0.032273114,0.62600654,-0.5246528,-1.0025121,-0.12227708,0.027746797,-0.7430918,-1.0313787,0.06565216,1.2498424,0.50466955,0.08990188,1.5896016
244,50.0,9.0,-0.7669972,-0.67117846,0.65891916,-0.38383293,1.0,-0.58496493,-0.46410856,0.5134587,-0.6036621,-0.98498666,-0.41502532,-0.3383014,-0.72032887,-0.95591396,-0.113738425,0.20587766,0.24548768,1.0563968,-0.29520777
245,51.0,9.0,-0.43432775,-0.4677165,0.6382014,-0.306996,1.0,1.1699798,-0.14224589,0.9860098,-0.27577633,-0.91387314,-0.23376408,0.014293409,-0.6448219,-1.0205951,0.69545776,0.24066363,0.9095569,-0.10591964,-0.39886403
246,52.0,9.0,-0.7558062,-0.45402086,-0.024540462,-0.2518919,1.0,-1.0791833,1.360249,-0.2125173,-0.66529274,-1.0624031,-0.4070828,-0.2125335,-0.6369433,-0.6898414,-0.7588239,1.092515,-0.5933683,0.13636152,-0.1977586
247,53.0,9.0,-0.8124097,-0.64567035,0.46225858,-0.4080151,1.0,0.75642365,1.6783888,-0.3218136,-0.6885091,-1.0266489,0.80505514,0.16439289,-0.51857173,-1.03103,-0.5748121,1.7473309,-0.37988058,-0.19205838,-0.42141998
248,54.0,9.0,-0.34571782,-0.481235,1.5263351,0.3730916,1.0,-0.539442,-0.5140317,1.4638424,0.076983325,-0.88587445,0.4726695,0.5206912,-0.7512905,-0.8951504,-0.058212955,0.39872986,1.8098258,0.115966566,-0.040843774
249,55.0,9.0,-0.5237192,-0.29018012,0.92301404,0.003415412,1.0,-0.7439959,-0.2099225,1.0944803,-0.38359496,-0.69510865,1.3933268,0.3999013,-0.80941397,0.7829129,0.018167665,0.19594894,1.4498043,-0.23268479,-0.060114723
250,56.0,9.0,-0.7729471,-0.63330483,0.8046289,1.2160337,1.0,1.6304162,1.0902126,0.6911007,1.1358703,-0.6244888,0.8791415,0.9974604,-0.5825612,-0.86410385,0.45359337,1.3697833,-0.044988263,0.16648942,-0.3350742
251,57.0,9.0,-0.82367146,-0.62694556,0.12148922,-0.30946314,1.0,0.22058704,0.14830312,0.36152253,-0.47005647,-0.8659929,0.10455559,-0.2050474,-0.7903303,-0.39996785,-0.65693754,0.3869073,-0.00023315745,0.35260302,-0.3277192
252,58.0,9.0,-0.8660617,-0.71741503,1.8918712,0.2005777,1.0,0.3449642,-1.1217675,2.1443703,0.12594154,-0.59463215,0.74338776,0.25886828,-0.73733044,-0.7240051,-0.1091007,0.046030164,2.2715242,0.30612227,-0.33917147
253,59.0,9.0,-0.64710456,-0.4777024,1.3542646,0.18677486,1.0,0.22231646,-0.16884224,1.1313528,0.21701087,-0.9237918,0.42039305,0.45567694,-0.7502413,-0.42803118,-0.016238188,-0.03009881,0.7804394,0.1765692,-0.3053217
254,60.0,9.0,-0.3434231,-0.5456955,1.5116359,-0.33652622,1.0,2.0684779,-0.30416784,1.5414467,-0.37654594,-0.8306545,0.25231925,-0.2630372,-0.65974015,-0.98406494,-0.48968592,0.14090821,1.6862139,-0.45044562,0.13330989
255,61.0,9.0,-0.7137675,-0.43867204,0.55782497,0.10455099,1.0,2.2269268,-0.2744101,1.4111737,0.1340987,-0.13938761,1.1551492,0.41108194,-0.78449357,0.53978103,0.101321615,-0.20651364,1.0860435,-0.018939072,-0.24284612
256,62.0,9.0,-0.5576149,-0.5227767,0.76278436,-0.04814186,1.0,1.0275084,0.2292373,1.1508296,0.215692,-0.66502285,0.80459535,0.7701295,-0.6384034,-0.6616625,-0.2863049,-0.39539996,0.33377787,0.9020591,-0.37383902
257,63.0,9.0,-0.9234648,-0.3808533,-0.49412075,-0.3401589,1.0,0.12866001,0.24396554,-0.41376913,-0.76659167,-1.1113712,-0.7890256,-0.44576746,-0.76403576,-1.0887201,-0.25634283,0.10268546,-0.9755765,-0.050500717,-0.4299031
258,64.0,9.0,-0.33943465,-0.56034017,0.42957196,,1.0,-0.06754359,-0.8706697,1.7845,5.3897605,-0.14334482,3.50216,2.2162206,-0.7035432,-0.65777874,2.7419176,-0.08226429,1.4247128,-0.0036248052,0.73526126
259,65.0,9.0,-0.9523483,-0.67676175,0.20552541,-0.35909283,1.0,-1.032468,0.15076321,-0.055008378,-0.7225734,-1.0278145,-0.5260066,-0.5065866,-0.7686857,-1.030889,-0.63378155,0.34710383,-0.25120282,0.3383651,-0.28097072
260,67.0,9.0,0.2132402,1.7374847,1.3637309,0.010778311,1.0,-1.8127677,5.015621,0.5164669,-0.25891817,-0.8984694,2.076398,2.0540638,-0.64875567,1.3196001,0.65228176,1.46871,-0.016818509,-0.7458442,0.036481675
261,68.0,9.0,-1.0565319,6.8325753,0.05936323,0.43636087,1.0,1.4172075,0.506978,0.0054638325,-0.032153405,-0.5300662,1.115912,0.381692,-0.82939035,-0.21358743,0.10946602,-0.15639353,0.15225576,-0.23688446,-0.18814294
262,69.0,9.0,-0.0012921622,-0.7452763,0.9759261,-0.22634359,1.0,0.39789796,0.05748945,1.841754,0.0050759935,-0.79058725,0.949116,0.7066672,-0.544117,0.5441267,-0.31883058,-0.21510442,1.5637355,0.28834072,
263,70.0,9.0,-1.0315828,-0.2934342,-0.32141188,3.8448098,1.0,-0.34545106,-0.37666455,-0.63813865,4.0152373,-1.0311022,3.942115,2.0352159,-0.49602798,-1.1266391,2.156037,1.2376908,-1.3565407,0.17154638,-0.25584117
264,71.0,9.0,-0.6504009,-0.6271934,0.60660195,0.006754173,1.0,1.2695506,-0.11953413,1.7262247,0.26493996,-0.69158405,0.09211865,1.6240804,-0.56528866,-0.8892773,0.29358783,-0.14252666,1.454445,-0.060008526,-0.39285845
265,72.0,9.0,-0.027712401,-0.6163563,0.60970104,0.08359675,1.0,0.26921055,0.060833838,1.8562068,0.6360413,-0.3596552,1.0422276,0.6663916,-0.57286286,-0.0025459074,0.86742705,-0.013185519,1.2105794,-0.16474922,-0.27195403
266,73.0,9.0,-0.6574884,-0.54225826,2.443963,1.2686408,1.0,-0.29022282,-0.19392142,1.807801,1.4942867,-0.6548969,1.2760994,1.0681145,-0.74688,-0.06770421,,0.29683095,1.489607,-0.22752656,-0.25058267
267,74.0,9.0,-0.5755508,-0.31349283,1.2022114,-0.21107242,1.0,2.1197412,2.8183799,0.16057393,-0.3225092,-0.9370894,0.507151,0.17557727,-0.64350545,-0.7581148,0.2386148,0.893331,0.8932148,-0.3581212,-0.10056567
268,76.0,9.0,-0.1290947,-0.4102633,2.4179292,-0.06018056,1.0,0.5234183,-0.26684546,1.7564484,0.24116808,-0.66116947,0.5319282,0.27148464,-0.78303385,-0.6985705,-0.077511944,1.0201136,2.0570748,-0.5681212,-0.16589008
269,77.0,9.0,-0.44340387,-0.70395684,1.1408262,-0.29901552,1.0,0.3645195,0.013156131,1.6882079,0.12047919,-0.8461372,-0.63001686,0.06784182,-0.6929292,-0.8769382,-0.23320198,-0.006443742,1.757303,0.70396197,-0.26858622
270,78.0,9.0,-0.3513204,-0.46746674,0.9807406,0.30099356,1.0,-0.21754766,0.08480732,1.9023123,0.7047883,-0.3317484,0.40950698,0.993427,-0.69437367,-0.9146962,-0.13414164,0.2335899,1.3026768,-0.4959464,-0.2363456
271,79.0,9.0,0.67723525,-0.4210918,1.9955711,-0.16640827,1.0,1.3679703,-0.46999562,2.6944168,0.29301113,-0.48131675,0.017659329,0.73484427,-0.40058875,-0.88874704,0.16746421,0.49768493,2.2999322,-0.15324004,-0.30517042
272,80.0,9.0,-0.89377034,-0.8024827,-0.26838914,-0.44053563,1.0,-0.766496,-0.533821,0.1200358,-0.5975491,-1.0405948,0.028468154,-0.38771203,-0.817713,-0.5711572,-0.26384836,0.0033354731,-0.26537535,0.069024235,-0.36378345
273,82.0,9.0,-0.86949724,-0.52561194,-0.027787112,-0.3732896,1.0,0.027368443,0.35990858,-0.32509577,-0.42466432,-1.0183257,-0.12401819,-0.41619718,-0.59109354,-0.9475483,-0.31222287,0.87626344,-0.8156679,-0.08661855,0.015283773
274,83.0,9.0,-0.7325228,-0.43705553,1.1035002,0.0191819,1.0,2.291135,2.0824542,0.23114488,-0.2701094,-0.90751046,0.5162833,0.20941857,-0.6191796,-0.44176784,-0.29267734,1.2981734,0.5140941,-0.21378914,-0.13472831
275,84.0,9.0,-0.60526097,-0.46064267,0.6159548,0.1580778,1.0,0.07553924,-0.8860837,1.0796249,0.06812264,0.6425327,1.9795053,1.3566396,-0.7616855,-0.5227329,-0.12452659,0.15782045,0.41917375,-0.3458217,-0.22795863
276,85.0,9.0,-0.64687246,-0.697292,0.28666267,-0.13397445,1.0,0.05983745,-0.469876,0.9070774,-0.1666087,-0.9647718,-0.6911183,0.07414804,-0.64875954,-0.9831411,-0.49379537,0.8720952,0.6213421,-0.12979586,-0.28344
277,86.0,9.0,0.11171578,-0.669799,1.9074886,-0.056994334,1.0,-0.08562304,-0.34894803,2.347451,0.013491735,-0.70768934,0.13489254,0.20261136,-0.69550735,-0.32801312,0.4278847,-0.09109443,2.1612277,0.56047547,-0.23615149
278,87.0,9.0,0.27979845,-0.48248905,3.0590758,1.1085622,1.0,1.1904063,-0.42633224,2.3505754,1.5142434,-0.2583568,1.2370977,1.9785508,-0.47130033,-0.5320976,0.54517424,0.6715291,1.6911725,-0.3616345,-0.20421009
279,88.0,9.0,-0.9968509,-0.6073589,-0.35155326,-0.22993018,1.0,-0.7129749,2.2777193,-0.49590728,-0.6888867,-1.1161262,-0.7056368,-0.5247447,-0.73223585,-0.9503685,-0.42452845,1.2432631,-1.0843971,-0.2688757,-0.4030317
280,89.0,9.0,-0.82893556,-0.5242617,0.38046157,-0.36411035,1.0,-0.3298356,0.08851735,0.5094831,-0.6744839,-1.0451964,2.528576,0.24377306,-0.7354215,1.4173391,-0.61947083,0.52361476,0.18703769,-0.31346238,-0.24070676
281,90.0,9.0,-1.1153417,-0.7373828,0.101502836,-0.35992602,1.0,-0.64427084,0.014863372,0.104723826,-0.6675674,-1.0547725,-0.7375688,-0.39321268,-0.6301647,-1.0885864,-0.6759536,0.218824,-0.4695062,0.10360834,-0.42147204
282,91.0,9.0,-1.1188551,-0.7348634,0.14636338,-0.2922477,1.0,-1.0165669,-0.36298743,0.25170156,-0.5319361,-0.9046235,-0.35333613,-0.7685259,-0.7688925,-0.94445676,-0.3306057,-0.11669187,0.18012872,-0.138068,-0.40594456
283,92.0,9.0,-1.1261456,-0.63823044,-0.3897152,-0.46722272,1.0,-1.2011988,1.1044804,-0.47883084,-0.918439,-1.0374707,-0.7887675,-0.6418874,-0.72072953,-0.81488276,-0.81839037,0.32093945,-0.9744313,-0.52461964,-0.036307987
284,93.0,9.0,-0.48783356,-0.57817626,1.173036,0.0028350786,1.0,-0.45313114,0.96616596,0.75695103,0.15798709,-0.90928334,0.60902447,-0.2105824,-0.7440297,0.36139777,0.23273048,0.87517774,0.59345824,-0.38903576,-0.27268174
285,94.0,9.0,-0.9408529,-0.7382568,-0.29628754,-0.3313516,1.0,-0.38701397,-0.5086498,0.21300372,-0.6033175,-0.90021837,-0.5943698,0.2438262,-0.62924343,-0.5654342,-0.65279424,-0.26222435,-0.35367355,-0.03021023,-0.38361314
286,95.0,9.0,-0.89298964,-0.7953296,0.18852678,-0.35202417,1.0,-1.0962443,0.048471004,0.85461867,-0.366881,-0.8498584,-0.73638976,-0.5524762,-0.604087,-1.0512552,-0.5167058,0.25066397,0.5789691,-0.10911717,-0.3049506
287,96.0,9.0,-0.99003553,-0.7617004,0.34375283,-0.37550765,1.0,-1.0652977,-0.1554492,0.109506294,-0.68439376,-1.0253165,-0.39658165,-0.47741637,-0.73821974,-0.40416676,1.7312913,0.3423869,-0.19481753,-0.23676597,-0.31226957
288,97.0,9.0,-0.38363263,-0.5404948,0.7029968,-0.23228203,1.0,0.42977807,-0.28326005,1.4490377,0.12045111,-0.63197476,-0.21447393,0.05937307,-0.6425903,-0.6767419,,0.21102302,1.1043048,0.059351336,-0.3654042
289,98.0,9.0,-0.87048656,-0.8575804,0.9112135,0.68903536,1.0,-1.7445986,-1.7415453,0.87254745,0.50700825,-0.7807484,0.4661937,-0.042562976,-0.8726342,-0.9942454,1.0705701,-0.43945497,0.9731171,-0.4091721,-0.2364068
290,99.0,9.0,-0.86383355,-0.65484464,0.5370776,-0.49410373,1.0,-1.2846178,0.3870071,0.0014965246,-0.894496,-1.0694151,-0.09639382,-0.47166616,-0.90498734,-0.96487975,-0.43093994,0.66147894,0.24809389,-0.70302033,-0.19832465
291,100.0,9.0,-0.49251765,-0.4655441,1.2512898,-0.28273207,1.0,-2.0211658,-0.21740289,0.7104622,-0.21947517,-0.93393356,0.7329495,0.24147335,-0.6313731,-0.13809139,0.06145435,1.246528,0.34477472,-0.34951466,-0.08349839
292,101.0,9.0,-0.7287932,-0.30736068,0.31719562,-0.28202528,1.0,-1.3161987,0.5992744,0.031652167,-0.35105163,-1.0790174,-0.22005512,-0.33218285,-0.7443584,-0.18425493,-0.28744483,2.3506904,-0.27572793,-0.43778956,-0.03540252
293,102.0,9.0,0.14485173,-0.64608026,1.096778,-0.3481882,1.0,0.4374087,-0.87929654,1.4521128,-0.29033995,-0.844329,-0.6329831,-0.039785568,-0.6241862,-0.9425989,-0.31624094,0.35197088,1.325431,-0.42810082,-0.16113728
294,103.0,9.0,-1.1641287,-0.7702804,-0.2736234,-0.5342063,1.0,-0.43728414,1.4697881,-0.63375795,-1.1277666,-1.1290878,-0.96306527,-0.81922436,-0.81722623,-1.1212523,-0.84503174,0.9159033,-1.2050596,-0.4282479,-0.35242954
295,104.0,9.0,-1.0228223,-0.65793943,-0.15517294,-0.43783677,1.0,-1.0251275,0.7451033,-0.22932959,-0.884691,-1.1165789,0.6627808,-0.18294668,-0.7401874,-0.2048621,-0.79971063,2.1711366,-0.1846833,-0.66284376,-0.20555392
296,105.0,9.0,-0.6611575,-0.41200322,0.84741646,-0.39662164,1.0,-0.30179733,0.054484088,0.46339992,-0.6720385,-1.0227968,-0.11717591,-0.17296389,-0.624052,-0.8659425,-0.7030504,0.9022967,0.69669765,-0.48386475,0.029340958
297,106.0,9.0,-1.2106351,-0.67337173,-0.20899859,-0.4852663,1.0,-0.163027,1.5800173,-0.555911,-1.0314565,-1.1327658,-0.19337822,-0.5082958,-0.7215254,-0.8166854,-0.8620638,1.2765825,-0.7339572,-0.5135422,-0.36158228
298,107.0,9.0,-0.6377203,-0.6286004,0.78906286,-0.38882655,1.0,-0.023650236,-0.67709273,0.6264169,-0.5031651,-0.9963773,-0.509225,-0.2451272,-0.77778333,-0.89246494,-0.5997216,0.13243082,0.7223507,-0.63953596,-0.24231055
299,108.0,9.0,-1.0240098,-0.6362094,0.06110066,-0.480873,1.0,0.02099476,-0.5144091,-0.05455793,-0.76378316,-1.0573522,-0.51786596,-0.5384731,-0.8046471,-0.715111,-0.72902346,0.7343535,-0.23599787,-0.5784853,-0.34293014
300,109.0,9.0,-0.23153761,-0.56316096,1.5375205,0.4925446,1.0,0.98187214,-0.9448905,1.9949383,0.86192167,-0.29469287,0.21961838,0.5757606,-0.6603671,-0.9310586,-0.16323194,-0.13827682,1.9160216,-0.6502954,-0.31464088
301,110.0,9.0,-0.042256325,-0.51517457,1.3946508,-0.36791345,1.0,-1.5721093,-1.1154234,0.9776423,-0.54260796,-0.9283067,0.18497013,0.12661739,-0.8269113,-0.67040986,-0.17014636,-0.009889337,1.276125,-0.36336762,-0.07430347
302,112.0,9.0,-0.6831656,-0.4448152,0.7709107,-0.33638197,1.0,3.0043437,1.1546792,0.26891905,-0.43212825,-1.0388378,-0.21472068,-0.22062632,-0.60473716,-0.5097728,-0.3939696,0.3960163,0.82998884,-0.24932863,-0.20885687
303,113.0,9.0,-0.20607762,-0.81570303,1.0689312,-0.0047540567,1.0,-0.43365496,1.0226455,1.273209,1.6568573,-0.66946125,0.5793881,0.5363426,-0.56844276,-0.8457013,0.8998413,1.6482967,0.7779776,-0.18899687,-0.28250512
304,113.0,9.0,-0.3980568,-0.4241636,2.0615168,0.18351084,1.0,-0.993519,-0.8417474,1.6244805,0.2169214,-0.69654363,0.2861616,0.021759335,-0.7372049,-0.38840556,-0.35456428,-0.12564518,1.8072307,-0.52778846,0.0033838528
305,114.0,9.0,-0.7425958,-0.61173487,0.88313776,-0.25451824,1.0,0.39945158,0.298699,0.7219256,1.1564496,-0.905144,-0.58732057,-0.13664544,-0.6703134,-0.9527404,-0.06641431,0.4422208,0.39855275,-0.20606856,-0.37815025
306,115.0,9.0,-0.59070474,-0.55273515,0.39252207,-0.2552323,1.0,-1.2594554,-0.10460369,0.68790513,-0.5661459,-0.95255554,0.06410758,-0.22764243,-0.6893494,-0.9693024,-0.08860627,0.29283324,0.7537359,-0.26026598,-0.1838199
307,116.0,9.0,-0.7219094,-0.6804552,1.5786263,-0.25773755,1.0,-0.7114287,-0.29224005,1.1218967,-0.4304714,-0.93255275,0.18698561,-0.14941005,-0.70798415,-0.021887703,-0.45013133,0.07541371,1.0230048,-0.06179503,-0.4110584
308,117.0,9.0,-1.0127419,-0.43660852,-0.31275907,-0.41522482,1.0,1.2119958,-0.06932724,-0.38862997,-0.6825301,-1.0317925,-0.7026978,-0.5942046,-0.80081636,-0.86928916,-0.6779516,0.7951877,-0.8996336,-0.16943693,-0.45346612
309,118.0,9.0,-0.91613185,-0.6664261,0.9022415,-0.47562668,1.0,-0.27222925,-1.4870542,0.36128038,-0.78975344,-1.092981,-0.61287254,-0.73695064,-0.8976121,-0.8923569,-0.4390072,0.06390408,0.4185401,-0.58775467,-0.34984565
310,119.0,9.0,-0.5285061,-0.5489343,0.84757435,-0.34352204,1.0,0.19687387,-0.9024919,1.2043084,-0.21373342,-0.6306119,-0.55650127,-0.30792946,-0.7488849,-0.9298268,1.8089719,0.14623277,1.3255552,-0.4884478,-0.108268246
311,120.0,9.0,-0.940144,-0.30645704,-0.099644355,-0.4331836,1.0,-0.21042009,0.7718968,-0.16149619,-0.63355035,-1.0889654,-0.22119379,-0.4461573,-0.7629581,-0.9272535,0.12520248,1.1840883,-0.6053459,-0.31104416,-0.3032318
312,121.0,9.0,-0.67583686,-0.5735337,0.81551325,-0.21184963,1.0,-0.8686862,0.08669553,0.87781423,-0.14765412,-0.9544148,-0.046207845,-0.14771752,-0.70044065,-0.4813718,-0.2119716,0.36330748,0.53655046,-0.19496277,-0.4026907
313,122.0,9.0,-0.544312,-0.46364334,1.8521268,0.25341785,1.0,-0.7355366,-0.0017847504,0.9902301,0.28540576,-0.37191805,0.7174767,0.5639778,-0.7708531,-0.7282208,0.26904762,0.3578225,0.9685117,-0.42935398,-0.19429462
314,123.0,9.0,-1.0482427,-0.56783193,-0.1250662,-0.44934237,1.0,0.19164428,0.1875464,-0.305013,-0.7263606,-1.1012028,-0.352925,-0.37987036,-0.79759246,-0.8136719,-0.87109554,0.8887904,-0.8993777,-0.09711966,-0.19887099
315,124.0,9.0,-0.8731588,-0.3773526,0.86499685,-0.037412897,1.0,-0.14855832,-0.5095776,0.4378471,-0.2694269,-0.93123025,0.4001324,-0.33939707,-0.7897255,-0.7421218,-0.46410844,1.2380937,0.09360692,-0.24337488,-0.31802118
316,125.0,9.0,-1.0382546,-0.58506256,-0.14232203,-0.5088309,1.0,-0.71526873,0.5919005,-0.4681962,-0.9722349,-1.134013,-0.35908005,-0.85274816,-0.6371531,-0.8803064,-0.7405307,1.2443496,-0.6088013,-0.2251921,-0.34727204
317,126.0,9.0,-0.89305294,-0.6011567,0.08012293,-0.480758,1.0,-1.0289474,1.5684097,-0.2328255,-0.98223305,-1.1008894,-0.47665197,-0.5818163,-0.564322,-1.0139495,-0.86814016,2.4763358,-0.30935925,-0.5817688,-0.39502206
318,127.0,9.0,-0.41255772,-0.6300621,1.3011972,-0.30517477,1.0,0.4336635,0.5085814,0.5615901,-0.3850237,-0.8869174,0.82181203,0.20857808,-0.6881056,-0.78701377,-0.36483917,2.7980647,0.7559824,-0.6492188,-0.33095357
319,128.0,9.0,-0.6121468,-0.6715501,1.4421091,-0.29716656,1.0,0.56981295,-0.39673728,0.8712249,-0.1862611,-0.98892957,-0.60245883,-0.029809153,-0.73783004,-0.9312895,-0.24226211,0.39882043,0.6146723,-0.27108195,-0.351064
320,130.0,9.0,-0.69708955,-0.6478211,0.614158,-0.30196264,1.0,1.4260199,1.8203722,0.1687195,-0.23925978,-0.8983663,0.5038159,0.0067355665,-0.6968163,-0.48322305,-0.16142078,1.7975858,0.0667813,-0.35614657,-0.31940013
321,131.0,9.0,-0.68638754,-0.58656514,1.1410426,-0.37130666,1.0,0.7368373,0.08625777,0.3976664,-0.39586315,-0.9277486,0.3128842,0.06890839,-0.7147618,-1.0478148,-0.5894269,2.2373292,0.20664564,-0.62804747,-0.32870793
322,132.0,9.0,-0.9498791,-0.7469637,0.49291486,-0.4816981,1.0,0.2343342,0.17546563,0.039048497,-0.84059507,-1.0219798,-0.12639679,-0.28368264,-0.77501035,-0.88446045,-0.41465858,1.1491376,-0.25594556,-0.5490517,-0.35592446
323,133.0,9.0,-0.8648475,-0.62635803,0.3970818,-0.17336792,1.0,-0.22935186,0.37341115,0.100365385,-0.32245317,-0.9960288,0.22056358,-0.33900434,-0.60476303,-0.95593256,-0.41071805,1.0682467,-0.44764376,-0.32761317,-0.3803533
324,134.0,9.0,-0.6720244,-0.5773052,0.7075161,-0.31921953,1.0,0.3972569,-0.043824114,0.46482152,-0.4465598,-0.92237943,0.6781298,-0.26742086,-0.6881956,-0.4174746,-0.22071876,1.2876793,0.42070574,-0.63724726,-0.23679593
325,135.0,9.0,-0.8289649,-0.54535,1.1438733,-0.430833,1.0,-1.035242,-0.72096634,0.9472753,-0.7177491,-0.93201876,-0.30157122,-0.07560537,-0.799728,-0.46974322,-0.65024096,0.46944234,1.0117147,-0.46630496,-0.04600457
326,136.0,9.0,-0.86441785,-0.28034583,0.1681452,-0.45919144,1.0,-0.50032735,0.4081774,-0.31439087,-0.75198174,-1.0471784,0.31479803,-0.27476108,-0.63677686,-0.70750684,-0.7707945,2.1885822,-0.67231125,-0.58443475,0.74321616
327,137.0,9.0,-0.7891339,-0.26635692,0.12414925,-0.43215197,1.0,-0.9713174,-0.33609754,-0.44394192,-0.84744495,-1.026648,0.6570731,-0.39347565,-0.72334355,-1.0047195,-0.7654939,3.047109,-0.873491,-0.3274588,-0.16087252
328,138.0,9.0,-1.1536893,-0.5083939,0.094608985,-0.039372124,1.0,-0.58580244,1.2790524,-0.26671895,-0.5938459,-0.91331416,-0.1879149,-0.38600045,-0.8522073,-0.74947834,-0.3814233,0.5458944,-0.045093715,0.24314858,-0.39272833
329,139.0,9.0,-0.89847046,-0.197828,0.49915385,-0.08784052,1.0,-0.6479643,0.53939056,0.46596864,0.2793152,-0.8315677,0.28279358,0.21609169,-0.72294134,-0.50587416,-0.4567689,1.0426112,-0.29363745,0.25512338,-0.24156317
330,140.0,9.0,-0.73105955,-0.3959194,0.60416937,-0.1235203,1.0,-0.8804511,0.28465354,0.78753465,-0.33572152,-0.88700795,-0.1956232,-0.03662631,-0.68105716,-0.52874875,-0.17640236,0.28153524,0.5202786,0.21373719,-0.2605841
331,141.0,9.0,-0.65404075,-0.39340973,0.77620846,-0.12572993,1.0,-0.107482724,0.5121007,0.79444003,0.22573371,-0.674387,0.607525,0.092264585,-0.68300974,-0.7052313,2.4233487,1.8254983,0.49135268,-0.35250455,-0.3392946
332,143.0,9.0,-0.5895029,-0.44310972,0.6209421,-0.4354309,1.0,-0.58429784,0.6564677,-0.049472164,-0.62123734,-0.9956293,-0.21296299,-0.3970409,-0.7840414,-0.9633482,-0.17911658,1.7344024,-0.40144822,-0.15457352,
333,144.0,9.0,-0.68659484,-0.8096371,0.6564712,-0.15279879,1.0,0.061732292,0.16404471,0.86967355,0.53873855,-0.82842016,0.06730557,0.7033657,-0.66990936,-0.3926664,-0.068347275,0.53114927,0.20021735,-0.251894,-0.47440168
334,145.0,9.0,-0.28615233,-0.45778555,1.2678155,0.08381273,1.0,-1.5288726,1.230238,1.4140402,1.0505348,-0.2865605,1.5398467,1.8552375,-0.4758722,-0.3979361,0.42939055,1.8759094,0.5787897,-0.046360377,-0.28402272
335,146.0,9.0,-0.9317456,-0.69510657,-0.054903187,-0.4693153,1.0,-0.35108975,0.14139159,0.124439634,-0.80734307,-1.0204806,-0.40365815,-0.37736598,-0.7472928,-1.0363768,-0.8283111,1.7942215,-0.47797704,0.0797324,-0.3799507
336,147.0,9.0,-0.75807375,-0.6523174,0.7753317,-0.3421118,1.0,-1.2604471,1.6105717,0.2093802,-0.22426896,-1.0246227,-0.0037497305,-0.16242856,-0.7224981,-1.0364922,-0.42579383,5.1725574,0.10386376,-0.46466634,-0.40839174
337,148.0,9.0,-0.727621,-0.73073274,0.3443665,-0.3148683,1.0,-0.13288754,0.40640005,0.6335992,-0.2406163,-0.9612047,-0.06356447,0.7703907,-0.74929535,-0.25992957,-0.38618767,0.42304683,-0.1370552,0.37744725,-0.291261
338,149.0,9.0,-0.46587294,-0.75200117,0.8768563,-0.35418013,1.0,0.91685945,0.025443478,0.6219535,-0.19573712,-0.9866478,1.1291513,0.35600013,-0.64169675,-0.5023551,-0.5548761,1.4564531,-0.18608409,-0.27257892,-0.26197076
339,150.0,9.0,-0.51384854,-0.41612786,0.85034,-0.416501,1.0,-0.765968,0.19344288,0.3943401,-0.643074,-1.0147963,0.031323936,-0.06305275,-0.77503353,-0.6187767,-0.6097859,0.9443513,0.30946344,-0.3929002,-0.19397663
340,151.0,9.0,-0.32025483,-0.5197847,0.94274706,-0.28338078,1.0,-0.17539,0.18291366,0.5268094,-0.3238952,-0.9045224,0.3082621,0.35639992,-0.6290867,-1.0327046,-0.3067093,0.37206018,0.21862195,-0.15885724,-0.17711584
341,152.0,9.0,-0.47675064,-0.4909786,1.2911472,0.033296984,1.0,-0.7745568,0.68929917,1.0018467,0.24761017,-0.932346,0.40639636,0.46817613,-0.7525341,-0.62769514,0.08151125,0.017632436,0.46351746,0.31639707,-0.3476942
342,153.0,9.0,-0.85089904,-0.5910852,0.42310047,-0.44906858,1.0,-0.29618427,0.09585855,0.014921957,-0.58872473,-1.069958,-0.035010025,-0.15260161,-0.78396845,-0.9695129,-0.52343357,1.5574927,-0.17773063,-0.35915723,-0.43483257
343,154.0,9.0,-0.7875674,-0.36349446,0.14744793,-0.35379896,1.0,-0.680053,0.63838726,-0.10556345,-0.19257171,-0.9826412,-0.3835857,-0.16512738,-0.7220996,-1.137591,-0.33098,0.67617875,-0.6375302,-0.50205755,-0.43082944
344,155.0,9.0,-0.5054682,-0.55937207,0.81126964,0.11412915,1.0,-0.8786163,0.62899005,1.0410087,0.7294072,-0.67379576,0.19517921,0.8276415,-0.69568187,-0.8635377,0.23374605,0.912853,0.4256352,-0.10706154,-0.33644196
345,156.0,9.0,-1.0343082,-0.40393448,-0.34850383,-0.28034222,1.0,-1.7176269,0.43222535,-0.58029675,-0.62736326,-1.1036274,-0.54220396,-0.6177728,-0.8454695,-0.92418754,-0.50450677,2.1494837,-1.0916309,-0.39952582,-0.43730068
346,157.0,9.0,-1.0618354,-0.23489264,-0.62789375,-0.4200362,1.0,-0.464257,-0.16654862,-0.38684398,-0.7973644,-1.0756191,-0.40298775,-0.36399502,-0.8192706,-0.59136444,-0.5764462,1.0167453,-1.0752422,0.0054968204,-0.27766508
347,158.0,9.0,-0.8866128,-0.28895006,0.018367566,-0.4135094,1.0,-0.38468802,0.38563716,-0.17693676,-0.6312474,-1.0428859,0.7519608,-0.4114556,-0.835049,-0.52403235,-0.43147814,0.90114284,-0.5938867,-0.2911638,-0.23615871
348,159.0,9.0,-0.86516106,-0.60474086,0.54865074,-0.5006889,1.0,-0.008170973,1.8334371,-0.16704926,-0.91862816,-1.1041285,-0.090116635,-0.66497487,-0.7083955,-0.49281523,-0.51845,1.3771597,0.12342859,-0.22158076,-0.25441504
349,160.0,9.0,-0.62786686,-0.39040345,1.3465084,1.8344635,1.0,-0.8771644,0.5971581,1.0721173,3.2317288,-0.79709107,1.4705068,0.4691413,-0.69256747,-0.18008004,1.5027022,0.52219236,0.45385858,-0.13573906,-0.22667895
350,161.0,9.0,-0.741472,-0.75549376,0.6703761,-0.26985025,1.0,-0.28022894,0.5660722,0.93258184,0.06439641,-0.8165424,1.5331166,0.29690385,-0.72764534,0.18159564,-0.21530612,0.41632512,0.33091184,-0.037350744,-0.36637247
351,162.0,9.0,-0.7537427,-0.6955468,1.0006266,-0.2518958,1.0,1.155335,1.9290661,-0.15039481,-0.04636501,-0.9120533,0.5874127,0.0966335,-0.7274684,-0.8193126,-0.3634403,1.1233361,-0.5939036,0.4800138,-0.41254073
352,164.0,9.0,-0.88906425,-0.50843024,0.35323665,-0.38343766,1.0,-1.825141,0.54241383,0.18927437,-0.41036284,-0.96766317,0.009885617,-0.1453538,-0.75463784,-0.72981125,-0.16578569,0.81123227,-0.49389803,0.095712975,-0.29309577
353,165.0,9.0,-0.30658132,-0.37470204,1.6167239,-0.19871147,1.0,0.246053,0.037938416,1.0382693,0.13325232,-0.3881787,1.2166429,0.21760799,-0.65825,-0.51960135,1.6391233,0.52230155,0.9596728,-0.37938392,-0.22330351
354,166.0,9.0,-0.69182533,-0.79077935,0.27484244,-0.50591516,1.0,-0.7841432,0.2785124,0.34884706,-0.63663596,-0.99591315,-0.335001,-0.06840262,-0.6496975,-1.116326,-0.1046228,1.1126873,0.11986239,-0.43734306,-0.28737837
355,167.0,9.0,-0.6446419,-0.54502016,0.36663616,-0.36999157,1.0,-0.8493979,-0.38191164,0.26939803,-0.5228631,-0.9630944,-0.017563866,-0.1982983,-0.75624025,-0.9633519,-0.09448619,0.7212884,-0.0115169585,-0.5621018,-0.37838772
356,168.0,9.0,-0.6790259,-0.6071748,1.604071,-0.4093398,1.0,-1.8686355,0.00063996244,0.36119956,-1.0397496,-0.8173308,0.38646886,-0.5180056,-0.8130575,-0.5212954,-0.5138828,0.709768,0.8147038,-0.30248633,-0.25320542
357,169.0,9.0,-0.6723719,-0.45760456,0.25919428,-0.3996222,1.0,-0.537375,-0.044620443,-0.053221207,-0.75119877,-1.0184928,0.38075298,-0.3906742,-0.79321826,-0.74317235,-0.5306005,0.7389007,-0.39409262,0.120245226,0.121803574
358,170.0,9.0,-0.6725767,-0.5708704,0.27630267,-0.1771592,1.0,0.14497857,-0.139684,0.5493535,-0.29144275,-0.85500175,-0.5882132,-0.12937911,-0.7269214,-0.9446905,-0.40319687,0.3622311,0.3488953,0.15131275,-0.42852807
359,172.0,9.0,-0.75856626,-0.47327584,0.26422584,-0.40190315,1.0,-1.652699,0.6681713,0.0016362263,-0.030560367,-0.9346003,0.2674306,0.11299152,-0.75822544,-1.151587,-0.34943596,1.4830348,-0.2840218,-0.34691694,-0.2999557
360,173.0,9.0,-0.8669326,-0.44154012,0.9796275,-0.32374555,1.0,-0.04077709,0.14753307,0.4625038,-0.43536884,-0.9720037,-0.18628678,-0.32653338,-0.62684476,-1.0277236,-0.5547272,0.70355076,0.08323999,-0.059133578,-0.38429362
361,174.0,9.0,0.2761288,-0.29741332,1.31392,-0.112179026,1.0,2.2037485,0.13366385,2.2563806,0.4264849,-0.56909853,-0.28558803,0.06944995,-0.5745288,-0.8914368,0.082428455,0.38278627,2.1885517,-0.22037823,-0.25428075
362,175.0,9.0,-0.7426986,-0.30017495,0.09398726,-0.2576958,1.0,-0.41969606,-0.5999356,0.08680025,-0.078497864,-1.0590799,0.17201298,-0.23516178,-0.6753115,-0.11509277,-0.23252746,1.0095501,-0.30854934,-0.55966175,-0.25627556
363,176.0,9.0,-0.5271729,-0.7463549,0.4070353,-0.4506725,1.0,1.5193127,0.8323636,0.13729614,-0.12372985,-0.784525,-0.32931033,-0.060842898,-0.70775694,-1.0678161,-0.5440372,1.3157085,0.35701224,0.06718926,-0.31315878
364,177.0,9.0,-1.1266954,-0.46701482,-0.22287834,-0.44835317,1.0,0.4289801,2.0437093,-0.46525046,-0.5055534,-1.011946,-0.4881634,-0.17570712,-0.7383025,-0.9863066,-0.565155,1.0474706,-0.6755008,-0.46805862,-0.40686223
365,178.0,9.0,-1.0167933,-0.16655502,0.5935325,-0.09999471,1.0,-0.11732287,0.9778339,0.48452368,-0.3863362,-0.87636554,0.37680355,-0.012355549,-0.6065883,-0.3600112,-0.5891013,2.2930422,0.24685764,-0.47880122,-0.19496
366,179.0,9.0,-0.28463298,-0.45322812,0.6521015,0.0364736,1.0,0.8801814,0.4497126,1.1771425,0.18237302,-0.7209306,0.1728685,0.07921773,-0.7469941,-0.84927845,-0.30993047,1.620089,0.87107736,-0.41148564,-0.3578056
367,180.0,9.0,0.33980724,-0.71010953,1.4758573,-0.025233071,1.0,-0.32818577,0.05979419,1.584314,0.62619895,-0.18662702,0.6910296,1.895384,-0.5262568,-0.98049706,-0.22408049,1.9886878,1.2163743,-0.69737613,-0.41450378
368,181.0,9.0,-0.555997,-0.6962963,1.3369203,0.45291182,1.0,0.6853529,-0.6661662,2.4352624,1.1312987,-0.52035207,0.80199414,0.65661895,-0.47518545,-0.05711189,0.5751865,0.41494727,2.0794895,-0.12994273,-0.3885308
369,182.0,9.0,-0.77776265,-0.43997476,0.38096637,-0.49000758,1.0,-0.24060988,0.39883408,0.14615512,-0.36761224,-1.0272201,0.05343521,-0.20226191,-0.5907363,-0.6019989,-0.62306434,2.2816455,-0.027094008,-0.45184487,-0.23627785
370,183.0,9.0,-0.15901268,-0.5502518,1.4419292,-0.3783529,1.0,0.64249396,-0.22570588,0.88740754,-0.064159386,-0.89155686,-0.5795535,-0.4011167,-0.7075313,-1.0612801,-0.09961021,0.7027352,1.1291167,-0.2727372,-0.1367995
371,184.0,9.0,-0.8796649,-0.59031415,0.12216484,-0.39410475,1.0,0.03974763,0.32574728,0.3825422,-0.32213444,-1.0185677,-0.6033313,-0.07261822,-0.6996315,-0.80122924,-0.6229646,0.7275423,-0.04753445,-0.31237805,-0.2956282
372,185.0,9.0,-0.69822276,-0.4473537,2.0411572,0.5137563,1.0,-0.076986335,-0.3554056,1.87789,0.84431565,-0.40198424,1.0802487,0.9672257,-0.7061077,-0.10477812,0.5981366,1.1326841,1.7731735,-0.4222017,-0.22245343
373,186.0,9.0,-0.30382878,0.12223067,1.6803805,1.7396039,1.0,-0.6046104,1.132686,1.6745502,1.7881472,-0.1849449,2.4981747,1.8162159,-0.6233733,-0.56077796,1.2903023,1.2822262,0.9599583,-0.16988707,-0.013147112
374,187.0,9.0,-0.8705628,-0.5903149,1.3714143,0.06799939,1.0,-0.6659194,1.8450737,0.665466,-0.098077625,-0.033756174,1.9359741,0.6566999,-0.70177966,-0.21864231,-0.16339022,1.4231195,0.55844826,-0.27918205,-0.33982038
375,188.0,9.0,-0.66834277,-0.5696354,0.91171145,-0.0937448,1.0,0.8785338,2.223544,0.3453403,-0.39313173,-0.8562882,-0.6713138,1.6032301,-0.68326914,-0.8363844,0.035243325,0.72417873,0.57956266,0.06110543,-0.40805593
376,189.0,9.0,-0.99676746,-0.55327374,-0.3827873,-0.4502362,1.0,-0.40804648,0.44319233,-0.71385974,-0.9536947,-1.0960406,-0.49287707,-0.79092646,-0.7087452,-1.0208219,1.3649651,4.113371,-1.3646858,-0.56820905,-0.33740652
377,190.0,9.0,-0.6898606,-0.53068984,0.22752018,-0.40603793,1.0,1.0835027,0.65844786,0.072277576,-0.65293556,-0.96114874,-0.26977092,-0.55866456,-0.7768404,-1.0287933,-0.44088766,3.2387252,-0.5878899,-0.2092794,-0.23594496
378,191.0,9.0,-0.52784526,-0.6546546,2.7213066,0.69966185,1.0,-0.59968716,-0.69365627,1.3046602,0.9853188,-0.6270668,0.7326979,0.26938474,-0.8339839,-0.49742758,1.0366303,0.7816869,1.684227,-0.60176,-0.20564428
379,192.0,9.0,-0.22560081,-0.4217374,1.2840492,-0.20680699,1.0,0.069945075,0.52932304,0.79755646,-0.2893814,-0.92537934,-0.22673196,-0.1574965,-0.68525165,-0.45397827,-0.26351428,2.0720396,0.73713285,-0.23794462,-0.22394414
380,193.0,9.0,-0.87337226,-0.4493282,1.1756,-0.13634148,1.0,-0.90647066,0.84626216,0.58455795,-0.1269417,-0.90809697,0.3337491,0.030333802,-0.7083369,-0.79126495,-0.19647506,0.9274177,0.25051957,-0.1333965,-0.14438926
381,194.0,9.0,-0.6001112,-0.53735566,0.7917665,-0.17094333,1.0,-0.45845604,0.025077496,0.41513783,-0.26674932,-0.8616507,1.0022265,0.38548002,-0.71002567,-0.23095298,-0.29151598,2.3421874,0.018548995,-0.4784753,-0.19338271
382,195.0,9.0,-0.8301678,-0.26324967,-0.011303059,-0.25087637,1.0,0.5959537,0.093062125,-0.4534079,-0.68364006,-1.0774132,-0.06308797,-0.09552655,-0.7362762,-0.581245,-0.13971338,3.0880282,-1.2169238,-0.42198154,-0.32027173
383,196.0,9.0,-1.2478305,-0.198632,-0.3804889,-0.43300065,1.0,1.9860139,2.4696648,-0.4310065,-0.5681771,-1.0026364,-0.26646966,-0.61198807,-0.45479244,-0.98109144,-0.60636497,2.018187,-0.86462855,-0.13684407,-0.2745154
384,197.0,9.0,0.24645549,-0.39882833,3.836042,-0.056093294,1.0,2.1182868,-0.36137757,3.1569407,0.5899123,-0.4977433,0.20346111,1.0709491,-0.61762136,-0.9403454,-0.04921152,0.9285455,3.1756828,0.08946245,-0.049329266
385,198.0,9.0,0.01925887,-0.5001053,2.281086,-0.30311805,1.0,0.7941393,0.60238796,1.6653259,-0.4017923,-0.8903442,-0.02824042,0.24221826,-0.62763333,-0.6924319,-0.7335467,1.7981557,1.8115828,-0.18984012,-0.24408577
386,199.0,9.0,-0.5863295,-0.68433315,1.7051603,,1.0,-0.6657832,-1.3615526,2.091161,4.1951823,-0.7521168,2.0949807,0.978389,-0.8305866,-0.7733988,2.4472108,0.42926618,2.2995856,-0.58700055,-0.23881839
387,200.0,9.0,-0.5244963,-0.36751893,2.5162385,0.004860446,1.0,-0.57203263,-0.6533602,1.41277,-0.34400555,-0.6849519,0.41341636,-0.049098372,-0.7538246,-0.28958508,-0.13650872,0.44615665,1.5238621,-0.40499002,-0.08433772
388,201.0,9.0,-0.48333052,-0.65065455,1.5628526,-0.19105446,1.0,-0.11930897,-0.20956394,0.9524878,-0.16191882,-0.80548245,0.23063189,0.14153844,-0.7769944,-0.9039144,-0.32999638,0.8419342,0.78152335,-0.3942215,-0.34891966
389,202.0,9.0,-0.19349924,-0.6737587,2.5305762,-0.088681765,1.0,-0.6327215,-0.8419415,1.6304128,-0.042227276,-0.83796626,0.44458482,-0.12956023,-0.7759946,-0.47091085,-0.070173316,0.22777183,2.0656266,-0.21375586,-0.27904084
390,203.0,9.0,-0.77380234,-0.7619038,0.6438885,1.7046039,1.0,1.8695394,1.1851845,0.351829,1.5945914,-0.80210483,1.0474223,0.51683915,-0.6643411,-0.97335565,0.6043058,0.6850125,0.5257077,-0.21250746,-0.22926068
391,204.0,9.0,-0.42540684,-0.56127286,1.6647077,-0.29686278,1.0,0.80937314,-0.5432061,1.2010967,-0.1288246,-0.9255775,-0.5170413,-0.11645611,-0.71268505,-0.82082975,-0.22711392,0.19627729,1.0707747,-0.12728605,-0.31802723
392,205.0,9.0,-0.9462944,-0.57176787,0.3852179,-0.37778327,1.0,-0.79726684,0.5136556,0.2610727,-0.69514805,-0.91250056,-0.7722853,-0.052089382,-0.61742836,-1.0096834,-0.5498114,1.2691909,0.0023890526,-0.20130517,-0.120612964
393,206.0,9.0,-0.54967904,-0.6389698,0.92877406,-0.3887386,1.0,1.4602112,0.048032228,1.8453634,-0.087972865,-0.77365834,-0.37574646,-0.2183284,-0.6753759,-0.9257142,-0.094198585,-0.21897076,1.666238,1.3602152,-0.19369915
394,207.0,9.0,-0.82200384,-0.42028412,0.4265364,-0.32638052,1.0,2.945776,1.9621156,-0.37976578,-0.019411791,-0.9713933,-0.45519653,-0.091173135,-0.73947304,-0.9725829,-0.25777316,1.8956761,-0.5935185,0.19850728,0.42699528
395,208.0,9.0,-1.2359369,-0.33421767,-0.4751,-0.62061745,1.0,0.43776292,1.2592691,-0.55514574,-1.1363164,-1.1147095,-0.8020546,-0.8959624,-0.85328144,-0.4477425,-0.8174415,1.2448438,-1.0213772,0.1253281,-0.36245963
396,209.0,9.0,0.06643398,-0.60795176,1.3969665,-0.1673611,1.0,-0.92217696,-0.710759,2.5395727,-0.21170093,-0.54422367,-0.27433816,0.30013475,-0.68615675,-1.0191053,-0.35747224,-0.13406795,2.5461516,-0.076800816,-0.26616916
397,210.0,9.0,-0.59723467,-0.6659871,1.226682,-0.35118023,1.0,-0.141326,-0.48353153,1.695372,-0.22925879,-0.7849574,-0.8039704,-0.01624479,-0.7338379,-1.0641652,-0.5267392,0.18874879,1.5156398,0.5497029,-0.33704615
398,211.0,9.0,-0.45176607,-0.31189626,1.2888185,0.039919194,1.0,-0.4909291,0.9710427,1.1641395,0.10306555,-0.52032405,0.5038795,1.1630664,-0.55904424,-0.8123391,1.1162039,1.9988525,0.74754775,-0.52296233,-0.3062914
399,212.0,9.0,-0.78523415,-0.48571777,0.36954868,-0.26633778,1.0,0.44539624,0.2650368,0.10407029,-0.47639504,-0.8712069,0.7695976,0.0046933023,-0.7280166,-0.9684658,-0.22320132,1.8941756,-0.4042096,-0.1031297,-0.37539092
400,213.0,9.0,-1.0065024,-0.5351945,0.048594896,-0.44388875,1.0,-0.06307509,0.36762756,0.1666681,-0.7419395,-1.0333894,-0.93368024,-0.47098923,-0.6095187,-0.9618163,-0.28662068,0.4385984,-0.40326202,0.6803051,-0.4418469
401,214.0,9.0,-0.92624223,-0.8123054,0.477726,-0.4227983,1.0,-0.2854491,0.6988669,0.20119949,-0.77717686,-0.9770729,-0.81532615,-0.4311077,-0.7663284,-0.98923403,-0.4923333,0.80193037,0.42929083,0.06487334,-0.43070978
402,215.0,9.0,-0.3969984,-0.50033545,0.86228704,-0.13251333,1.0,0.07019997,0.33697307,1.4186622,0.111801535,-0.66375625,1.0800105,0.58014333,-0.65473706,0.35069478,-0.1939115,0.46745855,0.9787328,-0.011994905,-0.25749186
403,217.0,9.0,-0.3034279,-0.5342656,0.47865042,-0.3395897,1.0,0.25849378,-1.07309,1.3094563,-0.09939127,-0.9061442,0.719962,0.0910153,-0.6954122,1.0295942,0.06620873,-0.3367889,0.7672442,0.3214167,-0.16776283
404,218.0,9.0,-1.0907518,-0.6829183,0.2370075,-0.058207747,1.0,-0.230723,-0.6960301,-0.053677276,-0.6204122,-0.81572646,-0.16448076,-0.2042053,-0.9543373,-0.59286547,-0.30445325,-0.38478133,0.1915152,-0.3474997,-0.2507512
405,219.0,9.0,-0.3333571,-0.7314243,1.120427,-0.3723116,1.0,0.41044843,-0.45655304,1.511212,-0.35181272,-0.87229407,0.26816383,0.33882454,-0.5964138,-0.5935587,-0.3443119,-0.0821058,1.6187176,0.6781297,-0.23272212
406,220.0,9.0,-0.43745998,-0.4655608,1.1352378,-0.29709277,1.0,-0.84260976,0.007376586,0.87834716,0.74493754,-0.8556991,-0.41954386,-0.019411933,-0.7067677,-0.9790427,0.13927558,0.8946243,0.46601012,-0.36181784,-0.3145456
407,221.0,9.0,-0.8523168,-0.48567408,0.22507447,-0.07985659,1.0,0.01466828,0.6993937,0.6342398,-0.4892897,-0.9203364,-0.6670909,-0.38309723,-0.7770511,-0.8893736,-0.301294,0.6059142,0.555242,0.07792448,-0.18286514
408,222.0,9.0,-0.013748065,-0.7487438,1.1987985,-0.3575276,1.0,0.6567433,0.28639245,1.3617991,-0.23205952,-0.6976565,0.05571323,-0.07223891,-0.61210513,-0.8798652,-0.13403232,1.5529735,1.4748868,-0.3139947,-0.35716203
409,223.0,9.0,-0.8789413,-0.5937316,0.72676426,-0.1280535,1.0,-1.7524827,-1.1108763,0.7649288,-0.306393,-0.5680719,-0.41853598,-0.21398596,-0.8233654,-0.7867378,-0.5399228,-0.06754375,0.832103,-0.19933578,-0.13676502
410,224.0,9.0,-0.8652478,-0.55164546,-0.026935952,-0.38806176,1.0,-0.34292865,0.58279145,0.2485223,-0.525557,-1.0062858,-0.18407401,3.2917812,-0.64438957,-0.61394954,-0.66823006,1.0932953,-0.13912047,-0.2384917,-0.3819072
411,225.0,9.0,-0.998062,-0.7224207,-0.10810009,-0.37384388,1.0,-0.051570274,0.034083474,0.19002222,-0.5326739,-0.9925071,-0.44562265,-0.24750653,-0.695162,-0.7068984,-0.8029794,0.7702095,-0.13382299,0.3329635,-0.34019947
412,226.0,9.0,-1.158451,-0.73961556,-0.6521223,-0.4235045,1.0,-0.9761631,0.0790234,-0.50462735,-0.66248435,-1.065426,-0.8942041,-0.31726518,-0.68657345,-0.9998305,-0.8362797,1.3341,-1.1656699,0.083483376,-0.39356866
413,227.0,9.0,-0.76731646,-0.747814,1.5253934,-0.094603986,1.0,-1.6924117,-1.4123498,1.5157344,-0.17591919,-0.14431162,0.17252064,0.3319335,-0.7982375,-0.72596216,-0.23622099,-0.13569424,1.3236538,-0.32195422,-0.3182991
414,230.0,9.0,-0.004445562,-0.7777925,1.8007525,-0.22470458,1.0,-0.58326817,-0.051852457,1.700623,0.21997704,-0.5198835,0.40164602,0.092371054,-0.79716605,-0.38549206,0.29410535,1.2768523,1.9373761,-0.5619961,-0.054000482
415,231.0,9.0,-0.7909601,-0.7707517,0.21816002,-0.53686154,1.0,-0.045679405,0.55252886,0.48266274,-0.55275834,-0.940312,-0.44118133,-0.2103859,-0.67799056,-0.5333213,-0.7753266,0.37422687,-0.18113738,-0.12899949,-0.31166288
416,233.0,9.0,-0.69474405,-0.2574177,2.6027727,1.47979,1.0,-0.02963506,-0.46181226,1.7829208,1.6113529,-0.60127485,1.5070826,1.0110414,-0.6284899,-0.6416365,0.96200967,-0.050210055,1.6737219,0.16113685,-0.24381335
417,234.0,9.0,-0.8514121,-0.5411325,0.6548096,0.03703214,1.0,-0.65749425,-1.1417375,0.75181395,-0.116761,-0.6496375,-0.17297786,0.002469645,-0.77526057,-0.92101157,0.49884516,0.54394126,0.783584,-0.5470468,-0.18091299
