,PC1,PC2,PC3,PC4,PC5,PC6,PC7,PC8,PC9,PC10,PC11,PC12,PC13,PC14,PC15,PC16,PC17,PC18,PC19,PC20,PC21,PC22,PC23,PC24,PC25,PC26,PC27,PC28,PC29,PC30,PC31,PC32,PC33,PC34,PC35,PC36,PC37,PC38,PC39,PC40,PC41,PC42
1,1.31161495920902,-0.692424327763101,0.372283769548533,0.286057309255457,-0.0600934818311205,0.418253868626237,-0.317235228844121,0.988024258687564,0.17168782976993,1.58754664558392,-0.753758065525723,-0.0385483010421781,1.0211871276589,1.3219206258382,-0.227906409833363,0.829595258234739,-1.47208320559187,1.42630181252687,-2.8985349085478,0.859299568193681,-0.542752031994913,-1.16623557325098,0.902735531829439,0.242759662077694,-0.891178424511311,-1.86071602512253,2.35427726613551,-1.30447126371513,-0.356586654561106,1.63673861810029,0.164531356346461,1.2486555096742,-0.551383487458007,-1.19759685393813,-0.635734402402142,-1.18770240934867,1.17542562098441,-0.465428471527496,0.753575087205432,0.0106223867845169,-1.3988810110277e-13,-2.48689957516035e-13
2,0.317668988639739,0.449757586238116,0.137587978006963,0.162122539251036,0.0492137507212825,1.3163570622675,0.660323898158864,1.03000852761548,1.07513296959739,0.713142231884761,-0.327363882982975,0.457106441718885,0.307480717069174,-0.7477515881173,1.36835491210865,0.411113665759882,0.75133504922277,0.043132931802153,-0.468150724238167,-0.00878063555165287,-0.189380617400328,-0.76664196708674,0.609841935663994,-1.1971814839078,0.628839346382853,-0.0981878681002451,1.53187467545856,2.42540864463516,1.03120444366239,0.674183336972433,1.01223024020169,0.481837329479011,-0.0829129354832362,2.74318048298963,-0.0647219328721548,-0.800826219976594,1.65753398867384,0.268170482935016,-0.101390636377839,1.06263405410209,2.42916797787984e-13,4.08562073062058e-14
3,0.284468348899727,0.4586063022583,0.124710010538319,-0.522170667272619,-0.45774852613965,0.745462944952178,2.37912240402803,-1.1711619013759,0.136259573494086,-0.891920365837039,-1.02236107671907,0.415002917930307,-0.393104987567431,0.602005400469664,0.683567864023624,-1.040773001362,-1.66944116961617,-1.21100106079665,-0.0613205534882197,1.67703863147448,-0.540964683398812,-0.0628602546708804,-0.403639407671143,0.546097774201679,-0.759921646522506,0.0103765600670038,-0.081409505009439,1.7033114125295,0.241860906082963,1.01458300940509,0.970797568225917,0.327064876353721,1.17083108429493,-1.51163988132269,0.698823048745037,0.233300900307243,-0.789603245831028,0.188565810667319,-0.366946359247955,0.895439992635685,-5.89528426075958e-14,1.90070181815827e-13
4,-0.148197993095649,-0.167008011099382,0.252580956710623,0.151999335246888,0.761494695298806,-0.657877933896907,-0.408512597059878,1.54980269950812,-0.399833671062309,-0.105618153966348,-2.90801322942574,-0.551520806931664,0.653978023723396,-0.827027481607571,1.72595621239344,-0.400734958807001,-0.30587172922082,-1.05902412180696,1.13184933113496,-1.06480690307313,0.767757162398419,-1.22841410492901,1.26488752158465,1.23496805032253,0.648939096505949,-1.06701703857299,-0.19979681363115,-1.57743924627193,-1.45958537281595,-0.380585370340546,-1.04285265044866,-1.71803055502219,-0.121540911123088,0.394279547516542,0.751875290334771,-1.72302210800255,-1.72433390270234,-0.440671376572272,-1.15402714174186,0.981255312550089,-1.67935110262363e-13,-4.5852210917019e-14
5,-1.06135144324869,-0.477356848092401,0.166501685821384,0.419591032091485,0.780693449383029,-0.142917848514246,1.00109336303066,0.775112412881357,0.306436541504355,-0.84326679261183,-0.301921849034883,0.277089270446051,-0.00112985312664661,0.752313088191342,-0.55634253762396,0.675351487399213,-0.235658592196114,-1.27045676688006,0.886993155599972,-1.07016076937516,-0.544248000861677,0.116450521562723,0.0751558002938228,-0.0072651571671034,0.133435292730072,1.12455209629608,-0.196871705309292,0.101518167675204,-0.305553593790025,-0.191917937856039,1.40326391560406,0.834663516607372,-0.375048569407423,-0.013574871072961,1.09083104300015,-0.711070760268932,0.210160733516222,-0.508995403691973,2.53888312983278,1.77570531655663,-2.19879670027012e-13,-3.13526982154144e-13
6,-1.80455448755759,1.36647100820292,-1.55161908580625,1.08062449824763,-0.787824841997569,-0.837340121091842,1.08716332377303,0.233550178248228,1.10993295290282,1.65534646227983,1.72318050488414,2.36946613425934,-0.424078036078385,-1.90203755957179,2.22209043234294,0.681852422216742,-0.158677106869909,-1.29979043774868,-1.3914610366461,-0.925011588749417,1.1307038133047,0.0365601582422656,-0.310019232031235,-0.245344680700352,-0.314233283855724,1.66241118210635,-0.0996299831503327,-1.34987177972237,0.181690844698253,0.413217866136123,0.145885359572154,0.979668372471246,0.275411276020508,-2.08046749982642,1.04501603120661,0.851713134860479,0.53565869640007,-1.54485783202623,0.847332222250738,1.10361287256155,1.57651669496772e-13,-1.27897692436818e-13
7,0.111201855046424,1.08858868488169,1.18202363465317,-0.675272727196998,-0.0109050107085126,0.797467806571214,-0.0982429068451248,-0.889219382725993,1.90624654570466,-1.1111179034891,1.89973561216969,-1.67890194962951,-0.232110480767748,-0.017909162732567,0.660395384828886,-0.279188487644915,0.278746176386143,1.26516037409835,0.194927838918732,-0.144960949392708,0.265982750297654,-2.36069871936441,-0.371483565869053,-0.0149570799948033,0.0552157629599572,-0.174908817288302,-0.67932277574755,0.855105597437743,-0.258539715578527,-0.554119710993577,-1.75914539687873,0.421000725858662,-1.40177603351553,0.438609778290095,0.536765826937507,0.870646591405887,-0.0794638378255025,0.15565138041478,0.621003917744901,2.42061073983267,5.07593966858622e-13,-1.84741111297626e-13
8,-0.0847514434324211,1.1582229635858,0.554837289156807,0.485930649423707,-0.764766760410647,0.16670789470741,-0.585917166145909,-0.643665984618607,-0.584200376593946,-1.21083915918543,0.266976989408864,-0.25071326713546,-1.60314466137568,1.03779473099506,0.567764292638936,1.17334539934494,-0.938550702302211,0.618206666689492,0.562995762483161,-0.302974969134342,-0.299419389076887,-0.27224768085564,-0.636710676381156,0.411403977418566,0.983802333844771,-1.54179303026656,1.05044006887385,-1.1159432640357,1.43490060796971,0.592762988707674,0.836018639847308,-2.39323260917266,-0.919714586568031,-2.29295274010575,-0.0320436798318585,-0.790092165206996,0.749958456511726,2.71525931411552,-1.23653023664793,1.67168982400184,-4.66293670342566e-13,3.58824081558851e-13
9,0.94909889221921,0.68505838772704,0.213306726085869,0.979036015616368,-0.146009902338023,-0.217745186829357,0.619481753868561,-2.09027922911934,-1.23068473135542,-0.119650984794733,-0.976905687639104,2.1412728226539,1.00562227650476,0.980098526783092,-0.454052380813353,-0.302073721142306,-0.372067510181939,0.314812173689781,0.196015610058328,-1.26559681766518,0.887658125727129,0.0768723357822022,0.103378213038886,0.541011628768231,-0.276947513774279,0.160423577067043,0.0629101686081161,0.155011885465605,-0.0439573086984677,-1.29360607555982,-0.059663697610407,-1.23273596003321,1.2358199925605,-0.739988798270404,0.145347575151929,-2.13789280782844,1.62653994653905,-1.26174093119983,-2.04185182368214,1.0049804789994,2.13981610208691e-13,-1.64313007644523e-13
10,0.336137029237758,-0.535683819095927,-0.6945724975626,0.183917205506551,0.977106433459586,0.661681871243319,-0.59343650174619,1.23448139301026,-0.195598963251654,-0.38665534905648,1.09082181841386,-0.59968572856113,-1.35087291872284,-1.51852123673748,-0.635860219281444,-0.153669516467856,0.386603989285904,1.47342274046418,0.370021993226271,-0.0425102116152568,0.897145710781761,1.08616657418502,1.23088874083985,1.30337850445777,-2.23234723741214,0.192469384421898,-0.25419837418982,0.504809491720511,-0.486920073640617,-0.0425763917358634,-1.54396755128272,0.701847788161083,-1.45179556823293,0.643755107986162,0.230801384159012,-0.348691316024933,-1.09623540625837,-2.08811099423244,-0.0979868224817654,1.22763342586891,-5.36237720893951e-13,2.34479102800833e-13
11,1.10137615599701,0.828511532479296,0.453559434291149,-0.459465466015611,-0.204078879249169,-0.82175217150916,0.061849521601675,-0.60436791265628,0.377595862951398,1.08035520038799,-0.394749604017681,2.62302495177338,-1.76146158108276,-1.27590768890135,0.499265735828316,-1.45418132922438,-0.302573698715213,-0.724788145328642,-0.699095534232652,2.55640038917948,1.43423678658123,0.994405085499432,-1.01990279059652,-0.220197061839498,-0.261963661054455,-0.969079998863425,-1.11582553117335,-0.712192449114733,-0.365091046245453,1.78884868394533,-0.64792381582325,0.112437142034,-0.643123011066286,2.67731817590221,0.465773335470398,0.208740967883227,-0.598284536423459,-0.269494165188232,-1.06860707643044,1.27738761760381,1.29285471217599e-13,2.8155255904494e-13
12,-0.305927950188991,0.781625883756901,0.588701496698511,-0.530226813580919,0.635264255691137,-1.32125701334486,-0.609778966160174,1.04239302955409,-0.889401426772333,0.456217690545311,-1.18474408200309,0.982249112994037,2.84501023942227,-0.594780116916194,-0.576173585582487,0.988390145277637,0.146070262866468,-0.481763368793025,-0.381722707806737,-0.0293644335053854,0.870380966636783,-0.815830304468847,-0.144136523494808,0.543125265595775,-1.10048738276086,0.156322613282649,1.06536251373539,2.33459152311749,0.0536031975927919,-0.270102754473536,0.564136348562128,-0.961845106175972,0.197791106572501,0.588896756174282,-0.103393866575511,1.96946330053938,-0.225467127449546,0.917602659243964,0.419318787566512,1.90717139803939,-6.99440505513849e-14,-2.48689957516035e-14
13,-0.387211493085747,-0.856884592270049,-1.6272099975116,0.795787882450391,-0.894350044329252,1.3005970302186,1.19238844809129,-0.176430457876019,-2.24235282628272,-1.76144397829308,-0.98619560540828,-0.387999479074276,-0.662402375773839,-0.965792768144458,-0.521538938457631,-0.0564094497993749,1.84949882828949,0.768300721808232,0.777862846215269,0.252643453398985,0.890220467241448,0.691493860666826,0.148629621411142,-0.476487877311903,-0.482701165804254,-1.2238747171412,1.16786406534478,-0.58776307084082,1.11912267212727,1.97988192102827,-0.559098470186988,0.299346302131851,-0.866839521057844,-0.277819411211888,1.21673507054888,0.901480067250112,1.33182373599496,0.339002001673486,1.07158763393664,0.333689412766085,-4.10560474506383e-13,-1.61648472385423e-13
14,0.286086053303054,0.571631207807213,0.846044480073698,0.0270362095468687,0.454413740383078,0.110107024847275,-0.345741605752045,-0.25406042672093,-0.577898714326573,0.326274073458029,-0.0846694039717618,-0.923367194204004,-0.0412517046048874,-1.04647340429967,-0.125797681749248,0.571092741099743,-0.777574810298851,0.781446002390667,0.322246754753206,-0.368674645706749,0.244327088808684,-0.0641536896715222,0.171152849259495,-0.566199373708275,0.0785678362106601,0.456219070656543,0.0764306198850725,0.583015518744165,-0.115967437821811,-1.43427534206773,-2.17093771303128,-0.267988823265853,1.94727855877379,-0.214966050372851,0.952835994656679,-0.0141541028118314,1.0528743976019,-2.03166052049458,0.983579894556664,0.674663298529745,-4.65072425015478e-13,1.24344978758018e-14
15,1.37923299977317,-0.719376447045789,0.824439720140142,1.53290115920592,-0.173596034642619,0.378404458796685,-0.17748614998483,-0.207079162544356,-1.93203307976444,0.241557450485578,-0.466133851385023,-1.36737299266086,1.79829554216961,-0.638542208845144,2.39124320784848,1.73448421092604,-1.23080930363309,-0.765727422207082,-1.23714481110013,-0.462943508457962,1.29828195886057,0.682335442979543,1.29989115142376,0.0871274285177026,0.947781630755254,0.1760227191089,-0.572285107116953,-0.143700045604765,-0.772130701791752,-0.998669180937782,0.821721920209997,1.04747294014508,0.350565837968356,-0.532889912912406,-0.827435925197444,0.802630637489211,0.474587226903509,0.122277840436587,-1.22181953061512,1.07999032549878,3.84137166520304e-13,2.8421709430404e-14
16,2.34634210156483,0.427762836528648,-0.769281366223235,0.482125387934868,-1.46648746865703,1.11623570311567,-1.10321843109334,-2.13759523852699,-0.273447161474648,-0.340788761653089,1.30184535692391,-0.648201203200286,0.99782113640332,-0.031517997785469,0.800276522533922,0.213521233074926,-0.203779513396097,-0.324839170191962,0.832945348982631,-0.235408017137324,-1.58226488744677,1.12841501219511,1.49227982803792,-0.864103304827517,0.175367938831138,0.8783503435996,-0.722505209550882,1.04360946935038,0.892788187196665,1.79771865206345,-1.17534989609994,-0.565370369985286,-0.309038554297129,0.72837027709107,-0.488318461634092,-0.574954383199871,-0.0660938541220901,-0.819725287491398,1.16222663684158,1.50600178314031,-8.29114554790067e-13,6.75015598972095e-14
17,0.598768327901965,0.890758095592338,0.0664032017561403,-0.471354407685078,-0.0255851119919339,-0.544435870023848,0.164697325585938,0.998172618056236,0.161181990893685,0.604027914196614,-1.08339027917486,1.26050960928247,0.560339451498808,-0.0284206899551874,-0.939323808311277,-0.39624323727746,-0.0599454275289743,0.521352539654225,0.298042900200794,1.4303007942293,-0.352912865630669,0.144955022247896,0.563668965071274,-0.839592962526098,0.726025242013519,-0.710414408920281,0.0993342668832296,0.398158432968985,-0.478449857045111,0.786995373477391,-0.766482126231656,-0.360296127320829,-1.15329468421387,-1.71983009224043,1.44524188963723,-0.762614297591818,-0.700827618193564,-0.50777409927183,0.693057480716144,0.358017930136909,6.33937347060964e-13,1.04805053524615e-13
18,1.25583783266759,1.20076985029946,-0.0312824615307211,0.992808949977794,-0.325888702145806,0.00513479285349096,0.0201288437336443,0.0199014820803661,-0.100322931103667,0.589936524699534,1.60992801834414,0.113252603155605,0.29492297377065,0.63091435214669,-0.512894297952625,0.326965410100499,0.676121218221247,1.14668199262154,0.904776494237667,-0.277671883250565,-0.2674537542429,0.389933527083574,0.74490135490166,1.23632806078152,-1.69805692740517,1.46562308482634,0.639047906098279,-1.18803075365079,0.777084287140482,0.168619477725226,0.079447943445731,-0.00378578081795496,-0.68375106022075,-0.737497888767641,1.36367626354603,0.0618599480360696,-0.94490284737949,2.04198592363944,-1.43323252315911,0.604473417991656,1.7531809337612e-13,-3.63487018262276e-13
19,-1.31091113766881,-0.112948944129201,-1.01899240939762,-0.971460673093898,0.338546449611369,-0.0111224588562648,0.363757178287684,1.68080609478654,0.281553895536825,-0.547651859354725,0.148938053312995,1.00221997096357,1.0252193226681,0.615111797263551,-1.38575689494929,-0.398604917485015,0.264283641574216,0.64089876476692,0.711995716325626,0.233211640205557,-0.527675321677972,0.894478460802134,-0.170454742044852,-0.677925267343803,1.34816225642893,0.115561411767559,-0.592174943770523,0.986750945153947,-0.706025317689884,0.263576631445597,-0.773878220161925,0.541584921508142,-0.388086050256667,-0.611266162147957,-0.00173308451349073,0.206462657962472,0.806578030769981,1.07961221375434,1.20748913637439,2.75235414700471,-1.06137321154165e-13,2.78888023785839e-13
20,0.658434659016511,0.449998924473197,1.02752506730063,0.291254888803033,-0.523073294921933,0.861377697050746,0.510472546493548,0.481634024603662,0.624724742638119,-0.1819689493598,0.0969931715662562,-0.369217073338501,-0.925494518562522,0.0457787959778201,0.930573706923682,-0.289936080603863,1.44283447060387,-0.333903717866545,-0.828704796236979,0.716492164022823,-0.332070193594268,-0.624238613493149,0.312493782506943,0.396680456120758,1.18711944953652,-0.532929855112473,1.07267730279603,0.5858885840232,2.39825785098451,-2.2470762281804,-0.721110256837083,-1.72322164272544,1.05576773324108,-0.0420769991409807,-0.941282158731038,0.971076522049091,-0.340898019726476,-0.576882415871087,0.216786956844731,1.07898596481784,1.82631687550838e-13,-1.58095758706622e-13
21,0.576919371951392,0.272113165049843,1.45110345781199,0.63329663112629,-0.466021170966188,0.874138326313207,-0.845676979696097,-0.0752912357839832,-0.780122003029171,0.0845849169043292,0.757432365794312,-0.571198973888128,-0.914807599502396,1.25819056052842,1.15233626142589,-0.11364674406771,0.47130692738089,-0.710812587919079,-0.43091847546147,-1.2299926576597,-0.70740187864622,-0.223546869874625,0.57604179771664,-1.29428523865707,1.01851165108916,1.38560665916327,-0.540079539761208,-0.911059108981723,-0.301281449592358,-0.907440441751187,0.72310461031111,1.6307059543937,0.475533928203622,0.0610798365119249,0.876229114790351,-0.0437516271053101,-1.02523399030876,-1.17492519874452,-0.429072297428766,0.972322395415485,2.62623256475081e-13,3.10862446895044e-14
22,0.600552302151772,0.280833351967734,1.74162876231025,0.993710866083553,-1.01576409544457,-0.56033841160453,2.45741540041637,0.276097931516391,-2.36265613360017,1.14336929007552,0.83189086343531,-0.723040669227833,-0.698299914122759,-0.130938956545165,-0.976654114647308,-0.0173859846297804,1.46017975862141,-0.212638026941542,0.152523301770681,0.535571114634857,1.16617659626782,-1.32199901701119,0.306520536166259,2.13472742879506,0.566486412976943,1.25983965515409,0.144211415800802,-1.24580061310608,0.0632507738792052,0.377213075180278,-0.0765783684543146,0.944614497812338,-0.336359096245122,1.38045651756376,-0.969126221826663,-1.00514091863898,-0.845562368701869,2.02875482859782,1.74344219374603,-0.637779557815995,-8.70831184940357e-14,4.41868763800812e-14
23,-0.333132602598215,1.07515451210978,-0.21570815089825,1.05453346994273,-0.0929079812033825,-0.70023301471602,-0.894307338800745,-0.152417521311787,0.132071812588754,0.650316385555222,-1.5992342543076,1.22318960904669,-0.504979662407297,1.09946883050291,0.0819920428846434,-2.73115067835984,1.187535226148,0.358375792222386,0.134728673283834,-1.12173632813901,-0.244036798449703,0.979941155954803,2.01607290145435,-0.306617215598681,-0.651667947021219,0.978850087310156,-0.975951656326898,-0.500591395086965,-0.850484212273973,-1.11995761303424,0.376629859056846,0.250785177430973,-0.860045649697849,-0.754819349452845,0.592722426348359,-0.0742611449618204,1.34010925630071,1.01684008359476,-0.209788530087302,0.370270940286481,-9.74775815620887e-14,-1.4388490399142e-13
24,0.358869573761843,-0.335409768593923,0.359741322001738,0.336605523104805,0.895385043577773,0.136597073414037,0.0223349577698314,-0.349122620566854,-0.351432249874887,0.163574211613528,0.482607237922235,-0.34475725294295,-1.68201917508448,0.381515339910619,-0.583220288438962,1.0573456300791,-0.669859875478564,0.136505068738929,-0.961915900494263,0.563501836737665,0.565396738623765,-0.00953681239503681,-1.25275346392957,-1.7165652063905,-0.929908510266329,-1.48393388474663,0.180782363316919,-0.626874644977103,-0.743083532775749,-0.442201067478831,2.45937227773028,1.31794068109358,-0.248511771575779,1.3036180931138,1.46753288468923,-0.28725934615991,1.44978412004593,-1.31030734203438,-0.555781977044779,0.322993408117226,-1.99618099827603e-13,1.31450406115619e-13
25,-0.275135516263318,-0.350071203388794,-0.343640628200421,-2.28406414800196,0.012553043351884,0.322336648556147,-0.46175124699942,0.457620689864045,-0.0493697645840881,0.0674722904286087,-1.98810576720101,-0.00344683377042582,0.229976144130778,-1.37094178285421,-0.651887364657039,-0.217320010357627,-1.52596702561999,1.79913349339944,0.839169648030732,1.68054609694187,-0.657336856956726,-0.341241103965335,1.58939369216639,-0.266497691438479,2.85214261525078,3.94865305849363,1.16544127643469,-2.74459624489035,2.62401005502811,0.0960813228211621,0.383427587047614,0.958731788663033,0.205068488630335,1.09286161236815,0.862889119444047,1.02756655480328,0.760745031979955,-1.08071940607946,-0.503884258954046,-0.633469215928243,6.95554724927661e-14,1.20792265079217e-13
26,0.0157714441450207,-2.01693168088399,3.38567985624371,-0.998180935507254,-1.80763881508597,0.22644137832809,-0.404626029453073,-0.776168994571442,-0.960455228022504,1.0870978378939,0.144433241289044,-1.36966820225,0.555652093097815,-1.11978219380389,-0.876574086857991,-1.9164693360871,0.529351484546506,-2.44034358259041,0.230342291926003,0.154738693527674,0.535342639074688,1.70454988915639,0.121622661174591,0.194996927631451,-0.440910158371343,-0.0869439698348758,0.790842721459229,-0.698254307304912,-0.083578921833282,1.52439604450026,1.7661965438458,-0.628657648427006,0.448101473487449,-1.6817528867249,0.752392406015711,-0.700309803132132,0.0411637789457869,0.0924490216556851,1.55839917339552,0.715613096746236,4.55635529306164e-13,-3.19744231092045e-14
27,1.79041805484467,-0.118782242678257,0.414079667169619,-0.244920611016621,0.159183957109078,-0.160193220696775,0.691506014335878,-0.853156735904105,0.516429321273183,-0.709119442056905,0.60274850963316,0.813092251182892,0.58945132946001,0.481379942198927,-0.234191796402096,1.80634495398799,-0.997906624919606,-0.474854233008514,-1.15430137031965,0.857484807354308,-0.218638124289126,0.610111891747297,1.14702756713593,2.19522217656663,-0.153302383797743,-0.117244361434907,-0.123134471341063,0.372430741995351,0.720960544155172,0.654601096103663,0.496447771727865,-1.11272618181075,-0.306443472540186,-0.303321398129192,0.629047538173819,1.02655036981726,-0.547737424809948,-1.0466631226941,-0.229648052613012,-1.17716887481464,-3.35953487251572e-13,7.105427357601e-14
28,-0.550932775620892,-1.02857106157451,0.637224945289142,-0.886392418130357,0.654451149264798,-0.171509599130544,-0.0870364906568466,0.0973189546598129,-1.54947349376117,0.150733691675728,0.825756656842613,-0.178494837981281,-0.924514296635653,0.243624245653126,-1.8744625008801,0.352300424482023,-0.952468329503081,-1.14942685461998,-0.938693993712231,-0.133644192890053,-1.12923523773507,-0.454992915599489,-0.00854781926006289,0.521222476112505,0.957386448931482,1.04429173297459,-0.272327713653552,-0.0339859989216773,-0.120415786582236,-0.28290327545168,-0.927643199942784,-0.972418170182722,-1.86144161027984,-0.0363244977139733,-1.56225967196707,1.40230661128525,0.931053940979616,-0.92400355119177,-1.86514766798156,0.793662371651168,-1.85296222809939e-13,1.04805053524615e-13
29,0.44753465330817,0.140165275177957,0.398752733720978,0.0566290339075188,0.767644379454114,0.225380819182835,-0.338938435644127,-0.718522650708807,-0.237733482221454,-0.582903077704256,-0.288682644951778,0.324934425719689,-0.542595697525583,0.26656058540508,-0.723518377449291,0.530473044237947,-0.526674540841154,0.612888103753262,0.967085163375652,0.480168856677371,0.437037685905603,0.587181190490174,0.383521069680277,-0.614034521304975,-0.273915764344725,-0.160441040120955,0.398773060103419,-0.284733069521521,-0.399696067376929,-0.408135868042588,1.22311835561336,-0.0446406696091843,0.23474149773471,0.8357041329217,1.12947857723203,0.621060163993498,-0.576017166743713,-0.929799483065492,2.56866258629098,-0.322116529829971,2.24195662035243e-14,-9.22595333463505e-14
30,-1.03139925812383,1.03704437919451,-0.269877824252302,-0.555687291383196,-0.822554988328415,0.165794203411661,-0.206597889181289,0.173125685656972,-0.444497758837705,-0.652682285250569,-0.171905295588121,0.243091949977163,0.344814133231285,0.409534842804979,-0.108966797524288,-0.408644579650231,0.206197196563075,-0.205266396517276,-0.97579146315764,0.105118466062745,0.187101776704854,-2.77139911775339,0.103172775201283,1.30602762796891,-0.845104399105332,-0.0330960404554205,-0.213641276472454,-0.1333199923545,-0.579835320142084,-0.728005445932025,0.0976326758218626,-0.953067841856277,-1.79795662737549,-0.551464218780712,2.32147312664857,1.08958473866632,0.299211754889081,-0.686085717205181,-0.306364785462807,-0.636943702962743,-7.66942065411058e-13,1.88293824976427e-13
31,-1.15008483793121,-0.407961139347758,-0.914501499770361,0.88175932792831,0.290374735081962,-0.0771435411167497,1.05791532393082,-2.06904222305709,-0.844683289474017,-1.78564433281851,-1.20542932611302,-0.311210827739719,0.660921097432091,-0.500147780415524,-1.30983332063206,-0.278968890523728,-1.29709043132597,0.261375709258965,-0.945559343477669,-2.02829721264521,-2.62229467471637,-0.998992465510301,-0.133283390040971,1.46171129155694,-1.15463388186118,0.493631452066581,0.0622656444777326,-1.14404100805769,-0.769420535847481,0.526881613509589,0.561062783594503,1.73720412844193,-0.0222035392724827,1.22037464979534,-0.325556379673277,-1.07412454319503,-1.16595133578369,-0.332872014137081,0.052876782222273,0.60706447775558,2.11428097252053e-13,3.27515792264421e-13
32,-0.49921613064532,0.534794656217753,-0.307331882698709,0.689495260097475,0.688673867552022,0.276578592113664,0.0415672220491988,-0.977822377336946,-0.209603007223326,-0.532990535641491,-0.593069588160403,0.173905034132803,0.414092995097656,-0.0512903158477197,0.308962242460094,-0.485658312942677,1.1248849274423,1.43636745323189,-0.358560488516041,-0.505222057630017,-0.1380070681796,0.430461466162886,0.485260492034429,-1.05199911320507,0.353196839992836,-0.393757116964527,-1.39905444201516,-1.55877288836873,-0.0132551864633231,-0.379086716572998,-0.832331201581832,-0.705742665570551,0.393322513048974,-0.473240994996697,0.508170601484526,1.10105326510801,-1.62427966436534,1.01595965660092,0.191151654697684,0.701217269884471,4.56967796935714e-13,2.34479102800833e-13
33,-0.218057848172026,0.466570435440283,-0.700175305630802,-1.34283605697419,0.157966957487548,0.317376635945829,0.235601796237917,0.405891747949169,0.533804144729608,-0.53791532599949,-0.742168388181723,2.07250374494738,0.212429327570309,0.701306565935834,1.01620820462066,-0.583017630043824,0.329751547144522,0.164846986916329,-1.93859435984492,0.568637716067741,-0.379937632727853,0.0265969686113701,0.4609479557643,-0.768797652241741,-0.504493140105679,0.00167189301700401,-1.16356483946611,0.401647184316275,1.26068006936299,1.26910142901204,1.37755536617553,0.438915704405482,-0.429059644056116,-0.0693512108159936,-2.63990253826046,-1.14268577816325,-1.30343322996784,0.753507217665165,0.984403646692379,1.20455999384958,-2.84439138908965e-13,-2.98427949019242e-13
34,-0.0763590133690586,-0.0731902506870698,0.323345370407823,0.61536754971327,0.99866702623603,0.152872111293645,0.429187101485732,0.308644686663613,1.12459875073821,0.121539832116185,-0.364234372386263,-0.728165575490675,-0.217623092698387,-0.0867017622301448,-1.5483516742751,-0.219462168423212,2.03792732724455,-0.652147493188356,-0.235565515273135,-0.668806555168416,-0.340365860712616,0.956694596426483,-0.449477231457354,0.736036968717622,1.61850127389724,0.52766998428014,-0.877713758418845,0.643675671625937,-1.6371609945723,0.667457798615054,0.17692865981906,0.0799210435387421,-1.33125730546937,-1.423841437386,-0.171370475949456,0.305964487326492,0.473731010172095,-1.57795596018761,-0.807877676099341,0.50397921833458,7.44404538011167e-14,1.53654866608122e-13
35,0.0272080951419003,-0.325545400144296,0.22268545024953,-1.17737182796031,1.11641575970188,0.119781547002565,0.181718262251713,-0.783268206422219,-1.33547451388603,1.10013585826964,0.287491768244275,-0.762938785147532,-1.00334953434956,0.0141236436445233,0.151228552589949,-0.305264020633279,0.876956534117068,1.41477005045214,-0.32914358566109,0.109412613257286,0.0780419068893458,0.222935194310802,1.30753763840915,0.245939902509612,-0.655483687497409,-1.69590871917959,-0.772703726556969,-0.0322139544982954,0.644226511879697,0.871864083174098,0.619007502338787,-0.847725204897086,1.38773070983123,-0.371486644987521,0.425276501129928,1.17072245688885,-0.025207348671774,-0.705144110613928,-0.509552213905476,-0.767838854840703,6.83261607015151e-13,-3.7025937871249e-14
36,-0.190484957237891,-0.1437455006523,0.188245156867716,-0.41349895287665,0.492454525983378,0.0769656179070564,1.36434875770386,0.0456511109047936,-1.37459986035391,-0.680004658382077,-0.128912537478239,0.359445440716726,-0.885884300992479,0.352327751987872,-0.504536266871353,0.0542530000794535,0.725201184657417,0.399474753252825,0.606643213073364,-0.227897139008789,0.134987975546758,0.470015391819393,-1.19531016973586,-0.635760116763476,-1.86484742775962,0.84305430092368,1.57123371302618,1.04487775296902,1.09862919080999,-1.40017231861769,-0.441804664645789,0.154111747262036,-0.206561314690938,-0.297227735872101,0.749331752316207,-2.09394097201759,1.62934849391149,-1.49004691497302,-1.34107140947674,-1.0090032074464,3.41560113525929e-13,-2.30482299912182e-13
37,0.735591333573099,1.32362424691135,-0.068552110429596,-1.11760500478176,0.0774663344114568,-0.52837719739567,-0.0640596692329978,-0.229760208375343,-0.457329822165813,0.563591654162032,0.788876404543091,0.691534583667321,0.678221238826268,-1.61849886316272,-1.5679160093276,1.42264539500222,-0.504239283624884,-0.941892270760248,2.62353223377267,-1.01618014949907,0.152764291525547,0.725527047595526,-2.18206722387477,-0.326582294119183,-1.31335400733976,0.183311200356429,1.5417853746689,-1.15448760073875,-0.214689934947068,0.423029734301119,0.497081301993529,-0.765227715224525,-0.178760843873794,0.680107510377012,-2.79725243190799,0.579082017507796,-1.10789231993732,-1.06421681211469,0.103521827985776,0.575375425696504,3.53717055645575e-13,-2.06057393370429e-13
38,1.1081716925149,0.115770205209354,0.489571443757336,-0.917594761616713,0.0830980576638308,0.0136748287571185,-0.813875653247238,0.449543440313425,0.254319238892928,0.165692603606756,0.170417675518724,0.262820880604554,-1.41921745008856,0.769552415289155,-0.390454682504394,-0.57878621991716,0.926246707686924,-0.386177719155003,0.273510447414614,0.236776704391702,-2.34209923463662,-0.0563816319956483,-0.143410216277168,0.349315469021904,-0.370731320145984,-2.10565790572709,0.828605682651682,-0.733061685852851,-2.01395480082975,-1.56540901175774,-1.02753377658789,0.401280483482467,1.64477349198982,-1.12554133906748,-1.38932964095447,1.18395760972093,1.35688908377515,-0.784919267414785,0.814683306594031,0.117861230343574,-2.21489493412719e-13,3.18411963462495e-13
39,-0.219147888462425,-2.48832168383982,1.61430509611687,1.27263910746742,-0.144424885615329,-1.12870464161431,-1.75313573511755,1.6095319186928,-0.0629715989429298,0.96495300319228,-1.60176695215571,0.515557198803161,-1.04406312442814,0.691082159082161,2.89984351353138,1.38124717664303,1.55083321604499,2.43433756450219,1.89334537106018,1.09721448128445,-2.18885164181433,-0.708871536074056,-3.25292271870526,1.57747562091077,-1.18742890071749,2.19110199674585,-1.58920797923043,0.676831418714497,-0.264428492234011,1.40968908954762,0.761300378923575,-0.658781013783311,0.716343763084974,0.29127648944797,0.0925166511113031,-0.2708568457833,0.572273788127456,0.0292992599273619,-0.114973050865861,0.368932610090281,5.06261699229071e-14,2.8421709430404e-14
40,-0.496507205916914,0.799332236624789,-0.080992925176614,-0.747942332196623,-0.0138274777873645,0.235458287238637,0.34421902557715,0.512780407052936,0.70449197991954,-0.840966153784164,-0.0247027700911567,0.153539767533823,-0.386762806646211,-0.357231326131686,-0.92193669281993,0.106315328381496,0.309936189408542,-0.127406486957982,0.39886899284048,0.517720899169037,-1.13084712013814,0.253265455953915,-0.348829988628715,-0.471193959299961,0.192247338885787,-1.12155215005529,-0.328210824447812,-1.73498534318787,0.264751100544041,-0.104579821820521,0.703238678975965,-1.12261692338872,1.17884578777642,0.917390949462553,-0.194712063657333,-0.193535640770404,-0.708835324490972,-0.184041468213992,0.0280859489658313,0.0908380228327022,-6.29496454962464e-13,-7.105427357601e-13
41,-1.12742452548134,-0.902871423382448,-0.96071540230558,-0.756075728980939,0.801623072999267,0.0325137133548202,-0.377743931378639,0.391375007625813,-1.1782595621287,-0.294648266926421,0.880645634199656,-0.0695683287995943,-1.26568861815088,0.488533365591966,0.216652775134868,-0.737586657314299,1.23502292432869,-1.38614588018047,-0.310697132149023,-1.20205933933876,0.929944589756524,-0.746446392106806,0.0356191981945539,-0.609780478038652,-0.20350401862422,0.655814051300362,0.386065344718875,0.341549057948598,2.82241529924289,-0.110741826753206,0.792050697456757,-2.10561938313011,0.458283129171218,0.61127104242307,-1.72326626677415,-0.19998691409617,0.176351872867758,-0.301583869419618,-0.554579945280621,0.593489138186204,-2.33146835171283e-13,8.17124146124115e-14
42,0.710566659059342,0.0764928578410903,1.24013429883762,0.0196490288729641,-0.571903951276251,0.86095525196856,0.442444463614436,0.233305556200966,0.253744502884737,-0.825148144678062,-0.18127795647209,0.754376671842645,-0.742132231977983,0.970741684692853,0.7896614165389,-0.427988354979883,0.172514915541368,-0.948867607630253,-0.179634451979425,-0.302875948237168,1.0628648401574,-1.33123599147657,-2.18495618516113,-2.40200202255976,1.08862636080382,-0.211044656644765,1.24277121116119,-1.71903640870687,-0.688666558020024,-0.532457172100029,-1.20938560519594,0.646535018499085,-0.482377760874339,0.105690338715927,-0.794341165690407,0.199845186259635,-0.0173528365661268,0.156754592953728,0.693573935055746,-0.231191080416333,2.17768511556748e-14,6.70095923194225e-13
43,1.9387064727238,0.38185210742193,0.334186046302497,0.454682511242054,-0.145728633143277,-0.728548555178854,1.17202286257709,0.369134856636314,1.05027516260857,-0.223866104370194,-0.209032573705783,0.368803086685211,2.24266830123713,1.38724108102883,-0.675344410958525,1.79527925539963,0.440415327550837,-0.623439127083233,1.54740301515787,-0.862014419303911,0.293811511363846,-0.408291357579139,-0.608608614359706,0.563877194857103,1.14057512689914,-0.693700058482387,-0.86018495354493,-1.20176791569759,0.328991612100762,1.93468207959788,-2.65847342085287,1.32615814615124,1.55503211332557,0.628021631391647,0.386669515105489,1.05385176141413,-0.178117636165355,-0.0602186339171326,-0.507063076838733,-0.955145745115484,-1.56097357262297e-13,2.1316282072803e-14
44,-0.616025512044094,0.559133933488386,0.0189575967624157,-0.118940018551751,0.434675389106981,1.00184555251273,-0.735155576005399,-1.34691194190308,-1.13140047568793,1.25282140095352,-0.0319378659822967,1.25334837756416,1.81010666820878,-0.39565272301778,-0.0257375446461004,-0.835279818779651,1.19507439786948,2.38676324648756,-0.686529226359366,-0.495667170962155,-0.084728843075309,-0.327483500168033,1.05188979696033,-0.519594932550755,-0.891157800526481,-0.0302993979430843,1.16485191482036,0.576039644273233,-1.12372541211392,0.293879220930311,0.00483956483274626,-1.41169520558926,0.636607523733448,1.38762621321134,-0.595247314077046,0.561930840207884,-0.898738696141294,0.0589527878986577,0.164711083054355,-0.766230546765665,-7.32747196252603e-14,4.70734562441066e-13
45,0.306579022394881,-0.231490322156916,1.09957887891645,1.71575845706861,0.910277244346518,-2.19050993845114,0.555256025653378,0.350255743523478,0.592584053449031,-0.756439125559463,-1.02906348941771,-1.58906399515388,-1.057643703345,-0.530011404918203,-1.06135961702389,-0.904177226638225,1.38069759819232,0.473107698158828,-0.626253600291331,-1.09200364671424,0.45908395563077,1.07327486755259,0.751623041647202,-1.46960716236597,-0.586921725169833,0.358234986836744,-0.0519575331867876,0.214047036363125,0.932262962826584,0.0137685096827016,0.237539531533171,0.570260631183174,1.08748649337188,-0.458910291969582,-1.55949327468444,0.951234508834071,-1.86200374453534,0.661378152744342,0.615541819545252,-0.416090708387849,2.37587727269783e-14,1.84741111297626e-13
46,0.595951027827463,1.00584167935089,-0.202344230749521,0.134661514588092,0.675815864731917,-0.423145962834304,0.671808302253752,0.564990532492551,-0.43660415431467,-0.282576799591365,1.21601501627667,0.497239069687099,0.338602363197107,0.445711881856339,0.65560597537278,-0.210415109512495,-1.73712592085861,1.09013171652489,1.58777126205896,0.90256500203358,-0.281362379240059,0.3651008523261,-1.32553663424379,-1.34676663210428,-0.943178905805722,0.763066266110744,1.17649559981397,-0.190796652646892,-0.794455469614425,-1.56021497658466,1.54037772983785,0.148484407167234,0.474300192555733,-1.1106419181572,-0.170678265724592,1.82514751302109,-1.78054032229342,0.268568001867154,-0.677539998735058,-0.636285365754979,-3.2041036490682e-13,-9.68114477473137e-14
47,-1.18705053944348,0.449108552494048,-0.737838645801537,0.288080423815827,0.120063995158286,0.263257790517339,-0.2079898162307,-0.417438715654378,-1.05710757444512,-0.0689582182293218,-0.373141664694608,0.292429460889579,-0.375867458934318,-0.700863461004468,0.9859684449638,-0.565576959228993,-0.088920867416616,0.123787961912335,0.150611340359663,1.20664681927168,0.410680240529779,0.850342429338089,-0.54342109611603,-0.898711976143107,1.61049483828817,-0.916299986038817,0.176033726560917,-0.225247244275865,-0.86202809386008,1.03546543624343,-1.01162882137426,0.898760357156691,2.8737155165977,-0.371170016058912,0.158753733953964,0.548230950677164,-0.0898228127927635,0.891291265174793,-2.24209756920948,-0.291772977710054,-6.85895784613422e-13,-3.48165940522449e-13
48,-0.434340599163666,0.696842683244606,-0.552252817157545,-0.36857812503002,-0.214697955506614,0.470845041288485,-0.428275265332132,-0.233223838202906,-1.53524564086791,-1.22557068944062,0.08122607263574,-0.395367061899921,-0.746074600811469,0.138292014697898,0.557161075405516,-0.614828376375792,0.0792192006908558,-0.271736687329823,0.1075694555006,-0.700287846659559,1.38484999665088,-0.633847007044601,0.0217774785940106,-0.138887982280299,0.208391160293984,-0.706207905744574,-1.5331068340207,1.2902978073701,-0.810440925112043,-0.0524608257413863,-0.299243317635878,1.66215656670657,0.00948615458529985,1.63661653463492,0.0946163697444897,-0.60389990702948,-0.447867364197959,0.75766319884911,0.119287215333393,-1.12349548457958,-2.1316282072803e-14,-5.91526827520283e-13
49,-0.0907274536449432,0.859057121358932,0.151686865517262,-0.135927326880461,-0.193389253735467,0.322535688577919,-0.654494122594485,1.18570499944665,0.365048085098608,0.330925660288842,-0.243746410771504,-1.47441626090265,0.95049007279801,2.42535333350799,-1.26879179850875,-0.926953451698923,-0.0786943382835826,-1.24350855775916,0.578539636223207,1.54728905982232,2.06945684704869,-0.0063640253164061,0.326052708555522,-1.29185563755371,-0.49852940581695,0.866906356528032,-0.429025279174285,-0.131501468392386,-0.638761219172451,-0.0340892512438435,1.18728592775442,-0.250112092333532,-0.427542278786375,1.4281002911055,0.285348782534154,-0.169646098820009,-0.946099304077125,0.425980293122503,-2.19545001565789,0.0421908660255929,-4.06119582407882e-13,1.97175609173428e-13
50,-0.858812406231138,-2.11111296204025,0.519482804834544,-0.670320885443855,0.542646785752332,0.226689464531944,-1.19347002080849,0.32235726966886,-2.46371848231492,0.0736104484027215,0.898805958840679,1.35336610864593,2.27476010460386,-0.0131500365050015,0.483204253239103,-1.49725156299177,-0.291232886220832,-1.75142381879571,0.0906066377993141,1.22491776420705,-1.36858817682091,0.588393253320972,-1.24794123411541,-0.501712543541098,-0.96496971816789,-1.11950113817143,-1.06065205736409,0.510964408418125,1.77764875319331,-0.498936548315591,-2.46607702185589,1.69649812903029,-1.15797036270741,-1.07782504131248,0.575423581575738,-0.191654109481069,-0.349701873296248,-0.162580754282839,0.208836757159873,-0.982342189110349,7.17204073907851e-14,-6.03961325396085e-14
51,3.07910532941386,-1.8841203214314,-2.70556976808811,-1.90491890214412,-1.91636148892941,-4.49873134503548,-0.267739967026784,-0.927463011019158,0.340744737716935,0.00885498379587449,1.13835070162927,-0.681597972023355,0.596453980093714,-1.90352786689744,-0.0107697662431913,-0.249663305957914,1.88804459349038,0.159004549834791,-0.138674717888414,-0.713951455057506,-1.010171755848,-2.24366262292261,-0.198716520323503,-1.84796256141336,0.495394360842467,-0.66752523111278,-0.17300370677975,-0.0621409575815137,-0.132213869772522,-0.696245845853394,1.51194387649728,0.421734852143224,-0.479656140829762,-0.396873326091891,1.53310198289032,-0.58689358486269,0.152517109183112,0.858742466478059,-0.722850710546752,0.110995557911641,-8.70414851306123e-14,9.9475983006414e-14
52,-1.36548579077458,0.166983972922897,-0.715418197763557,-0.785980828975294,0.543553424334442,0.162683608476873,-0.221838288769843,-0.540799415558685,-1.21029667537915,0.501902499024834,-0.0845684254733187,0.274354284886193,0.239242748736819,0.451857597497537,1.43857205494176,0.427931201408733,-0.343896752368705,-1.07625269703588,0.988656855205572,-0.715525635708621,0.653456826391249,-2.13995164232226,0.367475367594786,-0.957425619125746,0.584362262699893,0.623818128244177,-0.218637190126553,-0.680920648851878,-1.51539310347083,0.234037743133287,0.533289410253578,-0.460624598789455,0.373798607553613,-0.000519058235742848,-0.824586371822222,-0.791149541561807,1.08444863137258,0.0364185125475708,2.17911540151069,-1.99288521101136,-1.54321000422897e-13,1.13686837721616e-13
53,-3.29855764355721,0.324952314141413,1.17126206068691,-0.773654055641619,-2.40382257740854,-2.737804049577,0.698434839327079,-0.570184374642781,1.45213782463098,-0.519705823298863,1.57529109600531,-0.235467286434392,1.35091453738226,1.01366896193754,1.21255695833579,-0.804374698359599,0.394285946518613,0.140547602911639,0.121737335951781,1.26112472984419,-1.09376075657546,1.52168269595677,1.93123662827952,1.72779620969143,-0.108771146146302,-0.815814595620332,0.547594664274116,-0.673545879729143,-1.33213531078945,-0.800462669696057,0.732119416827267,0.221294450014695,0.592880921834289,1.67652992366777,-1.62296048772531,0.117176812247239,1.14130463315667,-1.1703613099229,-0.28116841207802,-0.182197487803585,-1.27453603226968e-13,-7.105427357601e-15
54,0.626908046021971,-1.94272529275685,1.71007811970958,-0.175342603755274,0.202111724944228,0.789720803545265,-0.238533209379914,-0.17800787303023,2.26851704031383,1.84991997473813,-0.259669364013131,-0.264829923560633,0.334719411822163,1.50275526015699,-0.811910505518096,-1.2724934911666,-1.53536296750164,0.248003061794779,-0.784081413918225,-1.49618693451513,-0.927161741205521,-0.0140221810477836,0.435211363982576,-2.55040718913149,-0.240246211400212,1.25685723656629,-0.0108713783889721,0.462537046752772,-0.124646037043656,0.463012384989478,-0.915751617072934,-0.921161800173407,-0.268124961183454,-0.0950895614630939,0.220807417220873,0.481420775394065,-0.335691984719796,0.84019056593479,-0.0156040778717248,-0.619685796480478,-2.03836947321179e-13,-5.96855898038484e-13
55,0.535098137836661,-0.999661320702854,-0.978089290230931,1.44319636443341,0.792585890734811,0.831470328213143,-0.681165369126696,1.79035841310804,0.874185410527901,-1.04855197520329,1.43972307826721,0.867367702234496,1.06970594689733,-0.327807641786277,-0.349573356949529,-0.0539511258841944,0.495241236625763,-0.478054839108815,-2.22194693481622,0.842298770898632,0.793984232949812,0.430339466537865,0.235660966404718,-0.135037233629297,-1.90545577069021,0.927965691955343,-0.700677534477597,-2.23517236309524,0.213752268670059,-0.97661768250402,-0.364114933049908,-2.21677708264892,1.35157625301846,0.127990211501239,0.949735431075085,-0.101692365288063,1.02207330341958,1.44895408751672,1.59837480138017,-1.99575590997906,6.21724893790088e-15,2.8421709430404e-13
56,-2.43380130042396,-0.204607360689941,0.0309748142713572,-0.203656119235521,0.389662098118139,-0.185343822799035,-1.40125980469253,-0.152833240239652,0.721221334654321,0.437151656435662,1.77204053477897,-2.09004290692053,1.98805112163222,-0.544401645816807,0.904068300514956,1.64054722766556,1.66301917206376,0.699017960902885,-0.413520828952862,0.493337073508957,1.2836195941197,1.1846663719237,-0.63874149895546,-1.11017096039645,0.90214769120321,-0.181333007271532,1.76944931423403,-0.473655477090865,-0.234349497409126,1.41875664775299,-0.768200617411727,-0.564851073388951,-1.29799088106597,-0.707320497869351,-0.0195516245078679,-2.01634245010352,-0.755712932443026,-0.797621423468772,-1.16495709426002,-0.49075059387962,1.58317803311547e-13,-8.17124146124115e-14
57,-0.256979456320356,0.912551039664952,0.00808158375965934,0.71629198489792,-0.172538155145212,1.01282906015409,0.346089405441506,-0.40383901982196,0.946320158321385,-1.02589094020161,-0.783147723430236,-0.0130298394485815,1.976278521589,-0.398968913895406,-0.192275143695167,-0.315026243163327,0.00119332866728958,-0.141248579164509,-0.00718300813145999,-1.70928134645883,-0.60830586596634,-0.0525595913318116,-1.62838973785302,-0.294391104955919,0.13906319079559,0.300879512277487,0.542807690525451,1.81088666390653,0.361566824557374,1.02598280337073,0.831922215909767,0.286081964360965,0.0273074041084148,-0.039986555413286,-0.373181139973834,-0.679299019062808,0.429248262705895,0.790027886989505,-0.778178939479009,-1.86194099573002,-1.74082970261225e-13,2.64677169070637e-13
58,0.823754093831206,-0.564189700841841,-2.79372877182591,-1.89526229534967,-1.03337434060252,0.123776807793013,-2.28829393643994,-1.86222530179074,0.470694744401502,-0.957972528553014,-2.42463284334957,-0.411780996630977,-1.22140121074474,2.49780767204859,0.352448996168201,1.08998977862142,1.68575337648866,-2.02715092059946,-1.54820904066234,0.525153738608973,0.36515375403233,1.64419740162273,-0.909674049657352,1.48001060838322,-0.26882741811121,1.92414117823886,2.6114711691043,0.500933241914103,-1.44962066155675,-0.54321875526629,-1.40879283274324,0.0408937282666723,0.265931735856113,0.58846288692924,0.247541999249463,0.649698437899433,-0.931445870374965,0.415972291551703,0.530785709763348,-0.226011603118836,3.64153152077051e-13,-2.55795384873636e-13
59,-1.54656527136699,-2.56113823627082,-0.581972535987822,2.02812950832442,-2.69002045947959,1.1371236893107,-2.67874788327914,0.419134218696353,1.72918512879407,-1.92814579399377,-0.452901459193411,0.827879910694474,0.259061743507906,-0.260675193208733,-2.15585705788013,0.328936194778546,-0.643439248331222,0.00195304760885713,0.704310281394949,0.378893374798445,1.67365600016208,-2.13899029545148,0.0466101251235635,0.585677269997767,0.118235778016973,-1.55120533502565,-0.811468638448943,0.0108275163632204,1.45096164042647,-0.188615086783006,1.14050218691517,0.643448496704612,1.61391209395988,-0.680294273240325,-0.354729966369803,0.396748560797501,-1.6829593973232,-1.64414461339326,-0.466737918828948,0.563490592335659,6.03517236186235e-13,-6.3948846218409e-14
60,0.61254386430685,-3.31832054673711,0.0473259007714314,-1.81735572591161,-2.93987154620049,1.33557169921546,3.21735536587971,0.772739037028098,0.578348339523668,-1.01442831197343,1.45659046310701,1.62901027697116,-0.363654453724289,0.661820997494292,0.864762444792108,-0.237304498033562,-0.818792042658844,2.13080047820499,0.91878338335773,-1.23883269611805,1.83451381349398,1.12961809261421,0.543650782745921,0.402165663718975,0.150420232687743,0.463721036945146,-0.488684601455769,0.62217503375385,-1.5033731532061,-0.625061259928421,-0.686847351700169,-1.02039206035837,-0.0158635012535413,0.448268425000955,-0.309039983716391,-0.350681431991047,-0.0364874152092408,0.410047750696183,-0.641005364553072,-0.746068347349655,3.33066907387547e-13,2.8421709430404e-14
61,0.185820931894691,1.43554775402212,0.246428033008854,0.202518934683298,-1.64328314475069,1.7208509012767,-1.51068717677511,-1.60720847134608,1.36832811588539,1.42140152411842,-0.214674578747846,0.439697610933198,-0.395614850634352,-2.9024664658321,-0.923111948401493,0.219846689949942,-0.520197923766775,-0.751307040818552,0.603940098737626,0.951549889326085,-1.34170898458126,0.35139499345134,-0.477471198498666,0.495367881436817,-0.378241929450859,0.594670533957741,-1.57475816917386,-0.126413457326716,0.732213935501483,-2.52641959759473,-0.463936461210937,0.0474222311518805,-0.249205859426414,-0.209389289730409,-0.903289334642739,-2.7463996400609,-0.117864387525423,1.27633394386376,0.0844090144271904,-1.17951434741859,-1.16351372980716e-13,2.23820961764432e-13
62,-0.292045766649118,-1.03146015465901,-2.72749077985141,2.13121092911179,-1.34659338912947,2.01145749142972,0.468040366218854,0.879801270088303,-0.351447273242278,4.17195605634697,0.549337632765264,-0.190299041107107,-0.840265568356628,-0.511795986414042,-0.961621218115594,-0.807399820789848,-0.0381584562308154,-1.0863677498989,0.962760470685902,-0.4698574322875,-1.24838660609073,-1.10155423868614,0.635441467419572,0.144413241831786,0.486612021394482,-0.437593869991112,0.90219833961564,1.30615379030475,-1.24895415660058,0.232861063673029,0.435124114200281,0.00432445957809194,0.318561385831858,0.434343145906541,-0.240748725550421,1.64756457681159,-0.237176865481477,0.013365796192472,-1.42339922714171,-0.28435325401478,-1.12798659301916e-13,-1.06581410364015e-14
63,0.00313657959272031,0.585106426603388,0.37410506722884,0.553317337880115,-0.0860810579387793,0.244045895049937,0.475540705838081,0.0784265916309635,-0.460897765192235,-1.31458495856448,-0.316178946401671,0.688542350724516,-0.654168422267057,-0.1794606447194,0.383447552072157,-0.513414946454729,0.599501769471032,0.457357661417579,-0.214216828916997,0.44341760455955,-0.722709418075556,-0.324864810191426,0.270512493587748,0.180136254303702,1.99035276449418,0.367651930658815,-0.194753570037425,0.603161442670207,-0.11658317715743,0.534469809135363,0.853433110077928,0.0835265019204176,-3.44637519585195,-1.75874317725946,-1.41216583645484,1.31553436767751,-0.849630258821248,-1.04306260412665,-0.586598445250552,-2.99820409203142,3.42059713887011e-13,-1.49213974509621e-13
64,-1.77371755129776,1.21766166188311,-0.259969126382943,-0.705908073704021,-2.85051545320359,-0.699107779472036,1.00987432031034,0.306771517121891,-0.859781452979467,2.49058216122753,-1.75772833037838,-1.39344040828754,-0.221190817659398,1.29468862711392,0.334148619862139,2.09014010071463,-0.440508268734127,0.986153377029843,-1.60492007221025,-1.72765613842196,-0.337911379677232,2.1182390663791,-1.51081588586203,-0.692765011155308,-0.581187951572628,-1.15207807296045,-1.71696188205496,0.297018820483963,2.38169321240707,-1.31798151784892,-0.719103963645824,0.437121708517053,-0.670226635700556,0.266425721669002,0.983437763579445,0.948167806731122,-1.44521681999427,-0.510897857947156,0.564384026578834,-0.846033270809671,-1.34559030584569e-13,1.27897692436818e-13
65,-1.19876881176528,-1.81709772024461,0.490588284672835,1.59343420279391,2.10483196147963,-2.0570534188238,-0.626469157378722,-4.06853462039721,1.07394167835838,1.35936300340003,0.508001794112626,1.74640608845227,-0.940287162950964,1.52262822085925,-0.840951774446808,1.18774321768093,-0.429747609749129,0.20673403317177,1.77346440059856,0.541374411819077,2.03127103918749,0.21561848507369,0.912145493373057,-0.0571056475886507,1.4728761144312,-0.336793702904215,0.299790148603501,1.32041952044203,1.05054630409608,-0.437969511286472,-0.367482431070108,0.642162906600297,-0.523688202059962,0.0929748044142364,0.436135869102278,0.0237623585941695,0.452678688127119,0.886602871348973,0.77640899273205,-0.492348063839557,-1.57651669496772e-13,2.20268248085631e-13
66,0.12689130973699,-0.0458562744571472,0.0836991657251356,-0.659103575028593,1.60931453699609,0.142674156662979,0.0584137112760215,-0.406699687682122,0.866210132955177,0.0615524753903741,0.283116205000198,0.149266629602931,0.106291811872764,0.127609802311065,-0.102035971332142,-0.284598265957325,0.702758809512821,1.58279770549981,-0.308890561160927,0.228605281441998,-0.56148152687376,0.0965132337230324,-0.0479766399383605,-0.229981248615081,0.0748303625695158,-0.82617340329092,0.270919839398318,0.226838519104486,-0.305541563121429,-0.687341748760493,1.57330576659447,0.832489822304676,0.345778741985161,-0.568490446418044,0.00782160763977473,-1.4272831234643,-2.22162821824078,-1.08241563023206,-0.757600627274047,-0.511475965470045,-3.77475828372553e-13,5.32907051820075e-14
67,-0.0667244130378737,-0.199720935017099,-0.173254584215316,-1.62525436565488,1.23512388951421,-0.185990458707945,-0.184731642937352,0.0594274638373246,-0.856109245222741,-0.504506934892571,0.303922950057989,-0.590887094694181,0.403475752025249,-0.499036063438404,-0.48581172134903,0.0881362763117261,-0.62760119340101,-0.847222133917875,0.338678834901364,-0.684827519821645,-0.954152395384102,0.951970155370193,-0.360046451633875,0.0397478027597512,0.867625501105008,-0.671835769172914,-3.14676279990144,-0.00652078261714078,-0.063035200526468,0.591683083921774,1.06779226770972,-1.23824437617045,0.790761556417743,0.431982350215667,0.516200366231889,1.29634603916523,1.64879378494593,0.798307107995677,-0.347317135217712,-0.308100201128129,3.13665760032222e-13,-1.65645275274073e-13
68,0.214688658072207,1.34522999631611,-1.38253182093739,-0.882187430704295,-0.291167667504562,-0.0967990568450116,-0.199894800875919,-0.574627575571785,0.499464699042622,1.09775731639134,-0.369246768854614,-2.70714516509276,-0.0305785134550115,1.72022603907228,-0.515970350104265,-0.851474326432551,-1.20731522852212,1.02686072529448,0.575469640033101,0.311850898239192,1.47276298815866,-1.57456302727165,-0.318231000423082,0.151674249315972,-1.83870696301126,0.158635533921681,-2.1909438021556,-0.181072021319968,0.615592710297178,1.77303116994127,0.0892894116467962,-0.619842790924469,0.351350356417236,-0.293562747967206,-1.30522663139128,0.103428014017293,1.90506590761184,-1.15343711770393,0.7875425545135,-0.35980050458292,4.52526904837214e-13,2.22044604925031e-13
69,-0.50760426170341,1.53161874243822,-0.33288169897767,0.749189261854461,-1.00092173258603,-1.291188442564,-1.60967630081068,2.20187287402579,-0.437689959117052,-1.23354886372239,1.75970307606106,0.697811945461895,-1.66977482884647,1.61741279630083,-0.126755777605872,1.61850631923149,-1.39789644850847,-1.33832609367714,1.29679097838409,-0.504718112460865,-1.21828219811806,0.381031044556882,2.238150198936,-1.49401281254139,-1.10176384838114,0.364924586442666,0.0337155993743585,0.380554535633847,-0.336754087814228,1.68858072517222,-0.717155713916429,-0.131961223423071,0.050754110913308,-0.108744303767373,0.116263680707733,-0.75291944867319,-0.167033719716631,0.185494908199064,-0.328067129757722,-0.952934727800118,3.53717055645575e-13,1.4210854715202e-13
70,0.395287617873887,-0.471182497551127,-1.18610413258731,-1.30304410815709,1.2817652933323,-0.09700320354767,1.23530026067436,0.600886845835089,1.04161762145033,1.12666886935279,0.00969266997786809,0.286173622745562,0.0548798290688932,0.282952223750034,-1.09176370445177,1.42052387330005,0.507234475315505,0.0878262577388708,-1.25382325938496,-0.312553874805184,1.67070431104126,-0.249404206789874,-0.628378633252056,1.005422163224,0.667782661580979,0.602490176791399,-1.62987470297694,-0.267314943582521,0.188633621546834,-1.04071338745434,0.0140044241211753,0.656102817639781,0.640746233246712,-1.74077294862321,-1.94854403661909,-0.736371276041148,0.138248793632936,0.129509713106505,0.00582798406519852,0.578243128436622,-6.01629857044372e-13,-9.59232693276135e-14
71,-1.57535101532596,-0.242158379046839,-0.695599666734674,-0.913477182400952,1.07330831054418,-0.161423761536701,1.05323975194758,-0.848382457105228,0.464166602904733,-0.00560447488943968,1.30388414792197,-2.46726965360182,-0.0790372824652766,0.0537259453044306,0.778163431302124,-1.8788085064292,-1.6681021084871,-0.0623114405141304,-0.068324049245609,1.40926098245924,-0.218924249181191,-1.36393711164467,-0.885950049937057,0.813760274603979,-0.77618019872803,1.26782135132107,1.05056530672376,0.37282899715275,0.141506050929175,0.198788026882217,-1.32684171233741,0.858457335993614,1.58261374407183,-1.29551674455821,0.751791053792732,-0.546202227240646,-0.896314948494557,1.43762312224026,-0.360184005603035,0.630249815126782,1.20126131264442e-13,3.5527136788005e-15
72,0.771959585870193,0.333732474382569,-0.187240765852884,-0.250608857713372,-0.18231511819851,1.07080119986563,-0.361470618547438,0.648534323219905,0.815732908705056,-0.590784448153637,-1.1145790839286,-1.36808344798762,0.531441880561069,-0.833951626007718,-0.389077487147209,0.314286380650539,-0.00233956594749373,0.307403099196843,0.49226551113075,1.01913522298601,1.55280061692288,1.92822837029785,-0.530574251977716,-0.24585543025127,-0.306913625399411,0.356665094261799,-1.20502735689933,-0.225840459980301,-1.26872555225888,-0.809032323299805,0.791147112023314,0.885881864727831,-1.04302047245551,-0.498941412177927,-0.554750937268036,-1.01314981190596,1.77495150440892,0.661577926543392,-0.771188740618734,0.0699436449043426,-8.41549052665869e-14,1.92068583260152e-14
73,0.679508166157007,-0.125081212349032,0.278627026895984,-0.449972414842232,0.40585369778711,0.741865835851596,0.932150963468887,0.831941508763589,0.164504818684933,-0.276689468506514,-0.468831298803823,-0.298240030885291,-0.199278618768733,-0.649485591865095,0.798352804633564,0.387654584865591,0.486324069847182,-0.272975681193494,0.862075752050203,-0.372352462246379,-0.175516301952779,0.00687304767768638,0.130740921340821,-0.251765198990917,-0.227785969107199,-0.193648439267185,0.551614763012897,0.981988917239973,-0.565312326829472,0.0710086265119362,0.0131497749476455,0.322308556254116,0.962595001823436,-0.851345682813604,-0.193455516589579,-0.484757222937239,-1.27958053588608,-0.478477704493394,0.937175884479407,-0.948836342645061,4.76840789076505e-14,2.8155255904494e-13
74,0.745371517980569,0.138904349377493,0.728627453285399,0.155303640342762,1.01751582268123,0.110028166060127,0.0133367665825941,0.516282523035332,0.578376988522138,0.095203117170154,1.0227097565123,-0.453119970506783,0.149806091001681,0.125831453665565,0.61682817001997,0.347332552865311,0.104627571270122,-1.97553897474736,-0.611922834114093,0.671565921504202,0.144220899570341,-0.235582720049437,-0.371609799645081,1.45679123141563,0.0265985565670458,0.0667120014396585,-0.5176595911719,1.16386415377573,0.577540174133873,-0.785641437291299,1.22881579198635,0.180904259884689,-0.60690953444191,1.27036840236716,2.03274603085943,0.601412792539553,-1.01657990443537,0.159825130394033,-0.0864839621769283,-1.00052615189154,-1.9087509350868e-13,1.66977542903624e-13
75,0.0917909781121925,0.834371272814058,0.355623826992275,0.332508579629553,0.233867601606595,1.53814787055751,-0.897134515532167,-1.30053619509469,1.18136143278111,0.585720897660321,0.563167399714399,0.318172298071924,0.0698944879254747,0.353738362496084,0.731047554439233,-1.00079760359709,1.39911955312209,0.203089509919762,0.606869674590535,-0.762593541382715,0.14093062209323,-0.34304196120245,-1.43343238349006,1.66155719975066,-0.17568811777291,-0.940343557353903,0.048891249298006,-1.81413258254125,0.341822261442457,0.875204075995517,0.464606936497844,1.26140276165302,-0.887029769615573,0.334760639747468,-0.599993721826228,1.48657321923538,1.25039255200294,0.242143121306461,0.335327335184053,-0.534327094838788,-3.05533376376843e-13,-4.08562073062058e-13
76,0.357456678283049,-0.774174439961606,-1.89317613093975,3.9291703916461,-0.0451565917033481,-1.70157107783927,2.16961995575798,-0.258033922410818,0.194367893510766,-0.471472734039473,-1.08311631033503,-1.79540268573257,0.946338261655006,0.0494799904916387,0.556801739097088,-0.913349215208369,-1.02157844512133,-0.406560890390638,0.369545565642795,2.89560306178738,-0.794362618976112,0.458922636695533,-0.823834312415478,-1.09105021097046,-0.0545121260600462,-0.308804854354198,0.0880290485212751,-0.169288520058366,0.0565315027822454,-1.41842795098771,-0.804822535217248,-1.76160722480887,-1.59404329521853,0.877119433553577,-1.45433851858123,0.281197011796546,0.726941169424849,-0.720273750224746,0.97016342719582,0.0997069138948542,2.75779399316889e-13,-2.27373675443232e-13
77,-0.530489576446199,0.636735970218533,-0.395904784735029,0.98080057351494,-0.0646717492057914,0.428918020658867,0.343317310629054,0.190259894868357,0.597903117133224,-0.959718893659476,0.659372403437815,-1.01884513207315,-1.23342547642054,-1.20390943680332,-0.871562453876011,1.3295855567397,0.131845005703202,0.255564105284317,-1.62857827503388,0.476246770641112,-1.15965207127119,1.40592415924036,0.0199625665544393,0.322903282155458,1.4128196109607,0.4430076768956,0.154969049010895,1.14475168880765,-0.947111423139464,1.16698764102668,0.672781722355952,-0.263255355145358,1.99462812156967,0.0988132200160341,0.914408004769927,-0.213063468092239,0.906619893219946,0.942403900013416,0.147380829596413,-0.469717214582501,6.70574706873595e-14,1.29674049276218e-13
78,-1.49514534305112,-0.753457052558806,1.25106868116832,-0.67453132177576,-0.263419156449661,0.307626002057438,0.160926265487027,0.200583695080637,1.15521995529985,-0.46927063266468,-1.00118546851711,-0.0137189145224282,0.0108237046130642,-1.15323821689319,-0.572575557183137,1.22354494539464,-0.942337809929677,0.125336579564944,0.0745159174388722,-1.15565727465134,-0.68056878694345,0.183697674002402,0.150491880189891,-0.444855154170022,-1.12615495510665,-1.39397780533285,1.19430227513834,-0.59122745238208,0.0498776865148863,-1.49720557130979,-0.289862674003823,0.630500452707866,-1.30601724960376,1.54593635515175,0.747466412695304,1.46552180291272,1.14604765366044,2.65202839580612,-0.557362374746502,0.317039281527998,3.11639603012281e-13,-1.08357767203415e-13
79,-0.943429516678129,-0.104529418865883,-0.327631489932718,-0.0229867914128438,0.70467701804822,0.808795209128641,0.369415998968486,-0.668029312875956,-0.484312366009999,0.881568935937139,0.666473341355297,0.295006274535919,-0.0801209780862403,-0.245147861090419,-0.965880774785213,0.778261173571031,-0.480739161475513,0.55103849958183,-0.755218477553973,0.190066417561226,-0.521213471376454,-0.429313443424424,-1.45015045469229,0.223120174930683,1.83003694229205,-0.163424022495745,-0.460016907398704,0.0149530677393557,-2.1657873093244,0.0747713382795436,-0.0793471136383702,-3.05558183236665,-0.451051439184937,0.554337565071662,1.35417647791794,-0.916155935443048,-1.29576092486254,0.326776441713957,1.31843547108907,0.06364035813428,4.8017145815038e-13,-2.70894418008538e-13
80,1.26100316280545,0.746127815720692,-1.06495125048947,0.696773601509801,0.033267896706096,-1.33024052111354,-2.17405433969411,2.10955303036403,-0.766495384805819,0.131380898728084,1.45135879312215,-0.0524300107433513,0.229458195669529,0.757849893813982,-0.108109370755632,-3.31426089019636,-2.36664063366886,1.55118557350931,-0.571915613566918,-2.01766370497584,0.777934223125649,1.85618971011932,-2.08859272353159,2.54848941787092,2.86271232618285,-0.869215051162386,1.41807057449464,0.614879849079631,1.10177960662434,-0.58120940534675,0.530380065431475,0.482511926686885,0.199472415522265,0.992349563062812,0.303832008496666,-0.839200224787015,0.19093485763142,-0.0315818285471053,1.40148123860535,-0.141702356372789,1.23900889548167e-13,1.35003119794419e-13
81,0.475620450051507,0.630231349817556,0.51088273938543,0.353180972533467,0.797514485271764,0.528708146386411,-0.196582356803587,-0.361838593705008,0.375329619135783,-1.72619516999231,0.808539511745654,0.268424926014557,1.88492008155413,-0.360681027479521,0.808996547630917,-0.664493285048612,1.35845914078029,-0.0731894641830103,0.0405690909645809,-0.2092061537989,-0.253789612674495,-0.176159376421495,-0.0754426720922295,-0.0242007077553532,-0.23011680127985,0.495830332275041,-0.254525095227168,0.433412626501178,0.494969602983678,-0.351407587883147,0.274156910830688,0.239754263872919,0.463149196345827,0.0983433120302413,0.126079341316704,1.16727819336028,1.55580271213139,-0.802651620720263,-0.482946255822569,-0.855128844768707,2.99260616287711e-13,-4.08562073062058e-14
82,0.248847256283233,-0.820358735196447,-0.728816103588133,-0.631397805181986,2.01459430573217,-0.239067139568066,0.454201723728663,0.131874777093479,2.64959657887161,0.263472952600791,-1.31029085165193,-0.657883125966735,-1.2624356265163,-1.45796576108072,2.58840112827294,-0.750615204354181,-1.59674041587084,-1.38878336028549,1.27105719234392,-2.29784860977321,0.247400695639062,0.948000416391216,0.909730151174044,0.960169656140906,-0.833944047346732,-1.19875047891198,0.800659683430957,-0.498650031164034,0.871183942236091,0.979501709987023,-0.26058299977501,-0.936002738663798,-1.05965972371954,-0.0662346209733851,0.24555326563257,0.0482912194115113,-0.0810179654172239,-0.225437454467152,-0.0199318906101042,-1.0411655698076,-1.09245945623115e-13,1.04805053524615e-13
83,0.333946907112563,-1.63414363282548,-0.523745212732442,0.0212397453093081,1.38684078988277,0.158422295989243,-1.37476982530291,-0.35664045225743,-1.31537758460833,-0.607391148578423,0.927385350775311,0.150153163349055,-0.710065083182086,-0.720290708977192,1.15907325956011,1.27267714565941,-1.54526617691233,0.656617419723725,-1.30587131676941,0.288915986458691,-0.27640520672237,0.16559816335612,0.606140585629848,-0.0364910963399235,-0.407705961775287,0.114133066769178,-0.700814814653469,-0.363366050256058,-0.743370234173058,-0.292618638162952,-0.281885023395208,1.05051085360534,-0.704436586436503,0.387892915542387,-2.25788812560273,0.342602999158346,-0.364693454210375,1.56714067513445,-0.302458960600948,0.610400261547136,3.70814490224802e-13,7.105427357601e-15
84,-0.0211478562987739,1.04895451079352,2.19396374169226,0.232561368551818,-1.35445873298374,-2.42267376402877,-1.0689953433321,0.140998919856484,0.0122487485865898,-0.964374125847709,-0.931706254785816,0.296682210080346,-1.55903376402249,-2.45419820494535,-0.982982853545979,-0.409003302809001,-1.26039791498951,0.536521144511457,-1.86491631139598,-0.352349655779948,1.35078485683473,-1.38040930829535,-0.248785543935902,-0.328663139950708,-0.374008054959969,0.986096296341108,0.221582164333998,1.96440323779029,-0.973134175089545,1.20021949244606,-1.63744775261883,-0.449473244521998,0.385875947746687,-0.513786710620802,-0.62711905275344,0.33854775794286,0.699310663696998,0.0291858633353101,-0.00665095063363913,-1.46115354699035,-3.73701070088828e-13,-3.41060513164848e-13
85,-0.341731350434173,0.269523519965886,-0.322105107311399,-0.28221202610897,1.07643458025353,-0.327702697499372,0.293364650862542,1.14613502510932,0.159467749769538,0.911439951389328,-0.282929687407652,0.176306164830666,-0.137739495893937,-0.322069864675322,-1.06089336816085,0.204577774502448,0.85129086276763,-0.502655200831233,0.913198947543339,0.410306034776782,0.175820422409086,-0.11853472346216,0.967176698638955,1.15542421759907,-0.631274055193486,-0.192375580251075,0.736935895741983,0.521911912238493,0.491588749592404,-0.228955333952921,-0.734161643762494,1.71147234182651,0.625252871935067,-0.959958158428476,-0.404142264776439,0.210621300346549,0.80184088955707,1.72670455639377,-0.785029050974644,-0.266509300373217,4.3998138465895e-13,1.11910480882216e-13
86,0.0109571023485108,0.0297168578874657,0.408895349642075,0.228786889658523,1.06532859928702,-0.557228164183542,1.1902349808882,0.813140189571141,0.297801842714918,0.147356407874939,0.312037938923355,0.356417655899108,-0.469354810667734,0.915747461100651,-0.709351167333209,0.368302849440258,0.902036787961157,-0.845092809906969,-0.874298146956826,0.150267910478587,-1.72400836755764,-0.838829357181639,0.486291104015475,-0.0397750067371987,0.595852427344674,-0.84112341821093,-0.379911362479162,-0.556362377617409,1.28153976708137,0.267917905462484,-1.41776938137993,0.1626584651594,0.562184099412589,1.71502338115381,0.311996085089789,-2.64592962885151,0.143853224457101,-0.368347350942595,-1.13992809803391,-0.485815785705155,3.8594127893532e-13,-9.45910016980633e-14
87,0.376485663298983,0.970226169125957,-0.268056592527647,-1.04293439031664,-0.230482261897837,0.406737474796675,-0.527933175081215,0.615951114278263,-0.564195496091994,0.401115684526532,-0.495459905251048,-0.421665405120388,-0.139819437362244,-0.061307635522436,0.792242836578269,1.21823549773362,0.0787893385843089,0.265024706303249,1.92719130293326,1.52394089089055,0.118095270069395,-0.637831567645038,2.06961133040037,0.388361267161006,0.821826438361458,-1.41953080414181,-0.114054740232035,1.40612244524841,0.212571100024745,-1.6671848553537,0.675220339436897,0.483702183288701,-0.313873467736461,-0.871472567588247,-0.257778734883512,-0.697793189371511,-0.0415764373225054,0.539232367212308,1.79910256237518,-0.911183096594487,-3.17523785042795e-14,-2.30926389122033e-13
